From→To,ARI,CommonCountries
2000–2009 → 2010–2014,0.5278476305930145,258
2010–2014 → 2015–2019,0.29306374856629763,259
