cluster,Inflation,Unemployment,Trade,Debt,Credit_to_Private_Sector,NPLs,GDP_Growth,GDP
0,0.36300714800128336,-0.28115518792273475,-0.27184793374721805,-0.13832033387952078,-0.4680546929137346,0.18205828416626202,0.5395666365118356,0.23728287902891562
1,-0.11800076628191136,0.5123166734073117,0.25546277671277673,0.18548579408090954,-0.30216253050575864,-0.07962527922911986,-0.5707035516300666,-0.8653797124450804
2,-0.7163149593783928,-0.2512248442571165,0.21646378751086562,0.003858707787650972,1.7935595804466788,-0.32010288378006607,-0.307740638462509,1.0411843165644639
