cluster,Inflation,Unemployment,Trade,Debt,Credit_to_Private_Sector,NPLs,GDP_Growth,GDP
0,-0.03384016007463623,0.07225214770551529,-0.036791906408674246,-0.19387667198737876,-0.4630533806693241,0.1436841595357715,0.052191519347871314,-0.39911259356798295
1,10.507767854824934,-0.32978173027229973,-0.2927957745011074,-0.10348795374235632,-0.7807441632412776,-0.235374580732924,-2.4912829372966643,-0.3550310218790462
2,-0.19763715221321917,-0.1675010609275293,0.0975801389571947,0.4758187584156652,1.1506700931862517,-0.3443126937810709,-0.06091309554756164,0.9833022222226542
