{
  "PC1": 0.20674855009271134,
  "PC2": 0.17201504844918217
}