Country,Year_prev,Year,k,neighbor_stability
Mali,1975,1976,12,0.0909090909
IBRD only,1975,1976,12,0.2631578947
Denmark,1975,1976,12,0.0909090909
Tonga,1975,1976,12,0.2000000000
Europe & Central Asia,1975,1976,12,0.3333333333
Guam,1975,1976,12,0.0434782609
Madagascar,1975,1976,12,0.0909090909
Ethiopia,1975,1976,12,0.2000000000
Brunei Darussalam,1975,1976,12,0.0434782609
Iceland,1975,1976,12,0.0000000000
Pacific island small states,1975,1976,12,0.2000000000
Burundi,1975,1976,12,0.0434782609
Bahrain,1975,1976,12,0.1428571429
Ghana,1975,1976,12,0.0434782609
Gabon,1975,1976,12,0.0909090909
IDA only,1975,1976,12,0.1428571429
New Zealand,1975,1976,12,0.0434782609
Samoa,1975,1976,12,0.0000000000
Kenya,1975,1976,12,0.0909090909
Brazil,1975,1976,12,0.0909090909
Euro area,1975,1976,12,0.3333333333
Greece,1975,1976,12,0.0434782609
American Samoa,1975,1976,12,0.0909090909
Niger,1975,1976,12,0.0909090909
Panama,1975,1976,12,0.0909090909
Seychelles,1975,1976,12,0.0909090909
Zimbabwe,1975,1976,12,0.1428571429
Germany,1975,1976,12,0.0434782609
"Hong Kong SAR, China",1975,1976,12,0.0000000000
Sub-Saharan Africa (IDA & IBRD countries),1975,1976,12,0.2000000000
France,1975,1976,12,0.2000000000
Suriname,1975,1976,12,0.0000000000
Sri Lanka,1975,1976,12,0.0000000000
Trinidad and Tobago,1975,1976,12,0.0000000000
"Middle East, North Africa, Afghanistan & Pakistan (excluding high income)",1975,1976,12,0.0434782609
"Congo, Dem. Rep.",1975,1976,12,0.3333333333
South Asia,1975,1976,12,0.0909090909
El Salvador,1975,1976,12,0.0909090909
Fiji,1975,1976,12,0.0909090909
French Polynesia,1975,1976,12,0.0909090909
Palau,1975,1976,12,0.2000000000
Pakistan,1975,1976,12,0.0434782609
Austria,1975,1976,12,0.0000000000
Maldives,1975,1976,12,0.1428571429
South Africa,1975,1976,12,0.0434782609
Guyana,1975,1976,12,0.0434782609
Turkiye,1975,1976,12,0.0909090909
Solomon Islands,1975,1976,12,0.0000000000
Kuwait,1975,1976,12,0.0434782609
Marshall Islands,1975,1976,12,0.0434782609
Morocco,1975,1976,12,0.0909090909
Puerto Rico (US),1975,1976,12,0.0000000000
Philippines,1975,1976,12,0.0434782609
Syrian Arab Republic,1975,1976,12,0.0909090909
Cyprus,1975,1976,12,0.0000000000
Caribbean small states,1975,1976,12,0.0000000000
Mauritius,1975,1976,12,0.0434782609
Jamaica,1975,1976,12,0.0909090909
Bhutan,1975,1976,12,0.0434782609
Senegal,1975,1976,12,0.0434782609
"Somalia, Fed. Rep.",1975,1976,12,0.0434782609
"Korea, Rep.",1975,1976,12,0.0909090909
World,1975,1976,12,0.4117647059
Sao Tome and Principe,1975,1976,12,0.0000000000
Monaco,1975,1976,12,0.0000000000
Greenland,1975,1976,12,0.0434782609
Belgium,1975,1976,12,0.1428571429
European Union,1975,1976,12,0.3333333333
Cambodia,1975,1976,12,0.0000000000
Togo,1975,1976,12,0.1428571429
Bangladesh,1975,1976,12,0.0000000000
Colombia,1975,1976,12,0.1428571429
"Gambia, The",1975,1976,12,0.0434782609
Faroe Islands,1975,1976,12,0.0909090909
East Asia & Pacific (excluding high income),1975,1976,12,0.0434782609
China,1975,1976,12,0.0909090909
Pre-demographic dividend,1975,1976,12,0.0434782609
Israel,1975,1976,12,0.0000000000
South Asia (IDA & IBRD),1975,1976,12,0.0909090909
High income,1975,1976,12,0.3333333333
East Asia & Pacific,1975,1976,12,0.1428571429
Mauritania,1975,1976,12,0.0909090909
Late-demographic dividend,1975,1976,12,0.2631578947
Africa Western and Central,1975,1976,12,0.0434782609
Latin America & Caribbean,1975,1976,12,0.1428571429
Lower middle income,1975,1976,12,0.0000000000
Tanzania,1975,1976,12,0.2000000000
Costa Rica,1975,1976,12,0.0909090909
"Congo, Rep.",1975,1976,12,0.2000000000
Fragile and conflict affected situations,1975,1976,12,0.0000000000
Nauru,1975,1976,12,0.0434782609
Australia,1975,1976,12,0.0434782609
St. Kitts and Nevis,1975,1976,12,0.1428571429
Small states,1975,1976,12,0.0000000000
Antigua and Barbuda,1975,1976,12,0.0909090909
Low & middle income,1975,1976,12,0.2631578947
Nicaragua,1975,1976,12,0.1428571429
Middle income,1975,1976,12,0.2631578947
"Bahamas, The",1975,1976,12,0.0000000000
Sierra Leone,1975,1976,12,0.0909090909
Sub-Saharan Africa,1975,1976,12,0.2631578947
Upper middle income,1975,1976,12,0.2631578947
Zambia,1975,1976,12,0.1428571429
Latin America & Caribbean (excluding high income),1975,1976,12,0.0909090909
Other small states,1975,1976,12,0.0000000000
Rwanda,1975,1976,12,0.0434782609
Finland,1975,1976,12,0.0434782609
Guatemala,1975,1976,12,0.0434782609
Nigeria,1975,1976,12,0.2000000000
Post-demographic dividend,1975,1976,12,0.3333333333
Lesotho,1975,1976,12,0.0434782609
Spain,1975,1976,12,0.0000000000
Least developed countries: UN classification,1975,1976,12,0.0909090909
Barbados,1975,1976,12,0.0000000000
"Middle East, North Africa, Afghanistan & Pakistan",1975,1976,12,0.0434782609
Sub-Saharan Africa (excluding high income),1975,1976,12,0.2000000000
Early-demographic dividend,1975,1976,12,0.0909090909
Botswana,1975,1976,12,0.0000000000
"Iran, Islamic Rep.",1975,1976,12,0.0434782609
North America,1975,1976,12,0.0434782609
Liberia,1975,1976,12,0.0434782609
Japan,1975,1976,12,0.0000000000
Liechtenstein,1975,1976,12,0.0434782609
Switzerland,1975,1976,12,0.2000000000
United Kingdom,1975,1976,12,0.0000000000
United Arab Emirates,1975,1976,12,0.0434782609
Malaysia,1975,1976,12,0.0434782609
Argentina,1975,1976,12,0.0909090909
Singapore,1975,1976,12,0.0000000000
Eswatini,1975,1976,12,0.2000000000
Bolivia,1975,1976,12,0.1428571429
Myanmar,1975,1976,12,0.0909090909
Arab World,1975,1976,12,0.0434782609
Ireland,1975,1976,12,0.0909090909
Burkina Faso,1975,1976,12,0.0909090909
Georgia,1975,1976,12,0.0000000000
Ecuador,1975,1976,12,0.0434782609
Sweden,1975,1976,12,0.1428571429
Andorra,1975,1976,12,0.0909090909
IDA & IBRD total,1975,1976,12,0.2631578947
Jordan,1975,1976,12,0.0000000000
Libya,1975,1976,12,0.1428571429
Cameroon,1975,1976,12,0.0909090909
Chile,1975,1976,12,0.0000000000
Peru,1975,1976,12,0.0434782609
Mexico,1975,1976,12,0.2631578947
Africa Eastern and Southern,1975,1976,12,0.1428571429
Central African Republic,1975,1976,12,0.0434782609
Latin America & the Caribbean (IDA & IBRD countries),1975,1976,12,0.1428571429
Canada,1975,1976,12,0.0000000000
OECD members,1975,1976,12,0.3333333333
IDA blend,1975,1976,12,0.0000000000
Norway,1975,1976,12,0.2000000000
Benin,1975,1976,12,0.1428571429
Chad,1975,1976,12,0.0909090909
Hungary,1975,1976,12,0.0000000000
Kiribati,1975,1976,12,0.0909090909
"Middle East, North Africa, Afghanistan & Pakistan (IDA & IBRD)",1975,1976,12,0.0909090909
IDA total,1975,1976,12,0.0000000000
Guinea,1975,1976,12,0.0000000000
Iraq,1975,1976,12,0.0434782609
Netherlands,1975,1976,12,0.2000000000
Belize,1975,1976,12,0.0434782609
Algeria,1975,1976,12,0.0909090909
Saudi Arabia,1975,1976,12,0.0000000000
Guinea-Bissau,1975,1976,12,0.0000000000
Cuba,1975,1976,12,0.0434782609
Qatar,1975,1976,12,0.3333333333
United States,1975,1976,12,0.0434782609
Papua New Guinea,1975,1976,12,0.0434782609
Heavily indebted poor countries (HIPC),1975,1976,12,0.0909090909
Indonesia,1975,1976,12,0.0434782609
Haiti,1975,1976,12,0.0434782609
Portugal,1975,1976,12,0.0909090909
Thailand,1975,1976,12,0.0000000000
Dominican Republic,1975,1976,12,0.0909090909
Nepal,1975,1976,12,0.0000000000
Cote d'Ivoire,1975,1976,12,0.0909090909
"Micronesia, Fed. Sts.",1975,1976,12,0.1428571429
Paraguay,1975,1976,12,0.0434782609
Malawi,1975,1976,12,0.0000000000
Equatorial Guinea,1975,1976,12,0.0434782609
Isle of Man,1975,1976,12,0.0000000000
Italy,1975,1976,12,0.2000000000
"Egypt, Arab Rep.",1975,1976,12,0.0434782609
Low income,1975,1976,12,0.2631578947
Tunisia,1975,1976,12,0.1428571429
Uganda,1975,1976,12,0.3333333333
Luxembourg,1975,1976,12,0.0000000000
"Venezuela, RB",1975,1976,12,0.0434782609
Oman,1975,1976,12,0.0909090909
Tuvalu,1975,1976,12,0.1428571429
New Caledonia,1975,1976,12,0.0909090909
Malta,1975,1976,12,0.0909090909
Honduras,1975,1976,12,0.0909090909
Bermuda,1975,1976,12,0.0909090909
India,1975,1976,12,0.0000000000
St. Vincent and the Grenadines,1975,1976,12,0.0000000000
Uruguay,1975,1976,12,0.0434782609
Sudan,1975,1976,12,0.0434782609
East Asia & Pacific (IDA & IBRD countries),1975,1976,12,0.0434782609
Mali,1976,1977,12,0.0434782609
IBRD only,1976,1977,12,0.4117647059
Denmark,1976,1977,12,0.0000000000
Tonga,1976,1977,12,0.1428571429
Europe & Central Asia,1976,1977,12,0.0909090909
Madagascar,1976,1977,12,0.0434782609
Ethiopia,1976,1977,12,0.2000000000
Brunei Darussalam,1976,1977,12,0.0909090909
Iceland,1976,1977,12,0.0909090909
Pacific island small states,1976,1977,12,0.0000000000
Burundi,1976,1977,12,0.2000000000
Bahrain,1976,1977,12,0.1428571429
Ghana,1976,1977,12,0.0909090909
Gabon,1976,1977,12,0.0909090909
IDA only,1976,1977,12,0.0434782609
New Zealand,1976,1977,12,0.0434782609
Samoa,1976,1977,12,0.0909090909
Kenya,1976,1977,12,0.0000000000
Brazil,1976,1977,12,0.0000000000
Euro area,1976,1977,12,0.0909090909
Greece,1976,1977,12,0.2631578947
American Samoa,1976,1977,12,0.0000000000
Niger,1976,1977,12,0.0909090909
Panama,1976,1977,12,0.0909090909
Seychelles,1976,1977,12,0.2000000000
Zimbabwe,1976,1977,12,0.0000000000
Germany,1976,1977,12,0.0000000000
"Hong Kong SAR, China",1976,1977,12,0.0000000000
Sub-Saharan Africa (IDA & IBRD countries),1976,1977,12,0.2631578947
France,1976,1977,12,0.0909090909
Suriname,1976,1977,12,0.0000000000
Sri Lanka,1976,1977,12,0.0434782609
Trinidad and Tobago,1976,1977,12,0.3333333333
"Middle East, North Africa, Afghanistan & Pakistan (excluding high income)",1976,1977,12,0.0434782609
"Congo, Dem. Rep.",1976,1977,12,0.0909090909
South Asia,1976,1977,12,0.0909090909
El Salvador,1976,1977,12,0.0909090909
Fiji,1976,1977,12,0.0434782609
French Polynesia,1976,1977,12,0.0000000000
Palau,1976,1977,12,0.1428571429
Pakistan,1976,1977,12,0.0000000000
Austria,1976,1977,12,0.0000000000
Maldives,1976,1977,12,0.0000000000
South Africa,1976,1977,12,0.0000000000
Guyana,1976,1977,12,0.0434782609
Turkiye,1976,1977,12,0.0000000000
Solomon Islands,1976,1977,12,0.0000000000
Kuwait,1976,1977,12,0.0434782609
Marshall Islands,1976,1977,12,0.2000000000
Morocco,1976,1977,12,0.0434782609
Puerto Rico (US),1976,1977,12,0.0000000000
Philippines,1976,1977,12,0.2631578947
Syrian Arab Republic,1976,1977,12,0.0000000000
Cyprus,1976,1977,12,0.1428571429
Caribbean small states,1976,1977,12,0.0434782609
Mauritius,1976,1977,12,0.0000000000
Jamaica,1976,1977,12,0.0434782609
Bhutan,1976,1977,12,0.1428571429
Senegal,1976,1977,12,0.0434782609
"Somalia, Fed. Rep.",1976,1977,12,0.0000000000
"Korea, Rep.",1976,1977,12,0.0909090909
World,1976,1977,12,0.5000000000
Sao Tome and Principe,1976,1977,12,0.0434782609
Monaco,1976,1977,12,0.0909090909
Greenland,1976,1977,12,0.1428571429
Belgium,1976,1977,12,0.1428571429
European Union,1976,1977,12,0.0909090909
Cambodia,1976,1977,12,0.0000000000
Togo,1976,1977,12,0.0000000000
Bangladesh,1976,1977,12,0.1428571429
Colombia,1976,1977,12,0.2631578947
"Gambia, The",1976,1977,12,0.0000000000
Faroe Islands,1976,1977,12,0.2000000000
East Asia & Pacific (excluding high income),1976,1977,12,0.0909090909
China,1976,1977,12,0.0434782609
Pre-demographic dividend,1976,1977,12,0.0000000000
Israel,1976,1977,12,0.0434782609
South Asia (IDA & IBRD),1976,1977,12,0.0909090909
High income,1976,1977,12,0.5000000000
East Asia & Pacific,1976,1977,12,0.2000000000
Mauritania,1976,1977,12,0.0909090909
Late-demographic dividend,1976,1977,12,0.0434782609
Africa Western and Central,1976,1977,12,0.3333333333
Latin America & Caribbean,1976,1977,12,0.1428571429
Lower middle income,1976,1977,12,0.0000000000
Tanzania,1976,1977,12,0.1428571429
Costa Rica,1976,1977,12,0.0000000000
"Congo, Rep.",1976,1977,12,0.1428571429
Fragile and conflict affected situations,1976,1977,12,0.0434782609
Nauru,1976,1977,12,0.0434782609
Australia,1976,1977,12,0.2000000000
St. Kitts and Nevis,1976,1977,12,0.0434782609
Small states,1976,1977,12,0.0434782609
Antigua and Barbuda,1976,1977,12,0.0909090909
Low & middle income,1976,1977,12,0.4117647059
Nicaragua,1976,1977,12,0.0000000000
Middle income,1976,1977,12,0.4117647059
"Bahamas, The",1976,1977,12,0.0000000000
Sierra Leone,1976,1977,12,0.0434782609
Sub-Saharan Africa,1976,1977,12,0.2631578947
Upper middle income,1976,1977,12,0.3333333333
Zambia,1976,1977,12,0.1428571429
Latin America & Caribbean (excluding high income),1976,1977,12,0.1428571429
Other small states,1976,1977,12,0.0434782609
Rwanda,1976,1977,12,0.0000000000
Finland,1976,1977,12,0.0909090909
Guatemala,1976,1977,12,0.0434782609
Nigeria,1976,1977,12,0.2000000000
Post-demographic dividend,1976,1977,12,0.4117647059
Lesotho,1976,1977,12,0.0909090909
Spain,1976,1977,12,0.0434782609
Least developed countries: UN classification,1976,1977,12,0.0000000000
Barbados,1976,1977,12,0.0434782609
"Middle East, North Africa, Afghanistan & Pakistan",1976,1977,12,0.0000000000
Sub-Saharan Africa (excluding high income),1976,1977,12,0.2631578947
Early-demographic dividend,1976,1977,12,0.0000000000
Botswana,1976,1977,12,0.0909090909
"Iran, Islamic Rep.",1976,1977,12,0.0909090909
North America,1976,1977,12,0.3333333333
Liberia,1976,1977,12,0.0909090909
Japan,1976,1977,12,0.0000000000
Liechtenstein,1976,1977,12,0.0434782609
Switzerland,1976,1977,12,0.1428571429
United Kingdom,1976,1977,12,0.0434782609
United Arab Emirates,1976,1977,12,0.0434782609
Malaysia,1976,1977,12,0.0909090909
Argentina,1976,1977,12,0.0000000000
Singapore,1976,1977,12,0.0434782609
Eswatini,1976,1977,12,0.0434782609
Bolivia,1976,1977,12,0.0000000000
Myanmar,1976,1977,12,0.0909090909
Arab World,1976,1977,12,0.0909090909
Ireland,1976,1977,12,0.0909090909
Burkina Faso,1976,1977,12,0.0434782609
Georgia,1976,1977,12,0.0434782609
Ecuador,1976,1977,12,0.1428571429
Sweden,1976,1977,12,0.0434782609
Andorra,1976,1977,12,0.0909090909
IDA & IBRD total,1976,1977,12,0.4117647059
Jordan,1976,1977,12,0.0434782609
Libya,1976,1977,12,0.2000000000
Cameroon,1976,1977,12,0.0000000000
Chile,1976,1977,12,0.0434782609
Peru,1976,1977,12,0.0909090909
Mexico,1976,1977,12,0.1428571429
Africa Eastern and Southern,1976,1977,12,0.0909090909
Central African Republic,1976,1977,12,0.0434782609
Latin America & the Caribbean (IDA & IBRD countries),1976,1977,12,0.1428571429
Canada,1976,1977,12,0.0000000000
OECD members,1976,1977,12,0.5000000000
IDA blend,1976,1977,12,0.0434782609
Norway,1976,1977,12,0.0434782609
Benin,1976,1977,12,0.0434782609
Chad,1976,1977,12,0.0434782609
Hungary,1976,1977,12,0.0434782609
Kiribati,1976,1977,12,0.0434782609
"Middle East, North Africa, Afghanistan & Pakistan (IDA & IBRD)",1976,1977,12,0.0909090909
IDA total,1976,1977,12,0.0000000000
Guinea,1976,1977,12,0.0434782609
Iraq,1976,1977,12,0.0434782609
Netherlands,1976,1977,12,0.3333333333
Belize,1976,1977,12,0.0909090909
Algeria,1976,1977,12,0.0909090909
Saudi Arabia,1976,1977,12,0.0434782609
Guinea-Bissau,1976,1977,12,0.0000000000
Cuba,1976,1977,12,0.0434782609
Qatar,1976,1977,12,0.2000000000
United States,1976,1977,12,0.3333333333
Papua New Guinea,1976,1977,12,0.0909090909
Heavily indebted poor countries (HIPC),1976,1977,12,0.0909090909
Indonesia,1976,1977,12,0.2000000000
Haiti,1976,1977,12,0.0909090909
Portugal,1976,1977,12,0.0434782609
Thailand,1976,1977,12,0.0000000000
Dominican Republic,1976,1977,12,0.0434782609
Nepal,1976,1977,12,0.1428571429
Cote d'Ivoire,1976,1977,12,0.0434782609
"Micronesia, Fed. Sts.",1976,1977,12,0.2000000000
Paraguay,1976,1977,12,0.0909090909
Malawi,1976,1977,12,0.2000000000
Equatorial Guinea,1976,1977,12,0.1428571429
Isle of Man,1976,1977,12,0.0434782609
Italy,1976,1977,12,0.0909090909
"Egypt, Arab Rep.",1976,1977,12,0.0000000000
Low income,1976,1977,12,0.3333333333
Tunisia,1976,1977,12,0.0909090909
Uganda,1976,1977,12,0.2631578947
Luxembourg,1976,1977,12,0.0434782609
"Venezuela, RB",1976,1977,12,0.0000000000
Oman,1976,1977,12,0.0434782609
Tuvalu,1976,1977,12,0.2000000000
New Caledonia,1976,1977,12,0.0000000000
Malta,1976,1977,12,0.1428571429
Honduras,1976,1977,12,0.0909090909
Bermuda,1976,1977,12,0.0909090909
India,1976,1977,12,0.0434782609
St. Vincent and the Grenadines,1976,1977,12,0.0434782609
Uruguay,1976,1977,12,0.2000000000
Sudan,1976,1977,12,0.0000000000
East Asia & Pacific (IDA & IBRD countries),1976,1977,12,0.0909090909
Mali,1977,1978,12,0.0434782609
IBRD only,1977,1978,12,0.5000000000
Denmark,1977,1978,12,0.0000000000
Tonga,1977,1978,12,0.0434782609
Europe & Central Asia,1977,1978,12,0.2000000000
Madagascar,1977,1978,12,0.0909090909
Ethiopia,1977,1978,12,0.0434782609
Brunei Darussalam,1977,1978,12,0.0909090909
Iceland,1977,1978,12,0.0909090909
Pacific island small states,1977,1978,12,0.0434782609
Burundi,1977,1978,12,0.0434782609
Bahrain,1977,1978,12,0.0000000000
Ghana,1977,1978,12,0.0000000000
Gabon,1977,1978,12,0.0909090909
IDA only,1977,1978,12,0.2000000000
New Zealand,1977,1978,12,0.0000000000
Samoa,1977,1978,12,0.0000000000
Kenya,1977,1978,12,0.0000000000
Brazil,1977,1978,12,0.2000000000
Euro area,1977,1978,12,0.2631578947
Greece,1977,1978,12,0.0909090909
American Samoa,1977,1978,12,0.0434782609
Niger,1977,1978,12,0.0000000000
Panama,1977,1978,12,0.0000000000
Seychelles,1977,1978,12,0.0434782609
Zimbabwe,1977,1978,12,0.0434782609
Germany,1977,1978,12,0.3333333333
"Hong Kong SAR, China",1977,1978,12,0.0434782609
Sub-Saharan Africa (IDA & IBRD countries),1977,1978,12,0.0909090909
France,1977,1978,12,0.1428571429
Suriname,1977,1978,12,0.0434782609
Sri Lanka,1977,1978,12,0.0434782609
Trinidad and Tobago,1977,1978,12,0.0000000000
"Middle East, North Africa, Afghanistan & Pakistan (excluding high income)",1977,1978,12,0.0909090909
"Congo, Dem. Rep.",1977,1978,12,0.0909090909
South Asia,1977,1978,12,0.0909090909
El Salvador,1977,1978,12,0.0909090909
Fiji,1977,1978,12,0.0909090909
French Polynesia,1977,1978,12,0.0000000000
Palau,1977,1978,12,0.0909090909
Pakistan,1977,1978,12,0.0000000000
Austria,1977,1978,12,0.0434782609
Maldives,1977,1978,12,0.0434782609
South Africa,1977,1978,12,0.0434782609
Guyana,1977,1978,12,0.0000000000
Turkiye,1977,1978,12,0.0434782609
Solomon Islands,1977,1978,12,0.0000000000
Kuwait,1977,1978,12,0.0909090909
Marshall Islands,1977,1978,12,0.0909090909
Morocco,1977,1978,12,0.0000000000
Puerto Rico (US),1977,1978,12,0.0000000000
Philippines,1977,1978,12,0.0434782609
Syrian Arab Republic,1977,1978,12,0.0000000000
Cyprus,1977,1978,12,0.1428571429
Caribbean small states,1977,1978,12,0.0000000000
Mauritius,1977,1978,12,0.0000000000
Jamaica,1977,1978,12,0.0000000000
Bhutan,1977,1978,12,0.0000000000
Senegal,1977,1978,12,0.0434782609
"Somalia, Fed. Rep.",1977,1978,12,0.0000000000
"Korea, Rep.",1977,1978,12,0.0909090909
World,1977,1978,12,0.7142857143
Sao Tome and Principe,1977,1978,12,0.0000000000
Monaco,1977,1978,12,0.0434782609
Greenland,1977,1978,12,0.0434782609
Belgium,1977,1978,12,0.0434782609
European Union,1977,1978,12,0.2631578947
Cambodia,1977,1978,12,0.0434782609
Togo,1977,1978,12,0.0909090909
Bangladesh,1977,1978,12,0.0434782609
Colombia,1977,1978,12,0.0000000000
"Gambia, The",1977,1978,12,0.0000000000
Faroe Islands,1977,1978,12,0.2000000000
East Asia & Pacific (excluding high income),1977,1978,12,0.1428571429
China,1977,1978,12,0.1428571429
Pre-demographic dividend,1977,1978,12,0.0000000000
Israel,1977,1978,12,0.0000000000
South Asia (IDA & IBRD),1977,1978,12,0.0909090909
High income,1977,1978,12,0.7142857143
East Asia & Pacific,1977,1978,12,0.0909090909
Mauritania,1977,1978,12,0.0000000000
Dominica,1977,1978,12,0.0000000000
Late-demographic dividend,1977,1978,12,0.1428571429
Africa Western and Central,1977,1978,12,0.0000000000
Latin America & Caribbean,1977,1978,12,0.0909090909
Lower middle income,1977,1978,12,0.0000000000
Tanzania,1977,1978,12,0.0434782609
Costa Rica,1977,1978,12,0.0909090909
"Congo, Rep.",1977,1978,12,0.0000000000
Fragile and conflict affected situations,1977,1978,12,0.0434782609
Nauru,1977,1978,12,0.0909090909
Australia,1977,1978,12,0.0434782609
St. Kitts and Nevis,1977,1978,12,0.0434782609
Small states,1977,1978,12,0.0000000000
Antigua and Barbuda,1977,1978,12,0.0434782609
Low & middle income,1977,1978,12,0.5000000000
Nicaragua,1977,1978,12,0.0000000000
Middle income,1977,1978,12,0.5000000000
"Bahamas, The",1977,1978,12,0.0434782609
Sierra Leone,1977,1978,12,0.0909090909
Sub-Saharan Africa,1977,1978,12,0.0909090909
Upper middle income,1977,1978,12,0.4117647059
Zambia,1977,1978,12,0.0434782609
Latin America & Caribbean (excluding high income),1977,1978,12,0.4117647059
Other small states,1977,1978,12,0.0434782609
Grenada,1977,1978,12,0.0000000000
Rwanda,1977,1978,12,0.0434782609
Finland,1977,1978,12,0.0434782609
Guatemala,1977,1978,12,0.0000000000
Nigeria,1977,1978,12,0.0909090909
Post-demographic dividend,1977,1978,12,0.7142857143
Lesotho,1977,1978,12,0.0434782609
Spain,1977,1978,12,0.0000000000
Least developed countries: UN classification,1977,1978,12,0.0434782609
Barbados,1977,1978,12,0.0909090909
"Middle East, North Africa, Afghanistan & Pakistan",1977,1978,12,0.0000000000
Sub-Saharan Africa (excluding high income),1977,1978,12,0.0909090909
Early-demographic dividend,1977,1978,12,0.2631578947
Botswana,1977,1978,12,0.0434782609
"Iran, Islamic Rep.",1977,1978,12,0.0000000000
North America,1977,1978,12,0.2000000000
Liberia,1977,1978,12,0.1428571429
Japan,1977,1978,12,0.1428571429
Liechtenstein,1977,1978,12,0.0434782609
Switzerland,1977,1978,12,0.0434782609
United Kingdom,1977,1978,12,0.0434782609
United Arab Emirates,1977,1978,12,0.0434782609
Malaysia,1977,1978,12,0.0909090909
Argentina,1977,1978,12,0.0000000000
Singapore,1977,1978,12,0.1428571429
Eswatini,1977,1978,12,0.0000000000
Bolivia,1977,1978,12,0.0909090909
Myanmar,1977,1978,12,0.2000000000
Arab World,1977,1978,12,0.0000000000
Ireland,1977,1978,12,0.0434782609
Burkina Faso,1977,1978,12,0.0434782609
Georgia,1977,1978,12,0.1428571429
Ecuador,1977,1978,12,0.0000000000
Sweden,1977,1978,12,0.0434782609
Andorra,1977,1978,12,0.0434782609
IDA & IBRD total,1977,1978,12,0.5000000000
Jordan,1977,1978,12,0.0000000000
Libya,1977,1978,12,0.0909090909
Cameroon,1977,1978,12,0.0909090909
Chile,1977,1978,12,0.0434782609
Peru,1977,1978,12,0.0000000000
Mexico,1977,1978,12,0.0000000000
Africa Eastern and Southern,1977,1978,12,0.0434782609
Central African Republic,1977,1978,12,0.0434782609
Latin America & the Caribbean (IDA & IBRD countries),1977,1978,12,0.4117647059
Canada,1977,1978,12,0.0909090909
OECD members,1977,1978,12,0.6000000000
IDA blend,1977,1978,12,0.0000000000
Norway,1977,1978,12,0.0000000000
Benin,1977,1978,12,0.0000000000
Chad,1977,1978,12,0.0434782609
Hungary,1977,1978,12,0.0434782609
Kiribati,1977,1978,12,0.0000000000
"Middle East, North Africa, Afghanistan & Pakistan (IDA & IBRD)",1977,1978,12,0.0909090909
IDA total,1977,1978,12,0.0434782609
Guinea,1977,1978,12,0.0434782609
Iraq,1977,1978,12,0.0909090909
Netherlands,1977,1978,12,0.2000000000
Belize,1977,1978,12,0.0434782609
Algeria,1977,1978,12,0.0434782609
Saudi Arabia,1977,1978,12,0.0000000000
Guinea-Bissau,1977,1978,12,0.0434782609
Cuba,1977,1978,12,0.0000000000
Qatar,1977,1978,12,0.0000000000
United States,1977,1978,12,0.2000000000
Papua New Guinea,1977,1978,12,0.0434782609
Heavily indebted poor countries (HIPC),1977,1978,12,0.1428571429
Indonesia,1977,1978,12,0.0434782609
Haiti,1977,1978,12,0.0909090909
Portugal,1977,1978,12,0.0000000000
Thailand,1977,1978,12,0.0434782609
Dominican Republic,1977,1978,12,0.0000000000
Nepal,1977,1978,12,0.0434782609
Cote d'Ivoire,1977,1978,12,0.0434782609
"Micronesia, Fed. Sts.",1977,1978,12,0.0434782609
Paraguay,1977,1978,12,0.0000000000
Malawi,1977,1978,12,0.0000000000
Isle of Man,1977,1978,12,0.0000000000
Italy,1977,1978,12,0.0909090909
"Egypt, Arab Rep.",1977,1978,12,0.0000000000
Low income,1977,1978,12,0.0000000000
Tunisia,1977,1978,12,0.0434782609
Uganda,1977,1978,12,0.0000000000
Luxembourg,1977,1978,12,0.0434782609
"Venezuela, RB",1977,1978,12,0.0909090909
Oman,1977,1978,12,0.0000000000
Tuvalu,1977,1978,12,0.0909090909
New Caledonia,1977,1978,12,0.0000000000
Malta,1977,1978,12,0.0000000000
Honduras,1977,1978,12,0.0000000000
Bermuda,1977,1978,12,0.0434782609
India,1977,1978,12,0.0000000000
St. Vincent and the Grenadines,1977,1978,12,0.0909090909
Uruguay,1977,1978,12,0.0434782609
Sudan,1977,1978,12,0.0000000000
East Asia & Pacific (IDA & IBRD countries),1977,1978,12,0.0909090909
Mali,1978,1979,12,0.0000000000
IBRD only,1978,1979,12,0.3333333333
Denmark,1978,1979,12,0.0909090909
Tonga,1978,1979,12,0.0909090909
Europe & Central Asia,1978,1979,12,0.2000000000
Madagascar,1978,1979,12,0.0434782609
Ethiopia,1978,1979,12,0.0000000000
Brunei Darussalam,1978,1979,12,0.0434782609
Iceland,1978,1979,12,0.0434782609
Pacific island small states,1978,1979,12,0.0000000000
Burundi,1978,1979,12,0.0000000000
Bahrain,1978,1979,12,0.0909090909
Ghana,1978,1979,12,0.0000000000
Gabon,1978,1979,12,0.0000000000
IDA only,1978,1979,12,0.0000000000
New Zealand,1978,1979,12,0.0000000000
Samoa,1978,1979,12,0.0434782609
Kenya,1978,1979,12,0.0434782609
Brazil,1978,1979,12,0.0000000000
Euro area,1978,1979,12,0.2000000000
Greece,1978,1979,12,0.0000000000
American Samoa,1978,1979,12,0.0434782609
Niger,1978,1979,12,0.0000000000
Panama,1978,1979,12,0.0000000000
Seychelles,1978,1979,12,0.0909090909
Zimbabwe,1978,1979,12,0.0434782609
Germany,1978,1979,12,0.0909090909
"Hong Kong SAR, China",1978,1979,12,0.1428571429
Sub-Saharan Africa (IDA & IBRD countries),1978,1979,12,0.0909090909
France,1978,1979,12,0.0909090909
Suriname,1978,1979,12,0.0434782609
Sri Lanka,1978,1979,12,0.0434782609
Trinidad and Tobago,1978,1979,12,0.0434782609
"Middle East, North Africa, Afghanistan & Pakistan (excluding high income)",1978,1979,12,0.0909090909
"Congo, Dem. Rep.",1978,1979,12,0.0434782609
South Asia,1978,1979,12,0.1428571429
El Salvador,1978,1979,12,0.0000000000
Fiji,1978,1979,12,0.0000000000
French Polynesia,1978,1979,12,0.0000000000
Palau,1978,1979,12,0.0434782609
Pakistan,1978,1979,12,0.0000000000
Austria,1978,1979,12,0.1428571429
Maldives,1978,1979,12,0.0909090909
South Africa,1978,1979,12,0.2000000000
Guyana,1978,1979,12,0.0434782609
Turkiye,1978,1979,12,0.0434782609
Solomon Islands,1978,1979,12,0.0434782609
Kuwait,1978,1979,12,0.0434782609
Marshall Islands,1978,1979,12,0.0434782609
Morocco,1978,1979,12,0.0909090909
Puerto Rico (US),1978,1979,12,0.0000000000
Philippines,1978,1979,12,0.0909090909
Syrian Arab Republic,1978,1979,12,0.0000000000
Cyprus,1978,1979,12,0.0434782609
Caribbean small states,1978,1979,12,0.0434782609
Mauritius,1978,1979,12,0.0909090909
Jamaica,1978,1979,12,0.0000000000
Bhutan,1978,1979,12,0.0434782609
Senegal,1978,1979,12,0.0000000000
"Somalia, Fed. Rep.",1978,1979,12,0.0434782609
"Korea, Rep.",1978,1979,12,0.0000000000
St. Lucia,1978,1979,12,0.0000000000
World,1978,1979,12,0.2631578947
Sao Tome and Principe,1978,1979,12,0.0000000000
Monaco,1978,1979,12,0.1428571429
Greenland,1978,1979,12,0.0434782609
Belgium,1978,1979,12,0.0909090909
European Union,1978,1979,12,0.2000000000
Cambodia,1978,1979,12,0.0909090909
Togo,1978,1979,12,0.0000000000
Bangladesh,1978,1979,12,0.0434782609
Colombia,1978,1979,12,0.0434782609
"Gambia, The",1978,1979,12,0.0434782609
Faroe Islands,1978,1979,12,0.1428571429
East Asia & Pacific (excluding high income),1978,1979,12,0.1428571429
China,1978,1979,12,0.0909090909
Pre-demographic dividend,1978,1979,12,0.0909090909
Israel,1978,1979,12,0.0909090909
South Asia (IDA & IBRD),1978,1979,12,0.1428571429
High income,1978,1979,12,0.2000000000
East Asia & Pacific,1978,1979,12,0.0909090909
Mauritania,1978,1979,12,0.0000000000
Dominica,1978,1979,12,0.0000000000
Late-demographic dividend,1978,1979,12,0.0909090909
Africa Western and Central,1978,1979,12,0.0000000000
Latin America & Caribbean,1978,1979,12,0.0909090909
Lower middle income,1978,1979,12,0.0000000000
Tanzania,1978,1979,12,0.0000000000
Costa Rica,1978,1979,12,0.0000000000
"Congo, Rep.",1978,1979,12,0.0000000000
Fragile and conflict affected situations,1978,1979,12,0.0434782609
Nauru,1978,1979,12,0.0434782609
Australia,1978,1979,12,0.0000000000
St. Kitts and Nevis,1978,1979,12,0.0434782609
Small states,1978,1979,12,0.0000000000
Antigua and Barbuda,1978,1979,12,0.0434782609
Low & middle income,1978,1979,12,0.4117647059
Nicaragua,1978,1979,12,0.0434782609
Middle income,1978,1979,12,0.3333333333
"Bahamas, The",1978,1979,12,0.0434782609
Sierra Leone,1978,1979,12,0.0909090909
Sub-Saharan Africa,1978,1979,12,0.0909090909
Upper middle income,1978,1979,12,0.0909090909
Zambia,1978,1979,12,0.0000000000
Latin America & Caribbean (excluding high income),1978,1979,12,0.0909090909
Other small states,1978,1979,12,0.0434782609
Grenada,1978,1979,12,0.0434782609
Rwanda,1978,1979,12,0.0000000000
Finland,1978,1979,12,0.0434782609
Guatemala,1978,1979,12,0.1428571429
Nigeria,1978,1979,12,0.1428571429
Post-demographic dividend,1978,1979,12,0.3333333333
Lesotho,1978,1979,12,0.0000000000
Spain,1978,1979,12,0.0434782609
Least developed countries: UN classification,1978,1979,12,0.0434782609
Barbados,1978,1979,12,0.0000000000
"Middle East, North Africa, Afghanistan & Pakistan",1978,1979,12,0.0434782609
Sub-Saharan Africa (excluding high income),1978,1979,12,0.0909090909
Early-demographic dividend,1978,1979,12,0.1428571429
Botswana,1978,1979,12,0.1428571429
"Iran, Islamic Rep.",1978,1979,12,0.1428571429
North America,1978,1979,12,0.0434782609
Liberia,1978,1979,12,0.0434782609
Japan,1978,1979,12,0.0909090909
Liechtenstein,1978,1979,12,0.0434782609
Switzerland,1978,1979,12,0.0434782609
United Kingdom,1978,1979,12,0.0000000000
United Arab Emirates,1978,1979,12,0.0434782609
Malaysia,1978,1979,12,0.0909090909
Argentina,1978,1979,12,0.0434782609
Singapore,1978,1979,12,0.0909090909
Eswatini,1978,1979,12,0.0909090909
Bolivia,1978,1979,12,0.0909090909
Myanmar,1978,1979,12,0.2000000000
Arab World,1978,1979,12,0.0000000000
Ireland,1978,1979,12,0.0000000000
Burkina Faso,1978,1979,12,0.1428571429
Georgia,1978,1979,12,0.0909090909
Ecuador,1978,1979,12,0.0000000000
Sweden,1978,1979,12,0.0434782609
Andorra,1978,1979,12,0.1428571429
IDA & IBRD total,1978,1979,12,0.4117647059
Jordan,1978,1979,12,0.0434782609
Libya,1978,1979,12,0.0000000000
Cameroon,1978,1979,12,0.0000000000
Chile,1978,1979,12,0.0909090909
Peru,1978,1979,12,0.0434782609
Mexico,1978,1979,12,0.0000000000
Africa Eastern and Southern,1978,1979,12,0.0909090909
Central African Republic,1978,1979,12,0.0000000000
Latin America & the Caribbean (IDA & IBRD countries),1978,1979,12,0.0909090909
Canada,1978,1979,12,0.0434782609
OECD members,1978,1979,12,0.2631578947
IDA blend,1978,1979,12,0.0434782609
Norway,1978,1979,12,0.0434782609
Benin,1978,1979,12,0.0000000000
Chad,1978,1979,12,0.0909090909
Hungary,1978,1979,12,0.0909090909
Kiribati,1978,1979,12,0.0000000000
"Middle East, North Africa, Afghanistan & Pakistan (IDA & IBRD)",1978,1979,12,0.0909090909
IDA total,1978,1979,12,0.0909090909
Guinea,1978,1979,12,0.0434782609
Iraq,1978,1979,12,0.0434782609
Netherlands,1978,1979,12,0.0000000000
Belize,1978,1979,12,0.0909090909
Algeria,1978,1979,12,0.0434782609
Saudi Arabia,1978,1979,12,0.0000000000
Guinea-Bissau,1978,1979,12,0.0434782609
Cuba,1978,1979,12,0.0000000000
Qatar,1978,1979,12,0.0000000000
United States,1978,1979,12,0.0434782609
Papua New Guinea,1978,1979,12,0.0434782609
Heavily indebted poor countries (HIPC),1978,1979,12,0.0000000000
Indonesia,1978,1979,12,0.0434782609
Haiti,1978,1979,12,0.0000000000
Portugal,1978,1979,12,0.0434782609
Thailand,1978,1979,12,0.0000000000
Dominican Republic,1978,1979,12,0.0909090909
Nepal,1978,1979,12,0.0909090909
Cote d'Ivoire,1978,1979,12,0.0000000000
"Micronesia, Fed. Sts.",1978,1979,12,0.0434782609
Paraguay,1978,1979,12,0.1428571429
Malawi,1978,1979,12,0.0000000000
Isle of Man,1978,1979,12,0.0434782609
Italy,1978,1979,12,0.0909090909
"Egypt, Arab Rep.",1978,1979,12,0.0000000000
Low income,1978,1979,12,0.0434782609
Tunisia,1978,1979,12,0.0909090909
Uganda,1978,1979,12,0.2000000000
Luxembourg,1978,1979,12,0.0000000000
"Venezuela, RB",1978,1979,12,0.0434782609
Oman,1978,1979,12,0.0434782609
Tuvalu,1978,1979,12,0.0909090909
New Caledonia,1978,1979,12,0.0000000000
Malta,1978,1979,12,0.1428571429
Honduras,1978,1979,12,0.0434782609
Bermuda,1978,1979,12,0.0000000000
India,1978,1979,12,0.1428571429
St. Vincent and the Grenadines,1978,1979,12,0.0000000000
Uruguay,1978,1979,12,0.0434782609
Sudan,1978,1979,12,0.0434782609
East Asia & Pacific (IDA & IBRD countries),1978,1979,12,0.0909090909
Mali,1979,1980,12,0.0909090909
IBRD only,1979,1980,12,0.3333333333
Denmark,1979,1980,12,0.0909090909
Tonga,1979,1980,12,0.0909090909
Europe & Central Asia,1979,1980,12,0.4117647059
Madagascar,1979,1980,12,0.0000000000
Ethiopia,1979,1980,12,0.0434782609
Brunei Darussalam,1979,1980,12,0.0000000000
Iceland,1979,1980,12,0.0434782609
Pacific island small states,1979,1980,12,0.0909090909
Burundi,1979,1980,12,0.0434782609
Bahrain,1979,1980,12,0.0000000000
Ghana,1979,1980,12,0.0909090909
Gabon,1979,1980,12,0.0434782609
IDA only,1979,1980,12,0.0909090909
New Zealand,1979,1980,12,0.0434782609
Samoa,1979,1980,12,0.0434782609
Kenya,1979,1980,12,0.0000000000
Brazil,1979,1980,12,0.0434782609
Euro area,1979,1980,12,0.5000000000
Greece,1979,1980,12,0.0000000000
American Samoa,1979,1980,12,0.0000000000
Niger,1979,1980,12,0.0000000000
Panama,1979,1980,12,0.0909090909
Seychelles,1979,1980,12,0.0434782609
Zimbabwe,1979,1980,12,0.0000000000
Germany,1979,1980,12,0.1428571429
"Hong Kong SAR, China",1979,1980,12,0.0000000000
Sub-Saharan Africa (IDA & IBRD countries),1979,1980,12,0.1428571429
France,1979,1980,12,0.0909090909
Suriname,1979,1980,12,0.0000000000
Sri Lanka,1979,1980,12,0.0000000000
Trinidad and Tobago,1979,1980,12,0.0909090909
"Middle East, North Africa, Afghanistan & Pakistan (excluding high income)",1979,1980,12,0.0434782609
"Congo, Dem. Rep.",1979,1980,12,0.0434782609
South Asia,1979,1980,12,0.2000000000
El Salvador,1979,1980,12,0.0434782609
Fiji,1979,1980,12,0.0434782609
French Polynesia,1979,1980,12,0.0000000000
Palau,1979,1980,12,0.0909090909
Pakistan,1979,1980,12,0.0000000000
Austria,1979,1980,12,0.0000000000
Maldives,1979,1980,12,0.0434782609
South Africa,1979,1980,12,0.0434782609
Guyana,1979,1980,12,0.0000000000
Turkiye,1979,1980,12,0.0000000000
Solomon Islands,1979,1980,12,0.0434782609
Kuwait,1979,1980,12,0.0909090909
Marshall Islands,1979,1980,12,0.0434782609
Morocco,1979,1980,12,0.0000000000
Puerto Rico (US),1979,1980,12,0.0000000000
Philippines,1979,1980,12,0.0000000000
Syrian Arab Republic,1979,1980,12,0.0434782609
Cyprus,1979,1980,12,0.0909090909
Caribbean small states,1979,1980,12,0.0434782609
Mauritius,1979,1980,12,0.0000000000
Jamaica,1979,1980,12,0.0434782609
Bhutan,1979,1980,12,0.0434782609
Senegal,1979,1980,12,0.0434782609
"Somalia, Fed. Rep.",1979,1980,12,0.0434782609
"Korea, Rep.",1979,1980,12,0.0000000000
St. Lucia,1979,1980,12,0.0000000000
World,1979,1980,12,0.4117647059
Sao Tome and Principe,1979,1980,12,0.0000000000
Monaco,1979,1980,12,0.0000000000
Greenland,1979,1980,12,0.0434782609
Belgium,1979,1980,12,0.0909090909
European Union,1979,1980,12,0.5000000000
Cambodia,1979,1980,12,0.0000000000
Togo,1979,1980,12,0.0434782609
Bangladesh,1979,1980,12,0.0000000000
Colombia,1979,1980,12,0.0434782609
"Gambia, The",1979,1980,12,0.0000000000
Faroe Islands,1979,1980,12,0.0434782609
East Asia & Pacific (excluding high income),1979,1980,12,0.2631578947
China,1979,1980,12,0.0434782609
Pre-demographic dividend,1979,1980,12,0.0434782609
Israel,1979,1980,12,0.0909090909
South Asia (IDA & IBRD),1979,1980,12,0.2000000000
High income,1979,1980,12,0.4117647059
East Asia & Pacific,1979,1980,12,0.0434782609
Vanuatu,1979,1980,12,0.0000000000
Mauritania,1979,1980,12,0.0909090909
Dominica,1979,1980,12,0.1428571429
Late-demographic dividend,1979,1980,12,0.3333333333
Africa Western and Central,1979,1980,12,0.0434782609
Latin America & Caribbean,1979,1980,12,0.3333333333
Lower middle income,1979,1980,12,0.0434782609
Tanzania,1979,1980,12,0.0909090909
Costa Rica,1979,1980,12,0.0000000000
"Congo, Rep.",1979,1980,12,0.0909090909
Fragile and conflict affected situations,1979,1980,12,0.0434782609
Nauru,1979,1980,12,0.0434782609
Australia,1979,1980,12,0.0434782609
St. Kitts and Nevis,1979,1980,12,0.0434782609
Small states,1979,1980,12,0.0000000000
Antigua and Barbuda,1979,1980,12,0.0000000000
Low & middle income,1979,1980,12,0.4117647059
Nicaragua,1979,1980,12,0.0434782609
Middle income,1979,1980,12,0.4117647059
"Bahamas, The",1979,1980,12,0.0000000000
Sierra Leone,1979,1980,12,0.0434782609
Sub-Saharan Africa,1979,1980,12,0.2000000000
Upper middle income,1979,1980,12,0.0909090909
Zambia,1979,1980,12,0.0434782609
Latin America & Caribbean (excluding high income),1979,1980,12,0.3333333333
Other small states,1979,1980,12,0.0434782609
Grenada,1979,1980,12,0.0000000000
Rwanda,1979,1980,12,0.0434782609
Finland,1979,1980,12,0.0909090909
Guatemala,1979,1980,12,0.0000000000
Nigeria,1979,1980,12,0.2000000000
Post-demographic dividend,1979,1980,12,0.5000000000
Lesotho,1979,1980,12,0.0434782609
Spain,1979,1980,12,0.0909090909
Least developed countries: UN classification,1979,1980,12,0.0909090909
Barbados,1979,1980,12,0.0434782609
"Middle East, North Africa, Afghanistan & Pakistan",1979,1980,12,0.0434782609
Sub-Saharan Africa (excluding high income),1979,1980,12,0.1428571429
Early-demographic dividend,1979,1980,12,0.2000000000
Botswana,1979,1980,12,0.0909090909
"Iran, Islamic Rep.",1979,1980,12,0.0434782609
North America,1979,1980,12,0.0434782609
Liberia,1979,1980,12,0.0909090909
Japan,1979,1980,12,0.0434782609
Liechtenstein,1979,1980,12,0.0434782609
Switzerland,1979,1980,12,0.0000000000
San Marino,1979,1980,12,0.0000000000
United Arab Emirates,1979,1980,12,0.0000000000
United Kingdom,1979,1980,12,0.0000000000
Malaysia,1979,1980,12,0.0434782609
Argentina,1979,1980,12,0.0434782609
Singapore,1979,1980,12,0.2000000000
Eswatini,1979,1980,12,0.1428571429
Bolivia,1979,1980,12,0.0434782609
Myanmar,1979,1980,12,0.0909090909
Arab World,1979,1980,12,0.0909090909
Ireland,1979,1980,12,0.0000000000
Burkina Faso,1979,1980,12,0.0000000000
Georgia,1979,1980,12,0.0000000000
Ecuador,1979,1980,12,0.0434782609
Sweden,1979,1980,12,0.0434782609
Andorra,1979,1980,12,0.0909090909
IDA & IBRD total,1979,1980,12,0.5000000000
Jordan,1979,1980,12,0.0000000000
Libya,1979,1980,12,0.0000000000
Cameroon,1979,1980,12,0.0000000000
Chile,1979,1980,12,0.0909090909
Peru,1979,1980,12,0.0434782609
Mexico,1979,1980,12,0.0434782609
Africa Eastern and Southern,1979,1980,12,0.0909090909
Central African Republic,1979,1980,12,0.0434782609
Latin America & the Caribbean (IDA & IBRD countries),1979,1980,12,0.2631578947
Canada,1979,1980,12,0.0000000000
OECD members,1979,1980,12,0.4117647059
IDA blend,1979,1980,12,0.0909090909
Norway,1979,1980,12,0.0434782609
Benin,1979,1980,12,0.0434782609
Chad,1979,1980,12,0.0434782609
Hungary,1979,1980,12,0.0909090909
Kiribati,1979,1980,12,0.0434782609
"Middle East, North Africa, Afghanistan & Pakistan (IDA & IBRD)",1979,1980,12,0.0434782609
IDA total,1979,1980,12,0.0434782609
Guinea,1979,1980,12,0.0434782609
Iraq,1979,1980,12,0.0434782609
Netherlands,1979,1980,12,0.0909090909
Belize,1979,1980,12,0.0909090909
Algeria,1979,1980,12,0.0434782609
Saudi Arabia,1979,1980,12,0.0909090909
Guinea-Bissau,1979,1980,12,0.0434782609
Cuba,1979,1980,12,0.0000000000
Qatar,1979,1980,12,0.0909090909
United States,1979,1980,12,0.0434782609
Papua New Guinea,1979,1980,12,0.0434782609
Heavily indebted poor countries (HIPC),1979,1980,12,0.0909090909
Indonesia,1979,1980,12,0.0000000000
Haiti,1979,1980,12,0.0000000000
Portugal,1979,1980,12,0.0434782609
Thailand,1979,1980,12,0.0434782609
Dominican Republic,1979,1980,12,0.0000000000
Nepal,1979,1980,12,0.1428571429
Cote d'Ivoire,1979,1980,12,0.0000000000
"Micronesia, Fed. Sts.",1979,1980,12,0.0434782609
Paraguay,1979,1980,12,0.1428571429
Malawi,1979,1980,12,0.0000000000
Isle of Man,1979,1980,12,0.1428571429
Italy,1979,1980,12,0.0434782609
"Egypt, Arab Rep.",1979,1980,12,0.0434782609
Low income,1979,1980,12,0.0909090909
Tunisia,1979,1980,12,0.0909090909
Uganda,1979,1980,12,0.2000000000
Luxembourg,1979,1980,12,0.0434782609
"Venezuela, RB",1979,1980,12,0.0000000000
Oman,1979,1980,12,0.0909090909
Tuvalu,1979,1980,12,0.0434782609
New Caledonia,1979,1980,12,0.0434782609
Malta,1979,1980,12,0.2000000000
Honduras,1979,1980,12,0.0000000000
Bermuda,1979,1980,12,0.0434782609
India,1979,1980,12,0.0909090909
St. Vincent and the Grenadines,1979,1980,12,0.0909090909
Uruguay,1979,1980,12,0.0000000000
Sudan,1979,1980,12,0.0000000000
East Asia & Pacific (IDA & IBRD countries),1979,1980,12,0.3333333333
Mali,1980,1981,12,0.0909090909
IBRD only,1980,1981,12,0.2000000000
Denmark,1980,1981,12,0.0000000000
Tonga,1980,1981,12,0.0000000000
Europe & Central Asia,1980,1981,12,0.1428571429
Guam,1980,1981,12,0.0434782609
Madagascar,1980,1981,12,0.0000000000
Ethiopia,1980,1981,12,0.1428571429
Brunei Darussalam,1980,1981,12,0.0434782609
Iceland,1980,1981,12,0.0434782609
Pacific island small states,1980,1981,12,0.0000000000
Burundi,1980,1981,12,0.0909090909
Bahrain,1980,1981,12,0.0434782609
Ghana,1980,1981,12,0.0000000000
Gabon,1980,1981,12,0.0909090909
IDA only,1980,1981,12,0.0909090909
New Zealand,1980,1981,12,0.0000000000
Samoa,1980,1981,12,0.0434782609
Kenya,1980,1981,12,0.0000000000
Brazil,1980,1981,12,0.0434782609
Euro area,1980,1981,12,0.1428571429
Greece,1980,1981,12,0.0434782609
American Samoa,1980,1981,12,0.1428571429
Niger,1980,1981,12,0.0434782609
Panama,1980,1981,12,0.0909090909
Seychelles,1980,1981,12,0.0000000000
Zimbabwe,1980,1981,12,0.0000000000
Germany,1980,1981,12,0.0434782609
"Hong Kong SAR, China",1980,1981,12,0.0434782609
Sub-Saharan Africa (IDA & IBRD countries),1980,1981,12,0.1428571429
France,1980,1981,12,0.0909090909
Suriname,1980,1981,12,0.0000000000
Sri Lanka,1980,1981,12,0.0909090909
Trinidad and Tobago,1980,1981,12,0.1428571429
"Middle East, North Africa, Afghanistan & Pakistan (excluding high income)",1980,1981,12,0.0434782609
"Congo, Dem. Rep.",1980,1981,12,0.0909090909
South Asia,1980,1981,12,0.2000000000
El Salvador,1980,1981,12,0.0000000000
Fiji,1980,1981,12,0.0000000000
French Polynesia,1980,1981,12,0.0000000000
Palau,1980,1981,12,0.0434782609
Pakistan,1980,1981,12,0.0434782609
Austria,1980,1981,12,0.1428571429
Maldives,1980,1981,12,0.0434782609
South Africa,1980,1981,12,0.0434782609
Guyana,1980,1981,12,0.0434782609
Turkiye,1980,1981,12,0.0434782609
Solomon Islands,1980,1981,12,0.0000000000
Kuwait,1980,1981,12,0.0434782609
Marshall Islands,1980,1981,12,0.0000000000
Morocco,1980,1981,12,0.0434782609
Puerto Rico (US),1980,1981,12,0.0434782609
Philippines,1980,1981,12,0.0909090909
Syrian Arab Republic,1980,1981,12,0.0434782609
Cyprus,1980,1981,12,0.0434782609
Caribbean small states,1980,1981,12,0.0434782609
Mauritius,1980,1981,12,0.0434782609
Jamaica,1980,1981,12,0.0434782609
Bhutan,1980,1981,12,0.0909090909
Senegal,1980,1981,12,0.0000000000
"Somalia, Fed. Rep.",1980,1981,12,0.0000000000
"Korea, Rep.",1980,1981,12,0.0434782609
St. Lucia,1980,1981,12,0.0000000000
World,1980,1981,12,0.2631578947
Sao Tome and Principe,1980,1981,12,0.0434782609
Monaco,1980,1981,12,0.1428571429
Greenland,1980,1981,12,0.0000000000
Belgium,1980,1981,12,0.2000000000
European Union,1980,1981,12,0.1428571429
Cambodia,1980,1981,12,0.0434782609
Togo,1980,1981,12,0.0000000000
Bangladesh,1980,1981,12,0.0000000000
Colombia,1980,1981,12,0.0000000000
"Gambia, The",1980,1981,12,0.0909090909
Faroe Islands,1980,1981,12,0.0000000000
East Asia & Pacific (excluding high income),1980,1981,12,0.0909090909
China,1980,1981,12,0.1428571429
Pre-demographic dividend,1980,1981,12,0.0909090909
Israel,1980,1981,12,0.0434782609
South Asia (IDA & IBRD),1980,1981,12,0.2000000000
High income,1980,1981,12,0.2631578947
East Asia & Pacific,1980,1981,12,0.0434782609
Vanuatu,1980,1981,12,0.0434782609
Comoros,1980,1981,12,0.0909090909
Cabo Verde,1980,1981,12,0.0909090909
Dominica,1980,1981,12,0.0000000000
Mauritania,1980,1981,12,0.1428571429
Late-demographic dividend,1980,1981,12,0.1428571429
Africa Western and Central,1980,1981,12,0.0909090909
Latin America & Caribbean,1980,1981,12,0.1428571429
Lower middle income,1980,1981,12,0.0434782609
Tanzania,1980,1981,12,0.0000000000
Costa Rica,1980,1981,12,0.0000000000
"Congo, Rep.",1980,1981,12,0.0000000000
Fragile and conflict affected situations,1980,1981,12,0.0434782609
Nauru,1980,1981,12,0.0434782609
Australia,1980,1981,12,0.0434782609
St. Kitts and Nevis,1980,1981,12,0.0000000000
Small states,1980,1981,12,0.0434782609
Antigua and Barbuda,1980,1981,12,0.2000000000
Low & middle income,1980,1981,12,0.2000000000
Nicaragua,1980,1981,12,0.0434782609
Middle income,1980,1981,12,0.2000000000
"Bahamas, The",1980,1981,12,0.0000000000
Sierra Leone,1980,1981,12,0.0434782609
Sub-Saharan Africa,1980,1981,12,0.1428571429
Upper middle income,1980,1981,12,0.2000000000
Zambia,1980,1981,12,0.0434782609
Latin America & Caribbean (excluding high income),1980,1981,12,0.1428571429
Other small states,1980,1981,12,0.0000000000
Grenada,1980,1981,12,0.0000000000
Rwanda,1980,1981,12,0.0000000000
Finland,1980,1981,12,0.0434782609
Guatemala,1980,1981,12,0.0909090909
Nigeria,1980,1981,12,0.0434782609
Post-demographic dividend,1980,1981,12,0.2631578947
Lesotho,1980,1981,12,0.0000000000
Spain,1980,1981,12,0.1428571429
Least developed countries: UN classification,1980,1981,12,0.0000000000
Barbados,1980,1981,12,0.0434782609
"Middle East, North Africa, Afghanistan & Pakistan",1980,1981,12,0.0000000000
Sub-Saharan Africa (excluding high income),1980,1981,12,0.1428571429
Early-demographic dividend,1980,1981,12,0.0000000000
Botswana,1980,1981,12,0.0909090909
Bulgaria,1980,1981,12,0.0000000000
"Iran, Islamic Rep.",1980,1981,12,0.0000000000
North America,1980,1981,12,0.0434782609
Angola,1980,1981,12,0.0000000000
Japan,1980,1981,12,0.0909090909
Liberia,1980,1981,12,0.0909090909
Liechtenstein,1980,1981,12,0.0434782609
Switzerland,1980,1981,12,0.0000000000
United Kingdom,1980,1981,12,0.0000000000
United Arab Emirates,1980,1981,12,0.0434782609
Malaysia,1980,1981,12,0.0434782609
Argentina,1980,1981,12,0.0000000000
Singapore,1980,1981,12,0.1428571429
Eswatini,1980,1981,12,0.0434782609
Bolivia,1980,1981,12,0.0000000000
Myanmar,1980,1981,12,0.0000000000
Arab World,1980,1981,12,0.0434782609
Ireland,1980,1981,12,0.0000000000
Burkina Faso,1980,1981,12,0.0909090909
Georgia,1980,1981,12,0.0434782609
Ecuador,1980,1981,12,0.0000000000
Namibia,1980,1981,12,0.0909090909
Sweden,1980,1981,12,0.0000000000
Andorra,1980,1981,12,0.0909090909
IDA & IBRD total,1980,1981,12,0.2000000000
Jordan,1980,1981,12,0.0000000000
Libya,1980,1981,12,0.0000000000
Cameroon,1980,1981,12,0.0434782609
Chile,1980,1981,12,0.0909090909
Peru,1980,1981,12,0.0909090909
Mexico,1980,1981,12,0.0434782609
Africa Eastern and Southern,1980,1981,12,0.1428571429
Central African Republic,1980,1981,12,0.0000000000
Latin America & the Caribbean (IDA & IBRD countries),1980,1981,12,0.1428571429
Canada,1980,1981,12,0.1428571429
OECD members,1980,1981,12,0.2631578947
IDA blend,1980,1981,12,0.0909090909
Norway,1980,1981,12,0.0434782609
Benin,1980,1981,12,0.0000000000
Chad,1980,1981,12,0.0434782609
Hungary,1980,1981,12,0.0000000000
Kiribati,1980,1981,12,0.1428571429
"Middle East, North Africa, Afghanistan & Pakistan (IDA & IBRD)",1980,1981,12,0.0434782609
IDA total,1980,1981,12,0.1428571429
Guinea,1980,1981,12,0.0434782609
Iraq,1980,1981,12,0.0909090909
Netherlands,1980,1981,12,0.0909090909
Belize,1980,1981,12,0.0000000000
Algeria,1980,1981,12,0.0909090909
Saudi Arabia,1980,1981,12,0.0000000000
Guinea-Bissau,1980,1981,12,0.0434782609
Cuba,1980,1981,12,0.0909090909
Qatar,1980,1981,12,0.0434782609
United States,1980,1981,12,0.0434782609
Papua New Guinea,1980,1981,12,0.0000000000
Heavily indebted poor countries (HIPC),1980,1981,12,0.0000000000
Indonesia,1980,1981,12,0.1428571429
Haiti,1980,1981,12,0.0000000000
Portugal,1980,1981,12,0.0434782609
Thailand,1980,1981,12,0.0434782609
Dominican Republic,1980,1981,12,0.0434782609
Nepal,1980,1981,12,0.0909090909
Cote d'Ivoire,1980,1981,12,0.1428571429
"Micronesia, Fed. Sts.",1980,1981,12,0.0434782609
Paraguay,1980,1981,12,0.0434782609
Malawi,1980,1981,12,0.0000000000
Equatorial Guinea,1980,1981,12,0.0909090909
Mongolia,1980,1981,12,0.0000000000
Isle of Man,1980,1981,12,0.0909090909
Albania,1980,1981,12,0.0000000000
Italy,1980,1981,12,0.0434782609
"Egypt, Arab Rep.",1980,1981,12,0.0434782609
Low income,1980,1981,12,0.0000000000
Tunisia,1980,1981,12,0.0434782609
Uganda,1980,1981,12,0.0434782609
Luxembourg,1980,1981,12,0.0000000000
"Venezuela, RB",1980,1981,12,0.0434782609
Oman,1980,1981,12,0.0909090909
Tuvalu,1980,1981,12,0.0000000000
New Caledonia,1980,1981,12,0.0434782609
Malta,1980,1981,12,0.0434782609
Honduras,1980,1981,12,0.1428571429
Bermuda,1980,1981,12,0.0000000000
India,1980,1981,12,0.1428571429
St. Vincent and the Grenadines,1980,1981,12,0.0909090909
Uruguay,1980,1981,12,0.0434782609
Sudan,1980,1981,12,0.0434782609
East Asia & Pacific (IDA & IBRD countries),1980,1981,12,0.0909090909
Mali,1981,1982,12,0.0909090909
IBRD only,1981,1982,12,0.2631578947
Denmark,1981,1982,12,0.0434782609
Tonga,1981,1982,12,0.0000000000
Europe & Central Asia,1981,1982,12,0.1428571429
Guam,1981,1982,12,0.0434782609
Madagascar,1981,1982,12,0.0434782609
Ethiopia,1981,1982,12,0.0434782609
Brunei Darussalam,1981,1982,12,0.0000000000
Iceland,1981,1982,12,0.0434782609
Pacific island small states,1981,1982,12,0.0909090909
Burundi,1981,1982,12,0.0000000000
Bahrain,1981,1982,12,0.0909090909
Ghana,1981,1982,12,0.0434782609
Gabon,1981,1982,12,0.0000000000
IDA only,1981,1982,12,0.1428571429
New Zealand,1981,1982,12,0.0000000000
Samoa,1981,1982,12,0.0909090909
Kenya,1981,1982,12,0.0909090909
Brazil,1981,1982,12,0.0434782609
Euro area,1981,1982,12,0.0909090909
Greece,1981,1982,12,0.0434782609
American Samoa,1981,1982,12,0.0434782609
Niger,1981,1982,12,0.0000000000
Panama,1981,1982,12,0.0000000000
Seychelles,1981,1982,12,0.0434782609
Zimbabwe,1981,1982,12,0.0000000000
Germany,1981,1982,12,0.0000000000
"Hong Kong SAR, China",1981,1982,12,0.0909090909
Sub-Saharan Africa (IDA & IBRD countries),1981,1982,12,0.1428571429
France,1981,1982,12,0.0434782609
Suriname,1981,1982,12,0.0000000000
Sri Lanka,1981,1982,12,0.0434782609
Trinidad and Tobago,1981,1982,12,0.0000000000
"Middle East, North Africa, Afghanistan & Pakistan (excluding high income)",1981,1982,12,0.1428571429
"Congo, Dem. Rep.",1981,1982,12,0.0000000000
South Asia,1981,1982,12,0.0909090909
El Salvador,1981,1982,12,0.0434782609
Fiji,1981,1982,12,0.0000000000
French Polynesia,1981,1982,12,0.0434782609
Palau,1981,1982,12,0.0434782609
Pakistan,1981,1982,12,0.0000000000
Austria,1981,1982,12,0.0434782609
Maldives,1981,1982,12,0.0434782609
South Africa,1981,1982,12,0.0909090909
Guyana,1981,1982,12,0.0434782609
Turkiye,1981,1982,12,0.0000000000
Solomon Islands,1981,1982,12,0.0909090909
Kuwait,1981,1982,12,0.0434782609
Marshall Islands,1981,1982,12,0.0909090909
Morocco,1981,1982,12,0.1428571429
Puerto Rico (US),1981,1982,12,0.0000000000
Philippines,1981,1982,12,0.0000000000
Syrian Arab Republic,1981,1982,12,0.0000000000
Cyprus,1981,1982,12,0.0434782609
Caribbean small states,1981,1982,12,0.0000000000
Mauritius,1981,1982,12,0.1428571429
Jamaica,1981,1982,12,0.0434782609
Bhutan,1981,1982,12,0.0000000000
Senegal,1981,1982,12,0.0000000000
"Somalia, Fed. Rep.",1981,1982,12,0.0434782609
"Korea, Rep.",1981,1982,12,0.0434782609
St. Lucia,1981,1982,12,0.0434782609
World,1981,1982,12,0.2000000000
Sao Tome and Principe,1981,1982,12,0.0434782609
Monaco,1981,1982,12,0.0434782609
Greenland,1981,1982,12,0.0909090909
Belgium,1981,1982,12,0.0434782609
European Union,1981,1982,12,0.0909090909
Cambodia,1981,1982,12,0.0434782609
Togo,1981,1982,12,0.0909090909
Bangladesh,1981,1982,12,0.0000000000
Colombia,1981,1982,12,0.0000000000
"Gambia, The",1981,1982,12,0.0000000000
Faroe Islands,1981,1982,12,0.0000000000
East Asia & Pacific (excluding high income),1981,1982,12,0.0909090909
China,1981,1982,12,0.0000000000
Pre-demographic dividend,1981,1982,12,0.0909090909
Israel,1981,1982,12,0.0434782609
Slovenia,1981,1982,12,0.0909090909
South Asia (IDA & IBRD),1981,1982,12,0.0909090909
High income,1981,1982,12,0.1428571429
East Asia & Pacific,1981,1982,12,0.0000000000
Vanuatu,1981,1982,12,0.0909090909
Comoros,1981,1982,12,0.0000000000
Cabo Verde,1981,1982,12,0.0909090909
Dominica,1981,1982,12,0.0000000000
Mauritania,1981,1982,12,0.0434782609
Late-demographic dividend,1981,1982,12,0.0000000000
Africa Western and Central,1981,1982,12,0.0434782609
Latin America & Caribbean,1981,1982,12,0.1428571429
Lower middle income,1981,1982,12,0.0909090909
Tanzania,1981,1982,12,0.0909090909
Costa Rica,1981,1982,12,0.0434782609
"Congo, Rep.",1981,1982,12,0.1428571429
Fragile and conflict affected situations,1981,1982,12,0.0909090909
Nauru,1981,1982,12,0.0909090909
Australia,1981,1982,12,0.0434782609
St. Kitts and Nevis,1981,1982,12,0.0000000000
Small states,1981,1982,12,0.0434782609
Antigua and Barbuda,1981,1982,12,0.0434782609
Low & middle income,1981,1982,12,0.2631578947
Nicaragua,1981,1982,12,0.0434782609
Middle income,1981,1982,12,0.2631578947
"Bahamas, The",1981,1982,12,0.0000000000
Sierra Leone,1981,1982,12,0.0909090909
Sub-Saharan Africa,1981,1982,12,0.2000000000
Upper middle income,1981,1982,12,0.2631578947
Zambia,1981,1982,12,0.0000000000
Latin America & Caribbean (excluding high income),1981,1982,12,0.1428571429
Other small states,1981,1982,12,0.0434782609
Grenada,1981,1982,12,0.0434782609
Rwanda,1981,1982,12,0.0000000000
Finland,1981,1982,12,0.0000000000
Guatemala,1981,1982,12,0.0909090909
Nigeria,1981,1982,12,0.0909090909
Post-demographic dividend,1981,1982,12,0.2000000000
Lesotho,1981,1982,12,0.0434782609
Spain,1981,1982,12,0.1428571429
Least developed countries: UN classification,1981,1982,12,0.0909090909
Barbados,1981,1982,12,0.0434782609
"Middle East, North Africa, Afghanistan & Pakistan",1981,1982,12,0.0000000000
Sub-Saharan Africa (excluding high income),1981,1982,12,0.1428571429
Early-demographic dividend,1981,1982,12,0.0000000000
Botswana,1981,1982,12,0.0000000000
Bulgaria,1981,1982,12,0.0434782609
"Iran, Islamic Rep.",1981,1982,12,0.0000000000
Mozambique,1981,1982,12,0.0000000000
North America,1981,1982,12,0.0909090909
Angola,1981,1982,12,0.0434782609
Japan,1981,1982,12,0.0434782609
Liberia,1981,1982,12,0.0909090909
Liechtenstein,1981,1982,12,0.0000000000
Switzerland,1981,1982,12,0.0000000000
United Kingdom,1981,1982,12,0.0434782609
United Arab Emirates,1981,1982,12,0.0000000000
Malaysia,1981,1982,12,0.0909090909
Argentina,1981,1982,12,0.0434782609
Singapore,1981,1982,12,0.0909090909
Eswatini,1981,1982,12,0.0000000000
Bolivia,1981,1982,12,0.0909090909
Myanmar,1981,1982,12,0.0909090909
Arab World,1981,1982,12,0.0434782609
Ireland,1981,1982,12,0.0434782609
Burkina Faso,1981,1982,12,0.0000000000
Georgia,1981,1982,12,0.0000000000
Ecuador,1981,1982,12,0.0000000000
Namibia,1981,1982,12,0.0434782609
Sweden,1981,1982,12,0.0434782609
Andorra,1981,1982,12,0.0434782609
IDA & IBRD total,1981,1982,12,0.2631578947
Jordan,1981,1982,12,0.0000000000
Libya,1981,1982,12,0.0434782609
Cameroon,1981,1982,12,0.0909090909
Chile,1981,1982,12,0.0000000000
Peru,1981,1982,12,0.0909090909
Mexico,1981,1982,12,0.0000000000
Africa Eastern and Southern,1981,1982,12,0.0434782609
Central African Republic,1981,1982,12,0.1428571429
Latin America & the Caribbean (IDA & IBRD countries),1981,1982,12,0.1428571429
Canada,1981,1982,12,0.0909090909
OECD members,1981,1982,12,0.2000000000
IDA blend,1981,1982,12,0.0909090909
Norway,1981,1982,12,0.0909090909
Benin,1981,1982,12,0.0000000000
Chad,1981,1982,12,0.0434782609
Hungary,1981,1982,12,0.0434782609
Kiribati,1981,1982,12,0.0000000000
"Middle East, North Africa, Afghanistan & Pakistan (IDA & IBRD)",1981,1982,12,0.1428571429
IDA total,1981,1982,12,0.0000000000
Guinea,1981,1982,12,0.0434782609
Iraq,1981,1982,12,0.0000000000
Netherlands,1981,1982,12,0.1428571429
Belize,1981,1982,12,0.0000000000
Algeria,1981,1982,12,0.0434782609
Saudi Arabia,1981,1982,12,0.0909090909
Guinea-Bissau,1981,1982,12,0.0434782609
Cuba,1981,1982,12,0.1428571429
Qatar,1981,1982,12,0.0909090909
United States,1981,1982,12,0.0909090909
Papua New Guinea,1981,1982,12,0.0434782609
Heavily indebted poor countries (HIPC),1981,1982,12,0.0434782609
Indonesia,1981,1982,12,0.0434782609
Haiti,1981,1982,12,0.0434782609
Portugal,1981,1982,12,0.0000000000
Thailand,1981,1982,12,0.0434782609
Dominican Republic,1981,1982,12,0.0909090909
Nepal,1981,1982,12,0.0434782609
Cote d'Ivoire,1981,1982,12,0.0000000000
"Micronesia, Fed. Sts.",1981,1982,12,0.0434782609
Paraguay,1981,1982,12,0.0000000000
Malawi,1981,1982,12,0.0434782609
Equatorial Guinea,1981,1982,12,0.0000000000
Mongolia,1981,1982,12,0.0000000000
Isle of Man,1981,1982,12,0.1428571429
Albania,1981,1982,12,0.0000000000
Italy,1981,1982,12,0.0000000000
"Egypt, Arab Rep.",1981,1982,12,0.0434782609
Low income,1981,1982,12,0.0909090909
Tunisia,1981,1982,12,0.0909090909
Uganda,1981,1982,12,0.0434782609
Luxembourg,1981,1982,12,0.0909090909
"Venezuela, RB",1981,1982,12,0.0000000000
Oman,1981,1982,12,0.1428571429
Tuvalu,1981,1982,12,0.0434782609
New Caledonia,1981,1982,12,0.0434782609
Malta,1981,1982,12,0.0434782609
Honduras,1981,1982,12,0.0434782609
Bermuda,1981,1982,12,0.2000000000
India,1981,1982,12,0.1428571429
St. Vincent and the Grenadines,1981,1982,12,0.0000000000
Uruguay,1981,1982,12,0.0909090909
Sudan,1981,1982,12,0.0909090909
East Asia & Pacific (IDA & IBRD countries),1981,1982,12,0.0909090909
Mali,1982,1983,12,0.0434782609
IBRD only,1982,1983,12,0.2631578947
Denmark,1982,1983,12,0.0000000000
Tonga,1982,1983,12,0.0000000000
Europe & Central Asia,1982,1983,12,0.0909090909
Guam,1982,1983,12,0.0000000000
"Macao SAR, China",1982,1983,12,0.0434782609
Madagascar,1982,1983,12,0.1428571429
Ethiopia,1982,1983,12,0.0434782609
Brunei Darussalam,1982,1983,12,0.0434782609
Iceland,1982,1983,12,0.0000000000
Pacific island small states,1982,1983,12,0.0909090909
Burundi,1982,1983,12,0.0000000000
Bahrain,1982,1983,12,0.0000000000
Ghana,1982,1983,12,0.0434782609
Gabon,1982,1983,12,0.0000000000
IDA only,1982,1983,12,0.0000000000
New Zealand,1982,1983,12,0.0434782609
Samoa,1982,1983,12,0.0434782609
Kenya,1982,1983,12,0.0434782609
Brazil,1982,1983,12,0.0000000000
Euro area,1982,1983,12,0.2000000000
Greece,1982,1983,12,0.0434782609
American Samoa,1982,1983,12,0.0000000000
Niger,1982,1983,12,0.0434782609
Panama,1982,1983,12,0.0000000000
Seychelles,1982,1983,12,0.0000000000
Zimbabwe,1982,1983,12,0.0000000000
Germany,1982,1983,12,0.0000000000
"Hong Kong SAR, China",1982,1983,12,0.0000000000
Sub-Saharan Africa (IDA & IBRD countries),1982,1983,12,0.1428571429
France,1982,1983,12,0.0434782609
Suriname,1982,1983,12,0.0000000000
Sri Lanka,1982,1983,12,0.0000000000
Trinidad and Tobago,1982,1983,12,0.0000000000
"Middle East, North Africa, Afghanistan & Pakistan (excluding high income)",1982,1983,12,0.1428571429
"Congo, Dem. Rep.",1982,1983,12,0.0000000000
South Asia,1982,1983,12,0.1428571429
El Salvador,1982,1983,12,0.0000000000
Fiji,1982,1983,12,0.0909090909
French Polynesia,1982,1983,12,0.1428571429
Palau,1982,1983,12,0.0000000000
Pakistan,1982,1983,12,0.0434782609
Austria,1982,1983,12,0.1428571429
Maldives,1982,1983,12,0.0000000000
South Africa,1982,1983,12,0.0909090909
Guyana,1982,1983,12,0.0434782609
Turkiye,1982,1983,12,0.0000000000
Solomon Islands,1982,1983,12,0.0000000000
Kuwait,1982,1983,12,0.0434782609
Marshall Islands,1982,1983,12,0.0434782609
Morocco,1982,1983,12,0.0000000000
Puerto Rico (US),1982,1983,12,0.0434782609
Philippines,1982,1983,12,0.0434782609
Syrian Arab Republic,1982,1983,12,0.0000000000
Cyprus,1982,1983,12,0.0909090909
Caribbean small states,1982,1983,12,0.0000000000
Mauritius,1982,1983,12,0.0000000000
Jamaica,1982,1983,12,0.0434782609
Bhutan,1982,1983,12,0.0000000000
Senegal,1982,1983,12,0.0000000000
"Somalia, Fed. Rep.",1982,1983,12,0.0000000000
"Korea, Rep.",1982,1983,12,0.0909090909
St. Lucia,1982,1983,12,0.0434782609
World,1982,1983,12,0.2000000000
Sao Tome and Principe,1982,1983,12,0.0000000000
Monaco,1982,1983,12,0.0000000000
Greenland,1982,1983,12,0.0000000000
Belgium,1982,1983,12,0.0909090909
European Union,1982,1983,12,0.1428571429
Cambodia,1982,1983,12,0.1428571429
Togo,1982,1983,12,0.0434782609
Bangladesh,1982,1983,12,0.0434782609
Colombia,1982,1983,12,0.0434782609
"Gambia, The",1982,1983,12,0.0000000000
Faroe Islands,1982,1983,12,0.0434782609
East Asia & Pacific (excluding high income),1982,1983,12,0.0434782609
China,1982,1983,12,0.0000000000
Pre-demographic dividend,1982,1983,12,0.0434782609
Israel,1982,1983,12,0.0434782609
Slovenia,1982,1983,12,0.0000000000
South Asia (IDA & IBRD),1982,1983,12,0.1428571429
High income,1982,1983,12,0.1428571429
East Asia & Pacific,1982,1983,12,0.0909090909
Vanuatu,1982,1983,12,0.1428571429
Comoros,1982,1983,12,0.0434782609
Cabo Verde,1982,1983,12,0.0000000000
Dominica,1982,1983,12,0.0434782609
Mauritania,1982,1983,12,0.0000000000
Late-demographic dividend,1982,1983,12,0.0434782609
Africa Western and Central,1982,1983,12,0.0434782609
Latin America & Caribbean,1982,1983,12,0.1428571429
Lower middle income,1982,1983,12,0.0909090909
Tanzania,1982,1983,12,0.0000000000
Costa Rica,1982,1983,12,0.0000000000
"Congo, Rep.",1982,1983,12,0.0909090909
Fragile and conflict affected situations,1982,1983,12,0.0434782609
Nauru,1982,1983,12,0.0000000000
Australia,1982,1983,12,0.0434782609
St. Kitts and Nevis,1982,1983,12,0.0000000000
Small states,1982,1983,12,0.0000000000
Antigua and Barbuda,1982,1983,12,0.0000000000
Low & middle income,1982,1983,12,0.2631578947
Nicaragua,1982,1983,12,0.0434782609
Middle income,1982,1983,12,0.2631578947
"Bahamas, The",1982,1983,12,0.0000000000
Sierra Leone,1982,1983,12,0.0000000000
Sub-Saharan Africa,1982,1983,12,0.1428571429
Upper middle income,1982,1983,12,0.2631578947
Zambia,1982,1983,12,0.0434782609
Latin America & Caribbean (excluding high income),1982,1983,12,0.0909090909
Other small states,1982,1983,12,0.0434782609
Grenada,1982,1983,12,0.0000000000
Rwanda,1982,1983,12,0.0434782609
Finland,1982,1983,12,0.0000000000
Guatemala,1982,1983,12,0.0000000000
Nigeria,1982,1983,12,0.0434782609
Post-demographic dividend,1982,1983,12,0.2000000000
Lesotho,1982,1983,12,0.0000000000
Spain,1982,1983,12,0.1428571429
Least developed countries: UN classification,1982,1983,12,0.1428571429
Barbados,1982,1983,12,0.0434782609
"Middle East, North Africa, Afghanistan & Pakistan",1982,1983,12,0.0434782609
Sub-Saharan Africa (excluding high income),1982,1983,12,0.2000000000
Early-demographic dividend,1982,1983,12,0.0434782609
Botswana,1982,1983,12,0.1428571429
Bulgaria,1982,1983,12,0.0434782609
"Iran, Islamic Rep.",1982,1983,12,0.0434782609
Mozambique,1982,1983,12,0.0434782609
North America,1982,1983,12,0.0434782609
Angola,1982,1983,12,0.1428571429
Japan,1982,1983,12,0.0000000000
Liberia,1982,1983,12,0.0434782609
Liechtenstein,1982,1983,12,0.0909090909
Switzerland,1982,1983,12,0.2000000000
United Kingdom,1982,1983,12,0.0909090909
United Arab Emirates,1982,1983,12,0.0909090909
North Macedonia,1982,1983,12,0.0909090909
Malaysia,1982,1983,12,0.0434782609
Argentina,1982,1983,12,0.0909090909
Singapore,1982,1983,12,0.0434782609
Eswatini,1982,1983,12,0.0434782609
Bolivia,1982,1983,12,0.0909090909
Myanmar,1982,1983,12,0.0434782609
Arab World,1982,1983,12,0.0909090909
Ireland,1982,1983,12,0.0909090909
Burkina Faso,1982,1983,12,0.0000000000
Georgia,1982,1983,12,0.0434782609
Ecuador,1982,1983,12,0.1428571429
Namibia,1982,1983,12,0.0909090909
Sweden,1982,1983,12,0.0434782609
Andorra,1982,1983,12,0.1428571429
IDA & IBRD total,1982,1983,12,0.2631578947
Jordan,1982,1983,12,0.0434782609
Libya,1982,1983,12,0.0434782609
Cameroon,1982,1983,12,0.2000000000
Chile,1982,1983,12,0.2631578947
Peru,1982,1983,12,0.0000000000
Mexico,1982,1983,12,0.0434782609
Africa Eastern and Southern,1982,1983,12,0.0909090909
Central African Republic,1982,1983,12,0.0000000000
Latin America & the Caribbean (IDA & IBRD countries),1982,1983,12,0.0909090909
Canada,1982,1983,12,0.0434782609
OECD members,1982,1983,12,0.2000000000
IDA blend,1982,1983,12,0.0000000000
Norway,1982,1983,12,0.0434782609
Benin,1982,1983,12,0.0434782609
Chad,1982,1983,12,0.0434782609
Hungary,1982,1983,12,0.0000000000
Kiribati,1982,1983,12,0.0434782609
"Middle East, North Africa, Afghanistan & Pakistan (IDA & IBRD)",1982,1983,12,0.1428571429
IDA total,1982,1983,12,0.0000000000
Guinea,1982,1983,12,0.0434782609
Iraq,1982,1983,12,0.0434782609
Netherlands,1982,1983,12,0.0000000000
Belize,1982,1983,12,0.0909090909
Algeria,1982,1983,12,0.0434782609
Saudi Arabia,1982,1983,12,0.0909090909
Guinea-Bissau,1982,1983,12,0.0000000000
Cuba,1982,1983,12,0.0909090909
Qatar,1982,1983,12,0.0000000000
United States,1982,1983,12,0.0434782609
Papua New Guinea,1982,1983,12,0.0434782609
Heavily indebted poor countries (HIPC),1982,1983,12,0.1428571429
Indonesia,1982,1983,12,0.0909090909
Haiti,1982,1983,12,0.0000000000
Portugal,1982,1983,12,0.0434782609
Thailand,1982,1983,12,0.0909090909
Dominican Republic,1982,1983,12,0.0434782609
Nepal,1982,1983,12,0.0000000000
Cote d'Ivoire,1982,1983,12,0.0434782609
"Micronesia, Fed. Sts.",1982,1983,12,0.0000000000
Paraguay,1982,1983,12,0.1428571429
Malawi,1982,1983,12,0.0434782609
Equatorial Guinea,1982,1983,12,0.0434782609
Mongolia,1982,1983,12,0.0434782609
Isle of Man,1982,1983,12,0.0000000000
Albania,1982,1983,12,0.0434782609
Italy,1982,1983,12,0.0434782609
"Egypt, Arab Rep.",1982,1983,12,0.1428571429
Low income,1982,1983,12,0.0434782609
Tunisia,1982,1983,12,0.0909090909
Uganda,1982,1983,12,0.0000000000
Luxembourg,1982,1983,12,0.0434782609
"Venezuela, RB",1982,1983,12,0.0434782609
Oman,1982,1983,12,0.0909090909
Tuvalu,1982,1983,12,0.0434782609
New Caledonia,1982,1983,12,0.0434782609
Malta,1982,1983,12,0.0434782609
Honduras,1982,1983,12,0.1428571429
Bermuda,1982,1983,12,0.0000000000
India,1982,1983,12,0.0909090909
St. Vincent and the Grenadines,1982,1983,12,0.0434782609
Uruguay,1982,1983,12,0.0909090909
Sudan,1982,1983,12,0.0000000000
East Asia & Pacific (IDA & IBRD countries),1982,1983,12,0.0434782609
Mali,1983,1984,12,0.0434782609
IBRD only,1983,1984,12,0.2000000000
Denmark,1983,1984,12,0.0000000000
Tonga,1983,1984,12,0.0000000000
Europe & Central Asia,1983,1984,12,0.3333333333
"Macao SAR, China",1983,1984,12,0.0909090909
Madagascar,1983,1984,12,0.0434782609
Ethiopia,1983,1984,12,0.0000000000
Brunei Darussalam,1983,1984,12,0.0434782609
Iceland,1983,1984,12,0.0909090909
Pacific island small states,1983,1984,12,0.0000000000
Burundi,1983,1984,12,0.0000000000
Bahrain,1983,1984,12,0.0434782609
Ghana,1983,1984,12,0.0000000000
Gabon,1983,1984,12,0.0909090909
IDA only,1983,1984,12,0.0909090909
New Zealand,1983,1984,12,0.0000000000
Samoa,1983,1984,12,0.0434782609
Kenya,1983,1984,12,0.0909090909
Brazil,1983,1984,12,0.0909090909
Euro area,1983,1984,12,0.2631578947
Greece,1983,1984,12,0.0434782609
American Samoa,1983,1984,12,0.0434782609
Niger,1983,1984,12,0.0909090909
Panama,1983,1984,12,0.0000000000
Seychelles,1983,1984,12,0.0000000000
Zimbabwe,1983,1984,12,0.0000000000
Germany,1983,1984,12,0.2000000000
"Hong Kong SAR, China",1983,1984,12,0.1428571429
Sub-Saharan Africa (IDA & IBRD countries),1983,1984,12,0.0909090909
France,1983,1984,12,0.1428571429
Suriname,1983,1984,12,0.0000000000
Sri Lanka,1983,1984,12,0.0909090909
Trinidad and Tobago,1983,1984,12,0.0434782609
"Middle East, North Africa, Afghanistan & Pakistan (excluding high income)",1983,1984,12,0.1428571429
"Congo, Dem. Rep.",1983,1984,12,0.0434782609
South Asia,1983,1984,12,0.0909090909
El Salvador,1983,1984,12,0.0434782609
Fiji,1983,1984,12,0.0000000000
French Polynesia,1983,1984,12,0.0909090909
Palau,1983,1984,12,0.0000000000
Pakistan,1983,1984,12,0.0434782609
Austria,1983,1984,12,0.0000000000
Maldives,1983,1984,12,0.0000000000
South Africa,1983,1984,12,0.0000000000
Guyana,1983,1984,12,0.0434782609
Turkiye,1983,1984,12,0.0000000000
Solomon Islands,1983,1984,12,0.0434782609
Kuwait,1983,1984,12,0.0000000000
Marshall Islands,1983,1984,12,0.0000000000
Morocco,1983,1984,12,0.0434782609
Puerto Rico (US),1983,1984,12,0.0000000000
Philippines,1983,1984,12,0.1428571429
Syrian Arab Republic,1983,1984,12,0.1428571429
Cyprus,1983,1984,12,0.0434782609
Caribbean small states,1983,1984,12,0.0000000000
Mauritius,1983,1984,12,0.0000000000
Jamaica,1983,1984,12,0.0000000000
Bhutan,1983,1984,12,0.0000000000
Senegal,1983,1984,12,0.0434782609
"Somalia, Fed. Rep.",1983,1984,12,0.0000000000
"Korea, Rep.",1983,1984,12,0.0434782609
St. Lucia,1983,1984,12,0.1428571429
World,1983,1984,12,0.4117647059
Sao Tome and Principe,1983,1984,12,0.0434782609
Monaco,1983,1984,12,0.1428571429
Greenland,1983,1984,12,0.0000000000
Belgium,1983,1984,12,0.0909090909
European Union,1983,1984,12,0.3333333333
Cambodia,1983,1984,12,0.0434782609
Togo,1983,1984,12,0.0000000000
Bangladesh,1983,1984,12,0.0434782609
Colombia,1983,1984,12,0.0434782609
"Gambia, The",1983,1984,12,0.0434782609
Faroe Islands,1983,1984,12,0.1428571429
East Asia & Pacific (excluding high income),1983,1984,12,0.2000000000
China,1983,1984,12,0.2000000000
Pre-demographic dividend,1983,1984,12,0.0434782609
Israel,1983,1984,12,0.0000000000
Slovenia,1983,1984,12,0.0434782609
South Asia (IDA & IBRD),1983,1984,12,0.0909090909
High income,1983,1984,12,0.4117647059
East Asia & Pacific,1983,1984,12,0.2000000000
Vanuatu,1983,1984,12,0.0000000000
Comoros,1983,1984,12,0.0000000000
Cabo Verde,1983,1984,12,0.0434782609
Dominica,1983,1984,12,0.0000000000
Mauritania,1983,1984,12,0.0434782609
Late-demographic dividend,1983,1984,12,0.0000000000
Africa Western and Central,1983,1984,12,0.0434782609
Latin America & Caribbean,1983,1984,12,0.2000000000
Lower middle income,1983,1984,12,0.0909090909
Tanzania,1983,1984,12,0.0000000000
Costa Rica,1983,1984,12,0.0000000000
"Congo, Rep.",1983,1984,12,0.2000000000
Fragile and conflict affected situations,1983,1984,12,0.0000000000
Nauru,1983,1984,12,0.0000000000
Australia,1983,1984,12,0.0434782609
St. Kitts and Nevis,1983,1984,12,0.0000000000
Small states,1983,1984,12,0.0434782609
Antigua and Barbuda,1983,1984,12,0.0434782609
Low & middle income,1983,1984,12,0.2000000000
Nicaragua,1983,1984,12,0.0000000000
Middle income,1983,1984,12,0.2000000000
"Bahamas, The",1983,1984,12,0.0000000000
Sierra Leone,1983,1984,12,0.0434782609
Sub-Saharan Africa,1983,1984,12,0.0909090909
Upper middle income,1983,1984,12,0.2000000000
Zambia,1983,1984,12,0.0434782609
Latin America & Caribbean (excluding high income),1983,1984,12,0.2631578947
Other small states,1983,1984,12,0.0909090909
Grenada,1983,1984,12,0.0434782609
Rwanda,1983,1984,12,0.0000000000
Finland,1983,1984,12,0.0434782609
Guatemala,1983,1984,12,0.0000000000
Nigeria,1983,1984,12,0.0434782609
Post-demographic dividend,1983,1984,12,0.4117647059
Lesotho,1983,1984,12,0.0000000000
Spain,1983,1984,12,0.0909090909
Least developed countries: UN classification,1983,1984,12,0.0434782609
Barbados,1983,1984,12,0.0434782609
"Middle East, North Africa, Afghanistan & Pakistan",1983,1984,12,0.0434782609
Sub-Saharan Africa (excluding high income),1983,1984,12,0.0909090909
Early-demographic dividend,1983,1984,12,0.2000000000
Botswana,1983,1984,12,0.0434782609
Bulgaria,1983,1984,12,0.0909090909
"Iran, Islamic Rep.",1983,1984,12,0.0000000000
Mozambique,1983,1984,12,0.0434782609
North America,1983,1984,12,0.4117647059
Angola,1983,1984,12,0.0909090909
Japan,1983,1984,12,0.0000000000
Liberia,1983,1984,12,0.0000000000
Liechtenstein,1983,1984,12,0.0000000000
Switzerland,1983,1984,12,0.0909090909
United Kingdom,1983,1984,12,0.0000000000
United Arab Emirates,1983,1984,12,0.0434782609
North Macedonia,1983,1984,12,0.0000000000
Malaysia,1983,1984,12,0.2000000000
Argentina,1983,1984,12,0.0000000000
Singapore,1983,1984,12,0.0434782609
Eswatini,1983,1984,12,0.1428571429
Bolivia,1983,1984,12,0.0000000000
Myanmar,1983,1984,12,0.0909090909
Arab World,1983,1984,12,0.0434782609
Ireland,1983,1984,12,0.0000000000
Burkina Faso,1983,1984,12,0.0434782609
Georgia,1983,1984,12,0.1428571429
Ecuador,1983,1984,12,0.0434782609
Namibia,1983,1984,12,0.0434782609
Sweden,1983,1984,12,0.0000000000
Andorra,1983,1984,12,0.0909090909
IDA & IBRD total,1983,1984,12,0.2000000000
Jordan,1983,1984,12,0.0909090909
Libya,1983,1984,12,0.0000000000
Cameroon,1983,1984,12,0.0434782609
Chile,1983,1984,12,0.0909090909
Peru,1983,1984,12,0.0000000000
Mexico,1983,1984,12,0.0909090909
Africa Eastern and Southern,1983,1984,12,0.0000000000
Central African Republic,1983,1984,12,0.0000000000
Latin America & the Caribbean (IDA & IBRD countries),1983,1984,12,0.2000000000
Canada,1983,1984,12,0.0434782609
OECD members,1983,1984,12,0.4117647059
IDA blend,1983,1984,12,0.0434782609
Norway,1983,1984,12,0.0000000000
Benin,1983,1984,12,0.0000000000
Chad,1983,1984,12,0.0000000000
Hungary,1983,1984,12,0.0909090909
Kiribati,1983,1984,12,0.0434782609
"Middle East, North Africa, Afghanistan & Pakistan (IDA & IBRD)",1983,1984,12,0.1428571429
IDA total,1983,1984,12,0.0434782609
Guinea,1983,1984,12,0.0909090909
Iraq,1983,1984,12,0.0434782609
Netherlands,1983,1984,12,0.0434782609
Belize,1983,1984,12,0.0434782609
Algeria,1983,1984,12,0.0434782609
Saudi Arabia,1983,1984,12,0.0000000000
Guinea-Bissau,1983,1984,12,0.0434782609
Cuba,1983,1984,12,0.1428571429
Qatar,1983,1984,12,0.0000000000
United States,1983,1984,12,0.4117647059
Papua New Guinea,1983,1984,12,0.0434782609
Heavily indebted poor countries (HIPC),1983,1984,12,0.0434782609
Indonesia,1983,1984,12,0.0434782609
Haiti,1983,1984,12,0.0909090909
Portugal,1983,1984,12,0.0909090909
Thailand,1983,1984,12,0.0434782609
Dominican Republic,1983,1984,12,0.0909090909
Nepal,1983,1984,12,0.0000000000
Cote d'Ivoire,1983,1984,12,0.0000000000
"Micronesia, Fed. Sts.",1983,1984,12,0.0434782609
Paraguay,1983,1984,12,0.0000000000
Malawi,1983,1984,12,0.0434782609
Equatorial Guinea,1983,1984,12,0.0434782609
Mongolia,1983,1984,12,0.0909090909
Isle of Man,1983,1984,12,0.0909090909
Albania,1983,1984,12,0.0000000000
Italy,1983,1984,12,0.0000000000
"Egypt, Arab Rep.",1983,1984,12,0.0000000000
Low income,1983,1984,12,0.0434782609
Tunisia,1983,1984,12,0.0909090909
Uganda,1983,1984,12,0.0000000000
Luxembourg,1983,1984,12,0.0000000000
"Venezuela, RB",1983,1984,12,0.0909090909
Oman,1983,1984,12,0.0434782609
Tuvalu,1983,1984,12,0.0434782609
New Caledonia,1983,1984,12,0.0434782609
Malta,1983,1984,12,0.0909090909
Honduras,1983,1984,12,0.0434782609
Bermuda,1983,1984,12,0.0434782609
India,1983,1984,12,0.0909090909
St. Vincent and the Grenadines,1983,1984,12,0.0000000000
Uruguay,1983,1984,12,0.0434782609
Sudan,1983,1984,12,0.0434782609
East Asia & Pacific (IDA & IBRD countries),1983,1984,12,0.3333333333
Mali,1984,1985,12,0.0000000000
IBRD only,1984,1985,12,1.0000000000
Denmark,1984,1985,12,0.0434782609
Tonga,1984,1985,12,0.0000000000
Europe & Central Asia,1984,1985,12,0.3333333333
"Macao SAR, China",1984,1985,12,0.0909090909
Madagascar,1984,1985,12,0.0434782609
Ethiopia,1984,1985,12,0.0909090909
Brunei Darussalam,1984,1985,12,0.1428571429
Iceland,1984,1985,12,0.0909090909
Pacific island small states,1984,1985,12,0.0434782609
Burundi,1984,1985,12,0.0000000000
Bahrain,1984,1985,12,0.0000000000
Ghana,1984,1985,12,0.0434782609
Gabon,1984,1985,12,0.0434782609
IDA only,1984,1985,12,0.0909090909
New Zealand,1984,1985,12,0.0434782609
Samoa,1984,1985,12,0.0909090909
Kenya,1984,1985,12,0.0909090909
Brazil,1984,1985,12,0.0434782609
Euro area,1984,1985,12,0.2631578947
Greece,1984,1985,12,0.0434782609
American Samoa,1984,1985,12,0.0434782609
Niger,1984,1985,12,0.0909090909
Panama,1984,1985,12,0.0000000000
Seychelles,1984,1985,12,0.0000000000
Zimbabwe,1984,1985,12,0.0434782609
Germany,1984,1985,12,0.1428571429
"Hong Kong SAR, China",1984,1985,12,0.0909090909
Sub-Saharan Africa (IDA & IBRD countries),1984,1985,12,0.3333333333
France,1984,1985,12,0.0909090909
Suriname,1984,1985,12,0.0434782609
Sri Lanka,1984,1985,12,0.0434782609
Trinidad and Tobago,1984,1985,12,0.0909090909
"Middle East, North Africa, Afghanistan & Pakistan (excluding high income)",1984,1985,12,0.0909090909
"Congo, Dem. Rep.",1984,1985,12,0.0000000000
South Asia,1984,1985,12,0.0909090909
El Salvador,1984,1985,12,0.0000000000
Fiji,1984,1985,12,0.0434782609
French Polynesia,1984,1985,12,0.0000000000
Palau,1984,1985,12,0.0000000000
Pakistan,1984,1985,12,0.1428571429
Austria,1984,1985,12,0.0000000000
Maldives,1984,1985,12,0.0000000000
South Africa,1984,1985,12,0.0000000000
Guyana,1984,1985,12,0.0000000000
Turkiye,1984,1985,12,0.0909090909
Solomon Islands,1984,1985,12,0.0434782609
Kuwait,1984,1985,12,0.0434782609
Marshall Islands,1984,1985,12,0.0434782609
Morocco,1984,1985,12,0.0909090909
Puerto Rico (US),1984,1985,12,0.0434782609
Philippines,1984,1985,12,0.0909090909
Syrian Arab Republic,1984,1985,12,0.0909090909
Cyprus,1984,1985,12,0.0000000000
Caribbean small states,1984,1985,12,0.0909090909
Mauritius,1984,1985,12,0.0000000000
Jamaica,1984,1985,12,0.0434782609
Lao PDR,1984,1985,12,0.0000000000
Bhutan,1984,1985,12,0.0909090909
Senegal,1984,1985,12,0.0909090909
"Somalia, Fed. Rep.",1984,1985,12,0.0000000000
"Korea, Rep.",1984,1985,12,0.0434782609
St. Lucia,1984,1985,12,0.0909090909
World,1984,1985,12,0.7142857143
Sao Tome and Principe,1984,1985,12,0.0434782609
Monaco,1984,1985,12,0.0434782609
Greenland,1984,1985,12,0.0000000000
Belgium,1984,1985,12,0.0909090909
European Union,1984,1985,12,0.2631578947
Cambodia,1984,1985,12,0.0000000000
Togo,1984,1985,12,0.0909090909
Bangladesh,1984,1985,12,0.0434782609
Colombia,1984,1985,12,0.0434782609
"Gambia, The",1984,1985,12,0.0000000000
Faroe Islands,1984,1985,12,0.1428571429
East Asia & Pacific (excluding high income),1984,1985,12,0.1428571429
China,1984,1985,12,0.2000000000
Pre-demographic dividend,1984,1985,12,0.0000000000
Israel,1984,1985,12,0.0434782609
Slovenia,1984,1985,12,0.0434782609
South Asia (IDA & IBRD),1984,1985,12,0.0909090909
High income,1984,1985,12,0.6000000000
East Asia & Pacific,1984,1985,12,0.1428571429
Vanuatu,1984,1985,12,0.0000000000
Comoros,1984,1985,12,0.0434782609
Cabo Verde,1984,1985,12,0.0000000000
Dominica,1984,1985,12,0.0434782609
Mauritania,1984,1985,12,0.0000000000
Late-demographic dividend,1984,1985,12,0.0000000000
Africa Western and Central,1984,1985,12,0.0000000000
Latin America & Caribbean,1984,1985,12,0.0909090909
Lower middle income,1984,1985,12,0.0909090909
Tanzania,1984,1985,12,0.0434782609
Costa Rica,1984,1985,12,0.0909090909
"Congo, Rep.",1984,1985,12,0.0434782609
Fragile and conflict affected situations,1984,1985,12,0.0000000000
Nauru,1984,1985,12,0.0909090909
Australia,1984,1985,12,0.0000000000
St. Kitts and Nevis,1984,1985,12,0.0909090909
Small states,1984,1985,12,0.0000000000
Antigua and Barbuda,1984,1985,12,0.0434782609
Low & middle income,1984,1985,12,0.7142857143
Nicaragua,1984,1985,12,0.0434782609
Middle income,1984,1985,12,0.7142857143
"Bahamas, The",1984,1985,12,0.0000000000
Sierra Leone,1984,1985,12,0.0434782609
Sub-Saharan Africa,1984,1985,12,0.3333333333
Upper middle income,1984,1985,12,0.6000000000
Zambia,1984,1985,12,0.0000000000
Latin America & Caribbean (excluding high income),1984,1985,12,0.0909090909
Other small states,1984,1985,12,0.0000000000
Grenada,1984,1985,12,0.0000000000
Rwanda,1984,1985,12,0.0000000000
Finland,1984,1985,12,0.0434782609
Guatemala,1984,1985,12,0.0434782609
Nigeria,1984,1985,12,0.0000000000
Post-demographic dividend,1984,1985,12,0.7142857143
Lesotho,1984,1985,12,0.0434782609
Spain,1984,1985,12,0.0909090909
Least developed countries: UN classification,1984,1985,12,0.0434782609
Barbados,1984,1985,12,0.0434782609
"Middle East, North Africa, Afghanistan & Pakistan",1984,1985,12,0.0000000000
Sub-Saharan Africa (excluding high income),1984,1985,12,0.0434782609
Early-demographic dividend,1984,1985,12,0.0000000000
Botswana,1984,1985,12,0.1428571429
Bulgaria,1984,1985,12,0.0909090909
"Iran, Islamic Rep.",1984,1985,12,0.0000000000
Mozambique,1984,1985,12,0.0000000000
North America,1984,1985,12,0.2000000000
Angola,1984,1985,12,0.0434782609
Japan,1984,1985,12,0.0909090909
Liberia,1984,1985,12,0.0434782609
Liechtenstein,1984,1985,12,0.0000000000
Switzerland,1984,1985,12,0.0909090909
San Marino,1984,1985,12,0.0434782609
United Arab Emirates,1984,1985,12,0.0909090909
United Kingdom,1984,1985,12,0.1428571429
North Macedonia,1984,1985,12,0.0909090909
Malaysia,1984,1985,12,0.0909090909
Argentina,1984,1985,12,0.0000000000
Singapore,1984,1985,12,0.0434782609
Eswatini,1984,1985,12,0.0434782609
Bolivia,1984,1985,12,0.0434782609
Myanmar,1984,1985,12,0.0000000000
Arab World,1984,1985,12,0.0000000000
Ireland,1984,1985,12,0.0000000000
Burkina Faso,1984,1985,12,0.0434782609
Georgia,1984,1985,12,0.2631578947
Ecuador,1984,1985,12,0.0434782609
Namibia,1984,1985,12,0.0434782609
Sweden,1984,1985,12,0.0434782609
Andorra,1984,1985,12,0.0909090909
IDA & IBRD total,1984,1985,12,0.7142857143
Jordan,1984,1985,12,0.0434782609
Libya,1984,1985,12,0.0000000000
Cameroon,1984,1985,12,0.0909090909
Chile,1984,1985,12,0.0909090909
Peru,1984,1985,12,0.0434782609
Mexico,1984,1985,12,0.0000000000
Africa Eastern and Southern,1984,1985,12,0.0000000000
Central African Republic,1984,1985,12,0.0434782609
Latin America & the Caribbean (IDA & IBRD countries),1984,1985,12,0.0909090909
Canada,1984,1985,12,0.0909090909
OECD members,1984,1985,12,0.5000000000
IDA blend,1984,1985,12,0.0000000000
Norway,1984,1985,12,0.0909090909
Benin,1984,1985,12,0.0434782609
Chad,1984,1985,12,0.0000000000
Hungary,1984,1985,12,0.0000000000
Kiribati,1984,1985,12,0.0909090909
"Middle East, North Africa, Afghanistan & Pakistan (IDA & IBRD)",1984,1985,12,0.1428571429
IDA total,1984,1985,12,0.0909090909
Guinea,1984,1985,12,0.0000000000
Iraq,1984,1985,12,0.0000000000
Netherlands,1984,1985,12,0.0909090909
Belize,1984,1985,12,0.0909090909
Algeria,1984,1985,12,0.0000000000
Saudi Arabia,1984,1985,12,0.1428571429
Guinea-Bissau,1984,1985,12,0.0434782609
Cuba,1984,1985,12,0.0000000000
Qatar,1984,1985,12,0.0434782609
United States,1984,1985,12,0.2000000000
Papua New Guinea,1984,1985,12,0.0434782609
Heavily indebted poor countries (HIPC),1984,1985,12,0.0434782609
Indonesia,1984,1985,12,0.0000000000
Haiti,1984,1985,12,0.0434782609
Portugal,1984,1985,12,0.0000000000
Thailand,1984,1985,12,0.0434782609
Dominican Republic,1984,1985,12,0.0000000000
Nepal,1984,1985,12,0.0000000000
Cote d'Ivoire,1984,1985,12,0.0000000000
"Micronesia, Fed. Sts.",1984,1985,12,0.0000000000
Paraguay,1984,1985,12,0.0000000000
Malawi,1984,1985,12,0.0434782609
Equatorial Guinea,1984,1985,12,0.0000000000
Mongolia,1984,1985,12,0.0000000000
Isle of Man,1984,1985,12,0.0434782609
Albania,1984,1985,12,0.0434782609
Italy,1984,1985,12,0.0909090909
"Egypt, Arab Rep.",1984,1985,12,0.0434782609
Low income,1984,1985,12,0.0000000000
Tunisia,1984,1985,12,0.0909090909
Uganda,1984,1985,12,0.0000000000
Luxembourg,1984,1985,12,0.0909090909
"Venezuela, RB",1984,1985,12,0.0909090909
Oman,1984,1985,12,0.0434782609
Tuvalu,1984,1985,12,0.0000000000
New Caledonia,1984,1985,12,0.0909090909
Malta,1984,1985,12,0.0434782609
Honduras,1984,1985,12,0.1428571429
Bermuda,1984,1985,12,0.0434782609
India,1984,1985,12,0.0909090909
St. Vincent and the Grenadines,1984,1985,12,0.1428571429
Uruguay,1984,1985,12,0.0000000000
Sudan,1984,1985,12,0.0909090909
East Asia & Pacific (IDA & IBRD countries),1984,1985,12,0.1428571429
Mali,1985,1986,12,0.0000000000
IBRD only,1985,1986,12,0.5000000000
Denmark,1985,1986,12,0.0434782609
Tonga,1985,1986,12,0.0000000000
Europe & Central Asia,1985,1986,12,0.0909090909
"Macao SAR, China",1985,1986,12,0.0434782609
Madagascar,1985,1986,12,0.0434782609
Ethiopia,1985,1986,12,0.0000000000
Brunei Darussalam,1985,1986,12,0.0909090909
Iceland,1985,1986,12,0.0000000000
Pacific island small states,1985,1986,12,0.0000000000
Burundi,1985,1986,12,0.0434782609
Bahrain,1985,1986,12,0.0434782609
Ghana,1985,1986,12,0.0000000000
Gabon,1985,1986,12,0.0000000000
IDA only,1985,1986,12,0.0909090909
New Zealand,1985,1986,12,0.0909090909
Samoa,1985,1986,12,0.0000000000
Kenya,1985,1986,12,0.0434782609
Brazil,1985,1986,12,0.0909090909
Euro area,1985,1986,12,0.0909090909
Greece,1985,1986,12,0.0000000000
American Samoa,1985,1986,12,0.0434782609
Niger,1985,1986,12,0.0434782609
Panama,1985,1986,12,0.0909090909
Seychelles,1985,1986,12,0.0000000000
Zimbabwe,1985,1986,12,0.0000000000
Germany,1985,1986,12,0.0000000000
"Hong Kong SAR, China",1985,1986,12,0.0000000000
Sub-Saharan Africa (IDA & IBRD countries),1985,1986,12,0.0434782609
France,1985,1986,12,0.0909090909
Suriname,1985,1986,12,0.0434782609
Sri Lanka,1985,1986,12,0.0434782609
Trinidad and Tobago,1985,1986,12,0.0434782609
"Middle East, North Africa, Afghanistan & Pakistan (excluding high income)",1985,1986,12,0.0434782609
"Congo, Dem. Rep.",1985,1986,12,0.0434782609
South Asia,1985,1986,12,0.2000000000
El Salvador,1985,1986,12,0.0434782609
Fiji,1985,1986,12,0.0000000000
French Polynesia,1985,1986,12,0.0000000000
Palau,1985,1986,12,0.0434782609
Pakistan,1985,1986,12,0.0000000000
Austria,1985,1986,12,0.0434782609
Maldives,1985,1986,12,0.0000000000
South Africa,1985,1986,12,0.0000000000
Guyana,1985,1986,12,0.0000000000
Turkiye,1985,1986,12,0.0434782609
Solomon Islands,1985,1986,12,0.0434782609
Kuwait,1985,1986,12,0.0909090909
Marshall Islands,1985,1986,12,0.0434782609
Morocco,1985,1986,12,0.0909090909
Puerto Rico (US),1985,1986,12,0.0434782609
Philippines,1985,1986,12,0.0000000000
Syrian Arab Republic,1985,1986,12,0.0434782609
Cyprus,1985,1986,12,0.1428571429
Caribbean small states,1985,1986,12,0.0000000000
Mauritius,1985,1986,12,0.0434782609
Jamaica,1985,1986,12,0.0000000000
Lao PDR,1985,1986,12,0.2631578947
Bhutan,1985,1986,12,0.0000000000
Senegal,1985,1986,12,0.0909090909
"Somalia, Fed. Rep.",1985,1986,12,0.0000000000
"Korea, Rep.",1985,1986,12,0.0434782609
St. Lucia,1985,1986,12,0.1428571429
World,1985,1986,12,0.5000000000
Sao Tome and Principe,1985,1986,12,0.0434782609
Monaco,1985,1986,12,0.0909090909
Greenland,1985,1986,12,0.0000000000
Belgium,1985,1986,12,0.0434782609
European Union,1985,1986,12,0.0909090909
Cambodia,1985,1986,12,0.0434782609
Togo,1985,1986,12,0.0434782609
Bangladesh,1985,1986,12,0.0434782609
Colombia,1985,1986,12,0.0000000000
"Gambia, The",1985,1986,12,0.0000000000
Faroe Islands,1985,1986,12,0.0434782609
East Asia & Pacific (excluding high income),1985,1986,12,0.1428571429
Viet Nam,1985,1986,12,0.0434782609
China,1985,1986,12,0.1428571429
Pre-demographic dividend,1985,1986,12,0.0434782609
Israel,1985,1986,12,0.0434782609
Slovenia,1985,1986,12,0.0909090909
South Asia (IDA & IBRD),1985,1986,12,0.2000000000
High income,1985,1986,12,0.3333333333
East Asia & Pacific,1985,1986,12,0.2000000000
Vanuatu,1985,1986,12,0.0000000000
Comoros,1985,1986,12,0.0909090909
Cabo Verde,1985,1986,12,0.0000000000
Dominica,1985,1986,12,0.0000000000
Mauritania,1985,1986,12,0.0000000000
Late-demographic dividend,1985,1986,12,0.0000000000
Africa Western and Central,1985,1986,12,0.0434782609
Latin America & Caribbean,1985,1986,12,0.1428571429
Lower middle income,1985,1986,12,0.1428571429
Tanzania,1985,1986,12,0.0000000000
Costa Rica,1985,1986,12,0.0000000000
"Congo, Rep.",1985,1986,12,0.0000000000
Fragile and conflict affected situations,1985,1986,12,0.0000000000
Nauru,1985,1986,12,0.0434782609
Australia,1985,1986,12,0.0909090909
St. Kitts and Nevis,1985,1986,12,0.0909090909
Small states,1985,1986,12,0.0434782609
Antigua and Barbuda,1985,1986,12,0.0909090909
Low & middle income,1985,1986,12,0.4117647059
Nicaragua,1985,1986,12,0.0000000000
Middle income,1985,1986,12,0.4117647059
"Bahamas, The",1985,1986,12,0.0434782609
Sierra Leone,1985,1986,12,0.0909090909
Sub-Saharan Africa,1985,1986,12,0.0434782609
Upper middle income,1985,1986,12,0.3333333333
Zambia,1985,1986,12,0.0000000000
Latin America & Caribbean (excluding high income),1985,1986,12,0.2000000000
Other small states,1985,1986,12,0.0909090909
Grenada,1985,1986,12,0.0000000000
Rwanda,1985,1986,12,0.0000000000
Finland,1985,1986,12,0.0909090909
Guatemala,1985,1986,12,0.0909090909
Nigeria,1985,1986,12,0.0000000000
Post-demographic dividend,1985,1986,12,0.4117647059
Lesotho,1985,1986,12,0.0434782609
Spain,1985,1986,12,0.0909090909
Least developed countries: UN classification,1985,1986,12,0.0434782609
Barbados,1985,1986,12,0.0434782609
"Middle East, North Africa, Afghanistan & Pakistan",1985,1986,12,0.0434782609
Sub-Saharan Africa (excluding high income),1985,1986,12,0.0434782609
Early-demographic dividend,1985,1986,12,0.0000000000
Botswana,1985,1986,12,0.0909090909
Bulgaria,1985,1986,12,0.0909090909
"Iran, Islamic Rep.",1985,1986,12,0.0434782609
Mozambique,1985,1986,12,0.0434782609
North America,1985,1986,12,0.5000000000
Angola,1985,1986,12,0.1428571429
Japan,1985,1986,12,0.2000000000
Liberia,1985,1986,12,0.0000000000
Liechtenstein,1985,1986,12,0.0000000000
Switzerland,1985,1986,12,0.0000000000
San Marino,1985,1986,12,0.0000000000
United Arab Emirates,1985,1986,12,0.0434782609
United Kingdom,1985,1986,12,0.1428571429
North Macedonia,1985,1986,12,0.0434782609
Malaysia,1985,1986,12,0.0000000000
Argentina,1985,1986,12,0.0000000000
Singapore,1985,1986,12,0.0434782609
Eswatini,1985,1986,12,0.0000000000
Bolivia,1985,1986,12,0.0000000000
Myanmar,1985,1986,12,0.0434782609
Arab World,1985,1986,12,0.0909090909
Ireland,1985,1986,12,0.0434782609
Burkina Faso,1985,1986,12,0.0434782609
Georgia,1985,1986,12,0.0000000000
Ecuador,1985,1986,12,0.0434782609
Namibia,1985,1986,12,0.0434782609
Sweden,1985,1986,12,0.0909090909
Andorra,1985,1986,12,0.0434782609
IDA & IBRD total,1985,1986,12,0.5000000000
Jordan,1985,1986,12,0.0000000000
Libya,1985,1986,12,0.0434782609
Cameroon,1985,1986,12,0.0000000000
Chile,1985,1986,12,0.0000000000
Peru,1985,1986,12,0.0000000000
Mexico,1985,1986,12,0.0434782609
Africa Eastern and Southern,1985,1986,12,0.0434782609
Central African Republic,1985,1986,12,0.0909090909
Latin America & the Caribbean (IDA & IBRD countries),1985,1986,12,0.1428571429
Canada,1985,1986,12,0.0434782609
OECD members,1985,1986,12,0.3333333333
IDA blend,1985,1986,12,0.0000000000
Norway,1985,1986,12,0.0909090909
Benin,1985,1986,12,0.0000000000
Chad,1985,1986,12,0.0434782609
Hungary,1985,1986,12,0.0434782609
Kiribati,1985,1986,12,0.0909090909
"Middle East, North Africa, Afghanistan & Pakistan (IDA & IBRD)",1985,1986,12,0.0434782609
IDA total,1985,1986,12,0.0000000000
Guinea,1985,1986,12,0.0000000000
Iraq,1985,1986,12,0.0434782609
Netherlands,1985,1986,12,0.0434782609
Belize,1985,1986,12,0.0000000000
Algeria,1985,1986,12,0.0000000000
Saudi Arabia,1985,1986,12,0.0434782609
Guinea-Bissau,1985,1986,12,0.0000000000
Cuba,1985,1986,12,0.0000000000
Qatar,1985,1986,12,0.0000000000
United States,1985,1986,12,0.2631578947
Papua New Guinea,1985,1986,12,0.0000000000
Heavily indebted poor countries (HIPC),1985,1986,12,0.0434782609
Indonesia,1985,1986,12,0.0000000000
Haiti,1985,1986,12,0.0909090909
Portugal,1985,1986,12,0.0434782609
Thailand,1985,1986,12,0.0000000000
Dominican Republic,1985,1986,12,0.0434782609
Nepal,1985,1986,12,0.0434782609
Cote d'Ivoire,1985,1986,12,0.0000000000
"Micronesia, Fed. Sts.",1985,1986,12,0.0434782609
Paraguay,1985,1986,12,0.0000000000
Malawi,1985,1986,12,0.0434782609
Equatorial Guinea,1985,1986,12,0.0434782609
Mongolia,1985,1986,12,0.0434782609
Isle of Man,1985,1986,12,0.0434782609
Albania,1985,1986,12,0.0000000000
Italy,1985,1986,12,0.0434782609
"Egypt, Arab Rep.",1985,1986,12,0.0434782609
Low income,1985,1986,12,0.0909090909
Tunisia,1985,1986,12,0.0000000000
Uganda,1985,1986,12,0.0434782609
Luxembourg,1985,1986,12,0.0000000000
"Venezuela, RB",1985,1986,12,0.0434782609
Oman,1985,1986,12,0.0000000000
Tuvalu,1985,1986,12,0.0434782609
New Caledonia,1985,1986,12,0.0434782609
Malta,1985,1986,12,0.0434782609
Honduras,1985,1986,12,0.0434782609
Bermuda,1985,1986,12,0.0000000000
India,1985,1986,12,0.2000000000
St. Vincent and the Grenadines,1985,1986,12,0.0434782609
Uruguay,1985,1986,12,0.0000000000
Sudan,1985,1986,12,0.0434782609
East Asia & Pacific (IDA & IBRD countries),1985,1986,12,0.1428571429
Mali,1986,1987,12,0.0434782609
IBRD only,1986,1987,12,0.8461538462
Denmark,1986,1987,12,0.0909090909
Tonga,1986,1987,12,0.0000000000
Europe & Central Asia,1986,1987,12,0.5000000000
"Macao SAR, China",1986,1987,12,0.0434782609
Madagascar,1986,1987,12,0.0434782609
Ethiopia,1986,1987,12,0.0434782609
Brunei Darussalam,1986,1987,12,0.0434782609
Iceland,1986,1987,12,0.0909090909
Pacific island small states,1986,1987,12,0.1428571429
Burundi,1986,1987,12,0.0434782609
Bahrain,1986,1987,12,0.0000000000
Ghana,1986,1987,12,0.0909090909
Gabon,1986,1987,12,0.0434782609
IDA only,1986,1987,12,0.0434782609
New Zealand,1986,1987,12,0.0434782609
Samoa,1986,1987,12,0.0000000000
Kenya,1986,1987,12,0.0000000000
Brazil,1986,1987,12,0.0000000000
Euro area,1986,1987,12,0.3333333333
Greece,1986,1987,12,0.0000000000
Seychelles,1986,1987,12,0.1428571429
Niger,1986,1987,12,0.0434782609
Panama,1986,1987,12,0.0909090909
Zimbabwe,1986,1987,12,0.0434782609
Germany,1986,1987,12,0.0909090909
"Hong Kong SAR, China",1986,1987,12,0.0000000000
Sub-Saharan Africa (IDA & IBRD countries),1986,1987,12,0.1428571429
France,1986,1987,12,0.0000000000
Suriname,1986,1987,12,0.0434782609
Sri Lanka,1986,1987,12,0.1428571429
Trinidad and Tobago,1986,1987,12,0.0434782609
"Middle East, North Africa, Afghanistan & Pakistan (excluding high income)",1986,1987,12,0.0434782609
"Congo, Dem. Rep.",1986,1987,12,0.0000000000
South Asia,1986,1987,12,0.0909090909
El Salvador,1986,1987,12,0.0000000000
Fiji,1986,1987,12,0.0000000000
French Polynesia,1986,1987,12,0.0434782609
Palau,1986,1987,12,0.0000000000
Pakistan,1986,1987,12,0.0000000000
Austria,1986,1987,12,0.0434782609
Maldives,1986,1987,12,0.0434782609
South Africa,1986,1987,12,0.1428571429
Guyana,1986,1987,12,0.0434782609
Turkiye,1986,1987,12,0.0434782609
Aruba,1986,1987,12,0.0434782609
Solomon Islands,1986,1987,12,0.1428571429
Kuwait,1986,1987,12,0.0000000000
Marshall Islands,1986,1987,12,0.0909090909
Morocco,1986,1987,12,0.0000000000
Puerto Rico (US),1986,1987,12,0.0909090909
Philippines,1986,1987,12,0.0000000000
Syrian Arab Republic,1986,1987,12,0.0000000000
Cyprus,1986,1987,12,0.0909090909
Caribbean small states,1986,1987,12,0.0000000000
Mauritius,1986,1987,12,0.0909090909
Jamaica,1986,1987,12,0.0000000000
Lao PDR,1986,1987,12,0.0000000000
Bhutan,1986,1987,12,0.0434782609
Senegal,1986,1987,12,0.0000000000
"Somalia, Fed. Rep.",1986,1987,12,0.0000000000
"Korea, Rep.",1986,1987,12,0.0909090909
St. Lucia,1986,1987,12,0.0909090909
World,1986,1987,12,0.5000000000
Sao Tome and Principe,1986,1987,12,0.0434782609
Monaco,1986,1987,12,0.0000000000
Greenland,1986,1987,12,0.0000000000
Belgium,1986,1987,12,0.0000000000
European Union,1986,1987,12,0.3333333333
Cambodia,1986,1987,12,0.0434782609
Togo,1986,1987,12,0.0000000000
Bangladesh,1986,1987,12,0.0000000000
Colombia,1986,1987,12,0.0000000000
"Gambia, The",1986,1987,12,0.0434782609
Faroe Islands,1986,1987,12,0.2000000000
East Asia & Pacific (excluding high income),1986,1987,12,0.1428571429
Viet Nam,1986,1987,12,0.0434782609
China,1986,1987,12,0.0000000000
Pre-demographic dividend,1986,1987,12,0.0909090909
Israel,1986,1987,12,0.0909090909
Slovenia,1986,1987,12,0.0000000000
South Asia (IDA & IBRD),1986,1987,12,0.0909090909
High income,1986,1987,12,0.4117647059
East Asia & Pacific,1986,1987,12,0.8461538462
Vanuatu,1986,1987,12,0.0000000000
Comoros,1986,1987,12,0.0434782609
Cabo Verde,1986,1987,12,0.0000000000
Dominica,1986,1987,12,0.0434782609
Mauritania,1986,1987,12,0.0434782609
Late-demographic dividend,1986,1987,12,0.0000000000
Africa Western and Central,1986,1987,12,0.0434782609
Latin America & Caribbean,1986,1987,12,0.3333333333
Lower middle income,1986,1987,12,0.2631578947
Tanzania,1986,1987,12,0.0434782609
Costa Rica,1986,1987,12,0.0909090909
"Congo, Rep.",1986,1987,12,0.0000000000
Fragile and conflict affected situations,1986,1987,12,0.0000000000
Nauru,1986,1987,12,0.0000000000
Australia,1986,1987,12,0.0000000000
St. Kitts and Nevis,1986,1987,12,0.0434782609
Small states,1986,1987,12,0.0000000000
Antigua and Barbuda,1986,1987,12,0.0434782609
Low & middle income,1986,1987,12,0.8461538462
Nicaragua,1986,1987,12,0.0000000000
Middle income,1986,1987,12,0.8461538462
"Bahamas, The",1986,1987,12,0.0434782609
Sierra Leone,1986,1987,12,0.0909090909
Sub-Saharan Africa,1986,1987,12,0.1428571429
Upper middle income,1986,1987,12,0.6000000000
Zambia,1986,1987,12,0.0434782609
Latin America & Caribbean (excluding high income),1986,1987,12,0.2631578947
Other small states,1986,1987,12,0.0434782609
Grenada,1986,1987,12,0.0000000000
Rwanda,1986,1987,12,0.0000000000
Finland,1986,1987,12,0.0909090909
Guatemala,1986,1987,12,0.0000000000
Nigeria,1986,1987,12,0.0000000000
Post-demographic dividend,1986,1987,12,0.4117647059
Lesotho,1986,1987,12,0.0000000000
Spain,1986,1987,12,0.0434782609
Least developed countries: UN classification,1986,1987,12,0.0000000000
Barbados,1986,1987,12,0.0000000000
"Middle East, North Africa, Afghanistan & Pakistan",1986,1987,12,0.0000000000
Sub-Saharan Africa (excluding high income),1986,1987,12,0.1428571429
Early-demographic dividend,1986,1987,12,0.0909090909
Botswana,1986,1987,12,0.0000000000
Bulgaria,1986,1987,12,0.0434782609
"Iran, Islamic Rep.",1986,1987,12,0.0000000000
Mozambique,1986,1987,12,0.0000000000
North America,1986,1987,12,0.7142857143
Angola,1986,1987,12,0.0000000000
Japan,1986,1987,12,0.8461538462
Liberia,1986,1987,12,0.0434782609
Liechtenstein,1986,1987,12,0.0000000000
Switzerland,1986,1987,12,0.0434782609
San Marino,1986,1987,12,0.0909090909
United Arab Emirates,1986,1987,12,0.0000000000
United Kingdom,1986,1987,12,0.0000000000
North Macedonia,1986,1987,12,0.0434782609
Malaysia,1986,1987,12,0.0434782609
Argentina,1986,1987,12,0.0434782609
Singapore,1986,1987,12,0.0000000000
Eswatini,1986,1987,12,0.0434782609
Bolivia,1986,1987,12,0.0909090909
Myanmar,1986,1987,12,0.0434782609
Arab World,1986,1987,12,0.0434782609
Ireland,1986,1987,12,0.0434782609
Burkina Faso,1986,1987,12,0.0000000000
Georgia,1986,1987,12,0.0909090909
Ecuador,1986,1987,12,0.0434782609
Namibia,1986,1987,12,0.0434782609
Sweden,1986,1987,12,0.0000000000
Andorra,1986,1987,12,0.0909090909
IDA & IBRD total,1986,1987,12,0.8461538462
Jordan,1986,1987,12,0.0909090909
Libya,1986,1987,12,0.0000000000
Cameroon,1986,1987,12,0.0434782609
Chile,1986,1987,12,0.0434782609
Peru,1986,1987,12,0.0000000000
Mexico,1986,1987,12,0.0434782609
Africa Eastern and Southern,1986,1987,12,0.0909090909
Central African Republic,1986,1987,12,0.0000000000
Latin America & the Caribbean (IDA & IBRD countries),1986,1987,12,0.3333333333
Canada,1986,1987,12,0.0000000000
OECD members,1986,1987,12,0.5000000000
IDA blend,1986,1987,12,0.1428571429
Norway,1986,1987,12,0.0000000000
Benin,1986,1987,12,0.0000000000
Chad,1986,1987,12,0.0000000000
Hungary,1986,1987,12,0.0434782609
Tajikistan,1986,1987,12,0.0000000000
Kiribati,1986,1987,12,0.0434782609
"Middle East, North Africa, Afghanistan & Pakistan (IDA & IBRD)",1986,1987,12,0.0434782609
IDA total,1986,1987,12,0.1428571429
Guinea,1986,1987,12,0.0909090909
Iraq,1986,1987,12,0.0000000000
Netherlands,1986,1987,12,0.0000000000
Belize,1986,1987,12,0.1428571429
Algeria,1986,1987,12,0.0000000000
Saudi Arabia,1986,1987,12,0.0000000000
Guinea-Bissau,1986,1987,12,0.0434782609
Cuba,1986,1987,12,0.0909090909
Qatar,1986,1987,12,0.0434782609
United States,1986,1987,12,0.5000000000
Papua New Guinea,1986,1987,12,0.0434782609
Heavily indebted poor countries (HIPC),1986,1987,12,0.0909090909
Indonesia,1986,1987,12,0.0000000000
Haiti,1986,1987,12,0.0434782609
Portugal,1986,1987,12,0.0909090909
Thailand,1986,1987,12,0.0000000000
Dominican Republic,1986,1987,12,0.0434782609
Nepal,1986,1987,12,0.0000000000
Cote d'Ivoire,1986,1987,12,0.0000000000
"Micronesia, Fed. Sts.",1986,1987,12,0.0000000000
Paraguay,1986,1987,12,0.0000000000
Malawi,1986,1987,12,0.0909090909
Equatorial Guinea,1986,1987,12,0.0000000000
Mongolia,1986,1987,12,0.0434782609
Isle of Man,1986,1987,12,0.0909090909
Albania,1986,1987,12,0.0434782609
Italy,1986,1987,12,0.0909090909
"Egypt, Arab Rep.",1986,1987,12,0.0434782609
Low income,1986,1987,12,0.0434782609
Tunisia,1986,1987,12,0.0434782609
Uganda,1986,1987,12,0.0000000000
Luxembourg,1986,1987,12,0.1428571429
"Venezuela, RB",1986,1987,12,0.0909090909
Oman,1986,1987,12,0.0434782609
Tuvalu,1986,1987,12,0.1428571429
New Caledonia,1986,1987,12,0.0000000000
Malta,1986,1987,12,0.0000000000
Honduras,1986,1987,12,0.0909090909
Bermuda,1986,1987,12,0.0909090909
India,1986,1987,12,0.0909090909
St. Vincent and the Grenadines,1986,1987,12,0.0000000000
Uruguay,1986,1987,12,0.0000000000
Sudan,1986,1987,12,0.0434782609
East Asia & Pacific (IDA & IBRD countries),1986,1987,12,0.1428571429
Kyrgyz Republic,1987,1988,12,0.0434782609
Mali,1987,1988,12,0.0000000000
IBRD only,1987,1988,12,0.6000000000
Denmark,1987,1988,12,0.0909090909
Tonga,1987,1988,12,0.0000000000
Europe & Central Asia,1987,1988,12,0.5000000000
"Macao SAR, China",1987,1988,12,0.0434782609
Madagascar,1987,1988,12,0.0000000000
Ethiopia,1987,1988,12,0.0434782609
Brunei Darussalam,1987,1988,12,0.0434782609
Iceland,1987,1988,12,0.0000000000
Pacific island small states,1987,1988,12,0.0434782609
Burundi,1987,1988,12,0.0909090909
Bahrain,1987,1988,12,0.0434782609
Ghana,1987,1988,12,0.0000000000
Gabon,1987,1988,12,0.0434782609
IDA only,1987,1988,12,0.0434782609
New Zealand,1987,1988,12,0.0434782609
Samoa,1987,1988,12,0.1428571429
Kenya,1987,1988,12,0.0434782609
Brazil,1987,1988,12,0.0000000000
Euro area,1987,1988,12,0.4117647059
Greece,1987,1988,12,0.0000000000
Romania,1987,1988,12,0.0000000000
Seychelles,1987,1988,12,0.0434782609
Niger,1987,1988,12,0.0000000000
Panama,1987,1988,12,0.0000000000
Zimbabwe,1987,1988,12,0.0000000000
Germany,1987,1988,12,0.0000000000
"Hong Kong SAR, China",1987,1988,12,0.0000000000
Sub-Saharan Africa (IDA & IBRD countries),1987,1988,12,0.2631578947
France,1987,1988,12,0.5000000000
Suriname,1987,1988,12,0.0434782609
Ukraine,1987,1988,12,0.0909090909
Sri Lanka,1987,1988,12,0.0909090909
Trinidad and Tobago,1987,1988,12,0.0434782609
"Middle East, North Africa, Afghanistan & Pakistan (excluding high income)",1987,1988,12,0.0434782609
"Congo, Dem. Rep.",1987,1988,12,0.0000000000
South Asia,1987,1988,12,0.0434782609
El Salvador,1987,1988,12,0.1428571429
Fiji,1987,1988,12,0.0434782609
French Polynesia,1987,1988,12,0.1428571429
Palau,1987,1988,12,0.0434782609
Pakistan,1987,1988,12,0.0000000000
Austria,1987,1988,12,0.0909090909
Maldives,1987,1988,12,0.0000000000
South Africa,1987,1988,12,0.0434782609
Guyana,1987,1988,12,0.0000000000
Turkiye,1987,1988,12,0.0000000000
Aruba,1987,1988,12,0.0909090909
Solomon Islands,1987,1988,12,0.0000000000
Kuwait,1987,1988,12,0.0434782609
Marshall Islands,1987,1988,12,0.0434782609
Morocco,1987,1988,12,0.0434782609
Puerto Rico (US),1987,1988,12,0.0434782609
Philippines,1987,1988,12,0.0909090909
Syrian Arab Republic,1987,1988,12,0.0000000000
Cyprus,1987,1988,12,0.0909090909
Caribbean small states,1987,1988,12,0.0000000000
Mauritius,1987,1988,12,0.0434782609
Jamaica,1987,1988,12,0.0434782609
Lao PDR,1987,1988,12,0.0909090909
Bhutan,1987,1988,12,0.0434782609
Senegal,1987,1988,12,0.0000000000
"Somalia, Fed. Rep.",1987,1988,12,0.0000000000
"Korea, Rep.",1987,1988,12,0.0000000000
St. Lucia,1987,1988,12,0.0434782609
World,1987,1988,12,0.2000000000
Sao Tome and Principe,1987,1988,12,0.0909090909
Monaco,1987,1988,12,0.0000000000
Greenland,1987,1988,12,0.0909090909
Belgium,1987,1988,12,0.0000000000
European Union,1987,1988,12,0.4117647059
Cambodia,1987,1988,12,0.0000000000
Togo,1987,1988,12,0.0000000000
Bangladesh,1987,1988,12,0.0000000000
Colombia,1987,1988,12,0.0909090909
"Gambia, The",1987,1988,12,0.0434782609
Faroe Islands,1987,1988,12,0.0000000000
East Asia & Pacific (excluding high income),1987,1988,12,0.0434782609
Viet Nam,1987,1988,12,0.0434782609
China,1987,1988,12,0.0434782609
Pre-demographic dividend,1987,1988,12,0.0434782609
Israel,1987,1988,12,0.0434782609
Slovenia,1987,1988,12,0.0434782609
South Asia (IDA & IBRD),1987,1988,12,0.0434782609
Djibouti,1987,1988,12,0.2000000000
High income,1987,1988,12,0.2000000000
Turkmenistan,1987,1988,12,0.0909090909
East Asia & Pacific,1987,1988,12,0.5000000000
Vanuatu,1987,1988,12,0.2000000000
Comoros,1987,1988,12,0.1428571429
Cabo Verde,1987,1988,12,0.0909090909
Dominica,1987,1988,12,0.0909090909
Mauritania,1987,1988,12,0.0909090909
Late-demographic dividend,1987,1988,12,0.0434782609
Africa Western and Central,1987,1988,12,0.0434782609
Latin America & Caribbean,1987,1988,12,0.1428571429
Lower middle income,1987,1988,12,0.0434782609
Tanzania,1987,1988,12,0.0909090909
Costa Rica,1987,1988,12,0.0434782609
"Congo, Rep.",1987,1988,12,0.0434782609
Fragile and conflict affected situations,1987,1988,12,0.1428571429
Nauru,1987,1988,12,0.0909090909
Australia,1987,1988,12,0.0000000000
St. Kitts and Nevis,1987,1988,12,0.0434782609
Small states,1987,1988,12,0.0434782609
Antigua and Barbuda,1987,1988,12,0.1428571429
Low & middle income,1987,1988,12,0.6000000000
Nicaragua,1987,1988,12,0.0000000000
Middle income,1987,1988,12,0.6000000000
"Bahamas, The",1987,1988,12,0.0434782609
Sierra Leone,1987,1988,12,0.0000000000
Sub-Saharan Africa,1987,1988,12,0.2000000000
Europe & Central Asia (excluding high income),1987,1988,12,0.1428571429
Upper middle income,1987,1988,12,0.6000000000
Latin America & Caribbean (excluding high income),1987,1988,12,0.1428571429
Other small states,1987,1988,12,0.0434782609
Grenada,1987,1988,12,0.0909090909
Zambia,1987,1988,12,0.0000000000
Rwanda,1987,1988,12,0.0000000000
Finland,1987,1988,12,0.0000000000
Guatemala,1987,1988,12,0.0434782609
Nigeria,1987,1988,12,0.0909090909
Post-demographic dividend,1987,1988,12,0.2000000000
Lesotho,1987,1988,12,0.0909090909
Spain,1987,1988,12,0.0000000000
Least developed countries: UN classification,1987,1988,12,0.0434782609
Barbados,1987,1988,12,0.0000000000
"Middle East, North Africa, Afghanistan & Pakistan",1987,1988,12,0.0000000000
Sub-Saharan Africa (excluding high income),1987,1988,12,0.2631578947
Early-demographic dividend,1987,1988,12,0.1428571429
Botswana,1987,1988,12,0.0000000000
Bulgaria,1987,1988,12,0.0000000000
"Iran, Islamic Rep.",1987,1988,12,0.0909090909
Mozambique,1987,1988,12,0.0434782609
North America,1987,1988,12,0.7142857143
Angola,1987,1988,12,0.0909090909
Japan,1987,1988,12,0.0000000000
Liberia,1987,1988,12,0.0000000000
Liechtenstein,1987,1988,12,0.0434782609
Switzerland,1987,1988,12,0.2000000000
San Marino,1987,1988,12,0.0434782609
United Arab Emirates,1987,1988,12,0.0000000000
United Kingdom,1987,1988,12,0.0000000000
North Macedonia,1987,1988,12,0.0434782609
Malaysia,1987,1988,12,0.0000000000
Argentina,1987,1988,12,0.0434782609
Singapore,1987,1988,12,0.0000000000
Eswatini,1987,1988,12,0.0000000000
Bolivia,1987,1988,12,0.0434782609
Myanmar,1987,1988,12,0.0000000000
Arab World,1987,1988,12,0.1428571429
Ireland,1987,1988,12,0.0000000000
Burkina Faso,1987,1988,12,0.0909090909
Georgia,1987,1988,12,0.0909090909
Ecuador,1987,1988,12,0.0434782609
Namibia,1987,1988,12,0.0000000000
Sweden,1987,1988,12,0.0000000000
Andorra,1987,1988,12,0.0909090909
IDA & IBRD total,1987,1988,12,0.6000000000
Jordan,1987,1988,12,0.0000000000
Libya,1987,1988,12,0.0434782609
Cameroon,1987,1988,12,0.0434782609
Chile,1987,1988,12,0.0909090909
Peru,1987,1988,12,0.0434782609
Mexico,1987,1988,12,0.0434782609
Africa Eastern and Southern,1987,1988,12,0.0434782609
Central African Republic,1987,1988,12,0.0434782609
Latin America & the Caribbean (IDA & IBRD countries),1987,1988,12,0.1428571429
Canada,1987,1988,12,0.0000000000
OECD members,1987,1988,12,0.2000000000
IDA blend,1987,1988,12,0.0000000000
Norway,1987,1988,12,0.0000000000
Benin,1987,1988,12,0.0000000000
Chad,1987,1988,12,0.0000000000
Hungary,1987,1988,12,0.0000000000
Tajikistan,1987,1988,12,0.0434782609
Kiribati,1987,1988,12,0.0434782609
"Middle East, North Africa, Afghanistan & Pakistan (IDA & IBRD)",1987,1988,12,0.0434782609
IDA total,1987,1988,12,0.1428571429
Guinea,1987,1988,12,0.0434782609
Iraq,1987,1988,12,0.0000000000
Netherlands,1987,1988,12,0.0000000000
Belize,1987,1988,12,0.0000000000
Algeria,1987,1988,12,0.0434782609
Saudi Arabia,1987,1988,12,0.0909090909
Guinea-Bissau,1987,1988,12,0.0909090909
Cuba,1987,1988,12,0.0434782609
Qatar,1987,1988,12,0.0000000000
United States,1987,1988,12,0.5000000000
Papua New Guinea,1987,1988,12,0.0434782609
Heavily indebted poor countries (HIPC),1987,1988,12,0.0000000000
Indonesia,1987,1988,12,0.0434782609
Haiti,1987,1988,12,0.1428571429
Portugal,1987,1988,12,0.0000000000
Thailand,1987,1988,12,0.0434782609
Dominican Republic,1987,1988,12,0.0909090909
Nepal,1987,1988,12,0.0000000000
Cote d'Ivoire,1987,1988,12,0.0434782609
Uzbekistan,1987,1988,12,0.0909090909
"Micronesia, Fed. Sts.",1987,1988,12,0.0000000000
Paraguay,1987,1988,12,0.0434782609
Malawi,1987,1988,12,0.0000000000
Equatorial Guinea,1987,1988,12,0.0000000000
Mongolia,1987,1988,12,0.0909090909
Isle of Man,1987,1988,12,0.0000000000
Albania,1987,1988,12,0.0434782609
Italy,1987,1988,12,0.3333333333
"Egypt, Arab Rep.",1987,1988,12,0.0434782609
Low income,1987,1988,12,0.0000000000
Tunisia,1987,1988,12,0.0909090909
Uganda,1987,1988,12,0.0434782609
Luxembourg,1987,1988,12,0.0000000000
"Venezuela, RB",1987,1988,12,0.0434782609
Oman,1987,1988,12,0.0434782609
Tuvalu,1987,1988,12,0.0434782609
New Caledonia,1987,1988,12,0.0434782609
Malta,1987,1988,12,0.0909090909
Honduras,1987,1988,12,0.0909090909
Bermuda,1987,1988,12,0.0434782609
India,1987,1988,12,0.0000000000
St. Vincent and the Grenadines,1987,1988,12,0.0434782609
Uruguay,1987,1988,12,0.0909090909
Sudan,1987,1988,12,0.0000000000
East Asia & Pacific (IDA & IBRD countries),1987,1988,12,0.0434782609
Kyrgyz Republic,1988,1989,12,0.0000000000
Mali,1988,1989,12,0.0909090909
IBRD only,1988,1989,12,0.6000000000
Denmark,1988,1989,12,0.0434782609
Tonga,1988,1989,12,0.0000000000
Europe & Central Asia,1988,1989,12,0.7142857143
"Macao SAR, China",1988,1989,12,0.0909090909
Madagascar,1988,1989,12,0.0909090909
Ethiopia,1988,1989,12,0.0434782609
Brunei Darussalam,1988,1989,12,0.1428571429
Iceland,1988,1989,12,0.0434782609
Pacific island small states,1988,1989,12,0.0434782609
Burundi,1988,1989,12,0.0000000000
Bahrain,1988,1989,12,0.0434782609
Ghana,1988,1989,12,0.0909090909
Gabon,1988,1989,12,0.0909090909
IDA only,1988,1989,12,0.0909090909
New Zealand,1988,1989,12,0.0000000000
Samoa,1988,1989,12,0.0000000000
Kenya,1988,1989,12,0.0434782609
Brazil,1988,1989,12,0.0000000000
Euro area,1988,1989,12,0.8461538462
Greece,1988,1989,12,0.0000000000
Lebanon,1988,1989,12,0.0434782609
Romania,1988,1989,12,0.0000000000
Seychelles,1988,1989,12,0.0000000000
Niger,1988,1989,12,0.0000000000
Panama,1988,1989,12,0.0000000000
Zimbabwe,1988,1989,12,0.0909090909
Germany,1988,1989,12,0.0434782609
"Hong Kong SAR, China",1988,1989,12,0.0000000000
Sub-Saharan Africa (IDA & IBRD countries),1988,1989,12,0.1428571429
France,1988,1989,12,0.0434782609
Suriname,1988,1989,12,0.0434782609
Ukraine,1988,1989,12,0.0909090909
Sri Lanka,1988,1989,12,0.0909090909
Trinidad and Tobago,1988,1989,12,0.0434782609
"Middle East, North Africa, Afghanistan & Pakistan (excluding high income)",1988,1989,12,0.0434782609
"Congo, Dem. Rep.",1988,1989,12,0.0434782609
South Asia,1988,1989,12,0.0909090909
El Salvador,1988,1989,12,0.0434782609
Fiji,1988,1989,12,0.0000000000
French Polynesia,1988,1989,12,0.0000000000
Palau,1988,1989,12,0.0909090909
Pakistan,1988,1989,12,0.0434782609
Austria,1988,1989,12,0.1428571429
Maldives,1988,1989,12,0.2000000000
South Africa,1988,1989,12,0.0000000000
Guyana,1988,1989,12,0.0434782609
Turkiye,1988,1989,12,0.0000000000
Aruba,1988,1989,12,0.0000000000
Solomon Islands,1988,1989,12,0.0000000000
Kuwait,1988,1989,12,0.0434782609
Marshall Islands,1988,1989,12,0.0000000000
Morocco,1988,1989,12,0.0000000000
Puerto Rico (US),1988,1989,12,0.0434782609
Philippines,1988,1989,12,0.0000000000
Syrian Arab Republic,1988,1989,12,0.0434782609
Cyprus,1988,1989,12,0.2000000000
Caribbean small states,1988,1989,12,0.0434782609
Mauritius,1988,1989,12,0.0434782609
Jamaica,1988,1989,12,0.0434782609
Lao PDR,1988,1989,12,0.0000000000
Bhutan,1988,1989,12,0.0434782609
Senegal,1988,1989,12,0.0000000000
"Somalia, Fed. Rep.",1988,1989,12,0.0909090909
"Korea, Rep.",1988,1989,12,0.0000000000
St. Lucia,1988,1989,12,0.0434782609
World,1988,1989,12,0.2000000000
Sao Tome and Principe,1988,1989,12,0.0434782609
Monaco,1988,1989,12,0.0000000000
Greenland,1988,1989,12,0.0434782609
Belgium,1988,1989,12,0.0434782609
European Union,1988,1989,12,0.8461538462
Cambodia,1988,1989,12,0.0000000000
Togo,1988,1989,12,0.0909090909
Bangladesh,1988,1989,12,0.0909090909
Colombia,1988,1989,12,0.0000000000
"Gambia, The",1988,1989,12,0.0434782609
Faroe Islands,1988,1989,12,0.0434782609
East Asia & Pacific (excluding high income),1988,1989,12,0.0909090909
Viet Nam,1988,1989,12,0.0000000000
China,1988,1989,12,0.0000000000
Pre-demographic dividend,1988,1989,12,0.0000000000
Israel,1988,1989,12,0.0434782609
Slovenia,1988,1989,12,0.0909090909
South Asia (IDA & IBRD),1988,1989,12,0.0434782609
Djibouti,1988,1989,12,0.0909090909
High income,1988,1989,12,0.2000000000
Turkmenistan,1988,1989,12,0.0434782609
East Asia & Pacific,1988,1989,12,0.6000000000
Vanuatu,1988,1989,12,0.0000000000
Comoros,1988,1989,12,0.0434782609
Cabo Verde,1988,1989,12,0.0000000000
Dominica,1988,1989,12,0.0434782609
Mauritania,1988,1989,12,0.0000000000
Late-demographic dividend,1988,1989,12,0.3333333333
Africa Western and Central,1988,1989,12,0.0000000000
Latin America & Caribbean,1988,1989,12,0.0909090909
Lower middle income,1988,1989,12,0.0000000000
Tanzania,1988,1989,12,0.0000000000
Costa Rica,1988,1989,12,0.0000000000
"Congo, Rep.",1988,1989,12,0.0909090909
Fragile and conflict affected situations,1988,1989,12,0.0434782609
Nauru,1988,1989,12,0.0434782609
Australia,1988,1989,12,0.0000000000
St. Kitts and Nevis,1988,1989,12,0.0434782609
Small states,1988,1989,12,0.0909090909
Antigua and Barbuda,1988,1989,12,0.1428571429
Low & middle income,1988,1989,12,0.6000000000
Nicaragua,1988,1989,12,0.0434782609
Middle income,1988,1989,12,0.6000000000
"Bahamas, The",1988,1989,12,0.0000000000
Sierra Leone,1988,1989,12,0.0000000000
Sub-Saharan Africa,1988,1989,12,0.1428571429
Europe & Central Asia (excluding high income),1988,1989,12,0.0909090909
Upper middle income,1988,1989,12,0.6000000000
Latin America & Caribbean (excluding high income),1988,1989,12,0.0909090909
Other small states,1988,1989,12,0.0000000000
Grenada,1988,1989,12,0.2631578947
Zambia,1988,1989,12,0.0000000000
Rwanda,1988,1989,12,0.0000000000
Finland,1988,1989,12,0.0909090909
Guatemala,1988,1989,12,0.0434782609
Nigeria,1988,1989,12,0.0000000000
Post-demographic dividend,1988,1989,12,0.2000000000
Lesotho,1988,1989,12,0.0434782609
Spain,1988,1989,12,0.0000000000
Least developed countries: UN classification,1988,1989,12,0.0000000000
Barbados,1988,1989,12,0.0000000000
"Middle East, North Africa, Afghanistan & Pakistan",1988,1989,12,0.0909090909
Sub-Saharan Africa (excluding high income),1988,1989,12,0.1428571429
Early-demographic dividend,1988,1989,12,0.1428571429
Botswana,1988,1989,12,0.0434782609
Bulgaria,1988,1989,12,0.0434782609
"Iran, Islamic Rep.",1988,1989,12,0.0434782609
Mozambique,1988,1989,12,0.0909090909
North America,1988,1989,12,0.7142857143
Angola,1988,1989,12,0.0434782609
Japan,1988,1989,12,0.0434782609
Liberia,1988,1989,12,0.0909090909
Liechtenstein,1988,1989,12,0.0909090909
Switzerland,1988,1989,12,0.0000000000
San Marino,1988,1989,12,0.0000000000
United Arab Emirates,1988,1989,12,0.0434782609
United Kingdom,1988,1989,12,0.0000000000
North Macedonia,1988,1989,12,0.0434782609
Malaysia,1988,1989,12,0.0434782609
Argentina,1988,1989,12,0.0000000000
Singapore,1988,1989,12,0.0909090909
Eswatini,1988,1989,12,0.0434782609
Russian Federation,1988,1989,12,0.0909090909
Bolivia,1988,1989,12,0.1428571429
Myanmar,1988,1989,12,0.0000000000
Arab World,1988,1989,12,0.0434782609
Ireland,1988,1989,12,0.1428571429
Burkina Faso,1988,1989,12,0.0000000000
Georgia,1988,1989,12,0.0000000000
Ecuador,1988,1989,12,0.0000000000
Namibia,1988,1989,12,0.0434782609
Sweden,1988,1989,12,0.0434782609
Andorra,1988,1989,12,0.1428571429
IDA & IBRD total,1988,1989,12,0.6000000000
Jordan,1988,1989,12,0.0909090909
Libya,1988,1989,12,0.0000000000
Cameroon,1988,1989,12,0.0000000000
Chile,1988,1989,12,0.2000000000
Peru,1988,1989,12,0.0434782609
Mexico,1988,1989,12,0.1428571429
Africa Eastern and Southern,1988,1989,12,0.0000000000
Central African Republic,1988,1989,12,0.0000000000
Latin America & the Caribbean (IDA & IBRD countries),1988,1989,12,0.0909090909
Canada,1988,1989,12,0.0000000000
OECD members,1988,1989,12,0.2000000000
IDA blend,1988,1989,12,0.0000000000
Norway,1988,1989,12,0.0000000000
Benin,1988,1989,12,0.0000000000
Europe & Central Asia (IDA & IBRD countries),1988,1989,12,0.0909090909
Chad,1988,1989,12,0.0000000000
Hungary,1988,1989,12,0.0909090909
Tajikistan,1988,1989,12,0.0000000000
Kiribati,1988,1989,12,0.0434782609
"Middle East, North Africa, Afghanistan & Pakistan (IDA & IBRD)",1988,1989,12,0.0434782609
IDA total,1988,1989,12,0.2000000000
Guinea,1988,1989,12,0.0000000000
Iraq,1988,1989,12,0.0909090909
Netherlands,1988,1989,12,0.0434782609
Belize,1988,1989,12,0.0000000000
Algeria,1988,1989,12,0.0000000000
Saudi Arabia,1988,1989,12,0.0434782609
Guinea-Bissau,1988,1989,12,0.0909090909
Cuba,1988,1989,12,0.0909090909
Qatar,1988,1989,12,0.0434782609
United States,1988,1989,12,0.6000000000
Papua New Guinea,1988,1989,12,0.0000000000
Heavily indebted poor countries (HIPC),1988,1989,12,0.0000000000
Indonesia,1988,1989,12,0.0000000000
Haiti,1988,1989,12,0.0909090909
Portugal,1988,1989,12,0.0000000000
Thailand,1988,1989,12,0.0434782609
Dominican Republic,1988,1989,12,0.0000000000
Nepal,1988,1989,12,0.0000000000
Cote d'Ivoire,1988,1989,12,0.0000000000
Uzbekistan,1988,1989,12,0.0000000000
"Micronesia, Fed. Sts.",1988,1989,12,0.0434782609
Paraguay,1988,1989,12,0.0434782609
Malawi,1988,1989,12,0.0909090909
Equatorial Guinea,1988,1989,12,0.0000000000
Mongolia,1988,1989,12,0.0000000000
Isle of Man,1988,1989,12,0.0000000000
Albania,1988,1989,12,0.1428571429
Italy,1988,1989,12,0.0434782609
"Egypt, Arab Rep.",1988,1989,12,0.0909090909
Low income,1988,1989,12,0.0909090909
Tunisia,1988,1989,12,0.0434782609
Uganda,1988,1989,12,0.0434782609
Luxembourg,1988,1989,12,0.2000000000
"Venezuela, RB",1988,1989,12,0.0000000000
Oman,1988,1989,12,0.0434782609
Tuvalu,1988,1989,12,0.1428571429
New Caledonia,1988,1989,12,0.0909090909
Malta,1988,1989,12,0.2000000000
Honduras,1988,1989,12,0.0000000000
Bermuda,1988,1989,12,0.0909090909
India,1988,1989,12,0.0909090909
St. Vincent and the Grenadines,1988,1989,12,0.0000000000
Uruguay,1988,1989,12,0.0909090909
Sudan,1988,1989,12,0.0909090909
East Asia & Pacific (IDA & IBRD countries),1988,1989,12,0.1428571429
Kyrgyz Republic,1989,1990,12,0.0000000000
Mali,1989,1990,12,0.0000000000
IBRD only,1989,1990,12,0.7142857143
Denmark,1989,1990,12,0.0000000000
Tonga,1989,1990,12,0.0909090909
Europe & Central Asia,1989,1990,12,0.4117647059
Guam,1989,1990,12,0.0000000000
"Macao SAR, China",1989,1990,12,0.0434782609
Madagascar,1989,1990,12,0.0000000000
Ethiopia,1989,1990,12,0.1428571429
Brunei Darussalam,1989,1990,12,0.0000000000
Iceland,1989,1990,12,0.0909090909
Pacific island small states,1989,1990,12,0.0909090909
Burundi,1989,1990,12,0.0434782609
Bahrain,1989,1990,12,0.0000000000
Ghana,1989,1990,12,0.0434782609
Gabon,1989,1990,12,0.0000000000
IDA only,1989,1990,12,0.0000000000
New Zealand,1989,1990,12,0.0000000000
Samoa,1989,1990,12,0.0000000000
Kenya,1989,1990,12,0.0000000000
Brazil,1989,1990,12,0.0000000000
Euro area,1989,1990,12,0.6000000000
Greece,1989,1990,12,0.0000000000
Lebanon,1989,1990,12,0.0000000000
Romania,1989,1990,12,0.0000000000
Seychelles,1989,1990,12,0.0434782609
Niger,1989,1990,12,0.0434782609
Panama,1989,1990,12,0.0000000000
Zimbabwe,1989,1990,12,0.0909090909
Germany,1989,1990,12,0.0909090909
"Hong Kong SAR, China",1989,1990,12,0.0000000000
Sub-Saharan Africa (IDA & IBRD countries),1989,1990,12,0.0909090909
France,1989,1990,12,0.0000000000
Suriname,1989,1990,12,0.0434782609
Ukraine,1989,1990,12,0.0434782609
Sri Lanka,1989,1990,12,0.0000000000
Trinidad and Tobago,1989,1990,12,0.0000000000
"Middle East, North Africa, Afghanistan & Pakistan (excluding high income)",1989,1990,12,0.0909090909
"Congo, Dem. Rep.",1989,1990,12,0.0000000000
South Asia,1989,1990,12,0.1428571429
El Salvador,1989,1990,12,0.0000000000
Fiji,1989,1990,12,0.0000000000
French Polynesia,1989,1990,12,0.0000000000
Palau,1989,1990,12,0.0000000000
Pakistan,1989,1990,12,0.0434782609
Austria,1989,1990,12,0.0000000000
Maldives,1989,1990,12,0.0000000000
South Africa,1989,1990,12,0.0000000000
Guyana,1989,1990,12,0.0000000000
Turkiye,1989,1990,12,0.0000000000
Aruba,1989,1990,12,0.0000000000
Solomon Islands,1989,1990,12,0.0000000000
Kuwait,1989,1990,12,0.0909090909
Marshall Islands,1989,1990,12,0.0434782609
Morocco,1989,1990,12,0.0000000000
Puerto Rico (US),1989,1990,12,0.0909090909
Philippines,1989,1990,12,0.0000000000
Syrian Arab Republic,1989,1990,12,0.0909090909
Cyprus,1989,1990,12,0.0434782609
Caribbean small states,1989,1990,12,0.0909090909
Mauritius,1989,1990,12,0.0434782609
Jamaica,1989,1990,12,0.0434782609
Lao PDR,1989,1990,12,0.0909090909
Bhutan,1989,1990,12,0.0909090909
Senegal,1989,1990,12,0.0434782609
"Somalia, Fed. Rep.",1989,1990,12,0.0434782609
"Korea, Rep.",1989,1990,12,0.0000000000
St. Lucia,1989,1990,12,0.0000000000
World,1989,1990,12,0.6000000000
Sao Tome and Principe,1989,1990,12,0.0000000000
Monaco,1989,1990,12,0.0434782609
Greenland,1989,1990,12,0.0000000000
Belgium,1989,1990,12,0.0909090909
European Union,1989,1990,12,0.5000000000
Cambodia,1989,1990,12,0.0434782609
Togo,1989,1990,12,0.0000000000
Bangladesh,1989,1990,12,0.0000000000
Colombia,1989,1990,12,0.0000000000
"Gambia, The",1989,1990,12,0.0909090909
Faroe Islands,1989,1990,12,0.0909090909
East Asia & Pacific (excluding high income),1989,1990,12,0.0434782609
Viet Nam,1989,1990,12,0.0000000000
China,1989,1990,12,0.0000000000
Pre-demographic dividend,1989,1990,12,0.0000000000
Israel,1989,1990,12,0.0434782609
Slovenia,1989,1990,12,0.0434782609
South Asia (IDA & IBRD),1989,1990,12,0.1428571429
Djibouti,1989,1990,12,0.1428571429
High income,1989,1990,12,0.3333333333
Turkmenistan,1989,1990,12,0.0909090909
East Asia & Pacific,1989,1990,12,0.6000000000
Vanuatu,1989,1990,12,0.0000000000
Comoros,1989,1990,12,0.0909090909
Cabo Verde,1989,1990,12,0.0909090909
Dominica,1989,1990,12,0.0434782609
Mauritania,1989,1990,12,0.1428571429
Late-demographic dividend,1989,1990,12,0.2000000000
Africa Western and Central,1989,1990,12,0.0909090909
Latin America & Caribbean,1989,1990,12,0.0909090909
Lower middle income,1989,1990,12,0.0434782609
Tanzania,1989,1990,12,0.0000000000
Costa Rica,1989,1990,12,0.0000000000
"Congo, Rep.",1989,1990,12,0.0434782609
Fragile and conflict affected situations,1989,1990,12,0.0000000000
Nauru,1989,1990,12,0.0000000000
Australia,1989,1990,12,0.0909090909
St. Kitts and Nevis,1989,1990,12,0.0909090909
Small states,1989,1990,12,0.0909090909
Antigua and Barbuda,1989,1990,12,0.0434782609
Low & middle income,1989,1990,12,0.6000000000
Nicaragua,1989,1990,12,0.0434782609
Middle income,1989,1990,12,0.6000000000
"Bahamas, The",1989,1990,12,0.0434782609
Sierra Leone,1989,1990,12,0.0434782609
Sub-Saharan Africa,1989,1990,12,0.0909090909
Europe & Central Asia (excluding high income),1989,1990,12,0.0000000000
Upper middle income,1989,1990,12,0.6000000000
Latin America & Caribbean (excluding high income),1989,1990,12,0.1428571429
Other small states,1989,1990,12,0.0434782609
Grenada,1989,1990,12,0.0434782609
Zambia,1989,1990,12,0.0000000000
Rwanda,1989,1990,12,0.0434782609
Finland,1989,1990,12,0.0000000000
Guatemala,1989,1990,12,0.0000000000
Nigeria,1989,1990,12,0.0434782609
Post-demographic dividend,1989,1990,12,0.3333333333
Lesotho,1989,1990,12,0.0434782609
Spain,1989,1990,12,0.0000000000
Least developed countries: UN classification,1989,1990,12,0.0000000000
Barbados,1989,1990,12,0.0000000000
"Middle East, North Africa, Afghanistan & Pakistan",1989,1990,12,0.0434782609
Sub-Saharan Africa (excluding high income),1989,1990,12,0.0909090909
Early-demographic dividend,1989,1990,12,0.0000000000
Botswana,1989,1990,12,0.0909090909
Bulgaria,1989,1990,12,0.0434782609
"Iran, Islamic Rep.",1989,1990,12,0.0000000000
Mozambique,1989,1990,12,0.0000000000
North America,1989,1990,12,0.4117647059
Angola,1989,1990,12,0.0909090909
Japan,1989,1990,12,0.1428571429
Liberia,1989,1990,12,0.0434782609
Liechtenstein,1989,1990,12,0.0000000000
Switzerland,1989,1990,12,0.0000000000
San Marino,1989,1990,12,0.0434782609
United Arab Emirates,1989,1990,12,0.0434782609
United Kingdom,1989,1990,12,0.0000000000
North Macedonia,1989,1990,12,0.0434782609
Malaysia,1989,1990,12,0.0909090909
Argentina,1989,1990,12,0.0000000000
Singapore,1989,1990,12,0.0909090909
Eswatini,1989,1990,12,0.0434782609
Russian Federation,1989,1990,12,0.0434782609
Bolivia,1989,1990,12,0.0000000000
Myanmar,1989,1990,12,0.0000000000
Arab World,1989,1990,12,0.0434782609
Ireland,1989,1990,12,0.0000000000
Burkina Faso,1989,1990,12,0.0434782609
Georgia,1989,1990,12,0.0434782609
Ecuador,1989,1990,12,0.0434782609
Namibia,1989,1990,12,0.0434782609
Sweden,1989,1990,12,0.0000000000
Andorra,1989,1990,12,0.0434782609
IDA & IBRD total,1989,1990,12,0.8461538462
Jordan,1989,1990,12,0.0434782609
Libya,1989,1990,12,0.0434782609
Cameroon,1989,1990,12,0.0000000000
Chile,1989,1990,12,0.0000000000
Peru,1989,1990,12,0.0000000000
Mexico,1989,1990,12,0.0434782609
Africa Eastern and Southern,1989,1990,12,0.0434782609
Central African Republic,1989,1990,12,0.0000000000
Latin America & the Caribbean (IDA & IBRD countries),1989,1990,12,0.0909090909
Canada,1989,1990,12,0.0000000000
OECD members,1989,1990,12,0.4117647059
IDA blend,1989,1990,12,0.0909090909
Norway,1989,1990,12,0.0000000000
Benin,1989,1990,12,0.0434782609
Europe & Central Asia (IDA & IBRD countries),1989,1990,12,0.0434782609
Chad,1989,1990,12,0.0434782609
Hungary,1989,1990,12,0.0434782609
Tajikistan,1989,1990,12,0.0909090909
Kiribati,1989,1990,12,0.0434782609
"Middle East, North Africa, Afghanistan & Pakistan (IDA & IBRD)",1989,1990,12,0.0909090909
IDA total,1989,1990,12,0.0000000000
Guinea,1989,1990,12,0.0000000000
Iraq,1989,1990,12,0.0000000000
Netherlands,1989,1990,12,0.0434782609
Belize,1989,1990,12,0.0434782609
Algeria,1989,1990,12,0.0000000000
Saudi Arabia,1989,1990,12,0.0909090909
Guinea-Bissau,1989,1990,12,0.0434782609
Cuba,1989,1990,12,0.0434782609
Qatar,1989,1990,12,0.0000000000
United States,1989,1990,12,0.3333333333
Papua New Guinea,1989,1990,12,0.0000000000
Heavily indebted poor countries (HIPC),1989,1990,12,0.0000000000
Indonesia,1989,1990,12,0.0909090909
Haiti,1989,1990,12,0.0000000000
Portugal,1989,1990,12,0.0434782609
Thailand,1989,1990,12,0.0000000000
Dominican Republic,1989,1990,12,0.0434782609
Nepal,1989,1990,12,0.0000000000
Cote d'Ivoire,1989,1990,12,0.0000000000
Uzbekistan,1989,1990,12,0.0434782609
"Micronesia, Fed. Sts.",1989,1990,12,0.0000000000
Paraguay,1989,1990,12,0.0434782609
Malawi,1989,1990,12,0.0000000000
Equatorial Guinea,1989,1990,12,0.0434782609
Mongolia,1989,1990,12,0.0000000000
Isle of Man,1989,1990,12,0.0000000000
Albania,1989,1990,12,0.1428571429
Italy,1989,1990,12,0.0434782609
"Egypt, Arab Rep.",1989,1990,12,0.0434782609
Low income,1989,1990,12,0.0434782609
Tunisia,1989,1990,12,0.0000000000
Uganda,1989,1990,12,0.0000000000
Luxembourg,1989,1990,12,0.0000000000
"Venezuela, RB",1989,1990,12,0.0000000000
Oman,1989,1990,12,0.0434782609
Tuvalu,1989,1990,12,0.0909090909
Estonia,1989,1990,12,0.0909090909
New Caledonia,1989,1990,12,0.0434782609
Malta,1989,1990,12,0.1428571429
Honduras,1989,1990,12,0.0000000000
Bermuda,1989,1990,12,0.0434782609
India,1989,1990,12,0.0909090909
St. Vincent and the Grenadines,1989,1990,12,0.0434782609
Uruguay,1989,1990,12,0.0000000000
Sudan,1989,1990,12,0.0000000000
East Asia & Pacific (IDA & IBRD countries),1989,1990,12,0.0434782609
Kyrgyz Republic,1990,1991,12,0.0000000000
Mali,1990,1991,12,0.0434782609
IBRD only,1990,1991,12,0.4117647059
Denmark,1990,1991,12,0.0000000000
Tonga,1990,1991,12,0.0000000000
Bosnia and Herzegovina,1990,1991,12,0.0000000000
Europe & Central Asia,1990,1991,12,0.5000000000
Guam,1990,1991,12,0.0434782609
"Macao SAR, China",1990,1991,12,0.0000000000
Madagascar,1990,1991,12,0.0000000000
Ethiopia,1990,1991,12,0.0909090909
Brunei Darussalam,1990,1991,12,0.0909090909
Iceland,1990,1991,12,0.0000000000
Pacific island small states,1990,1991,12,0.0000000000
Burundi,1990,1991,12,0.0434782609
Bahrain,1990,1991,12,0.0000000000
Ghana,1990,1991,12,0.0434782609
Kazakhstan,1990,1991,12,0.0000000000
Gabon,1990,1991,12,0.0000000000
IDA only,1990,1991,12,0.0434782609
Croatia,1990,1991,12,0.0434782609
New Zealand,1990,1991,12,0.0909090909
Samoa,1990,1991,12,0.0000000000
Kenya,1990,1991,12,0.0434782609
Brazil,1990,1991,12,0.0434782609
Euro area,1990,1991,12,0.5000000000
Greece,1990,1991,12,0.0000000000
Lebanon,1990,1991,12,0.0434782609
Romania,1990,1991,12,0.0909090909
Seychelles,1990,1991,12,0.0434782609
Niger,1990,1991,12,0.0000000000
Panama,1990,1991,12,0.0434782609
Zimbabwe,1990,1991,12,0.0434782609
Germany,1990,1991,12,0.4117647059
"Hong Kong SAR, China",1990,1991,12,0.0000000000
Sub-Saharan Africa (IDA & IBRD countries),1990,1991,12,0.1428571429
France,1990,1991,12,0.1428571429
Suriname,1990,1991,12,0.0909090909
Slovak Republic,1990,1991,12,0.0434782609
Poland,1990,1991,12,0.0909090909
Sri Lanka,1990,1991,12,0.0434782609
Trinidad and Tobago,1990,1991,12,0.1428571429
"Middle East, North Africa, Afghanistan & Pakistan (excluding high income)",1990,1991,12,0.0909090909
"Congo, Dem. Rep.",1990,1991,12,0.0434782609
South Asia,1990,1991,12,0.0434782609
Ukraine,1990,1991,12,0.0434782609
El Salvador,1990,1991,12,0.0000000000
Fiji,1990,1991,12,0.0000000000
French Polynesia,1990,1991,12,0.0000000000
Palau,1990,1991,12,0.0000000000
Pakistan,1990,1991,12,0.0000000000
Austria,1990,1991,12,0.0434782609
Maldives,1990,1991,12,0.0434782609
South Africa,1990,1991,12,0.0909090909
Guyana,1990,1991,12,0.0909090909
Turkiye,1990,1991,12,0.0909090909
Aruba,1990,1991,12,0.0000000000
Solomon Islands,1990,1991,12,0.0000000000
Kuwait,1990,1991,12,0.0434782609
Marshall Islands,1990,1991,12,0.0434782609
Morocco,1990,1991,12,0.0000000000
Puerto Rico (US),1990,1991,12,0.0000000000
Philippines,1990,1991,12,0.0000000000
Syrian Arab Republic,1990,1991,12,0.0434782609
Cyprus,1990,1991,12,0.0434782609
Caribbean small states,1990,1991,12,0.0434782609
Mauritius,1990,1991,12,0.0434782609
Jamaica,1990,1991,12,0.0000000000
Lao PDR,1990,1991,12,0.0434782609
Bhutan,1990,1991,12,0.0000000000
Senegal,1990,1991,12,0.0000000000
"Somalia, Fed. Rep.",1990,1991,12,0.0434782609
"Korea, Rep.",1990,1991,12,0.0000000000
St. Lucia,1990,1991,12,0.0000000000
World,1990,1991,12,0.3333333333
Sao Tome and Principe,1990,1991,12,0.0000000000
Monaco,1990,1991,12,0.0000000000
Greenland,1990,1991,12,0.0909090909
Timor-Leste,1990,1991,12,0.0434782609
Belgium,1990,1991,12,0.0434782609
European Union,1990,1991,12,0.5000000000
Cambodia,1990,1991,12,0.0000000000
Togo,1990,1991,12,0.0000000000
Bangladesh,1990,1991,12,0.0000000000
Colombia,1990,1991,12,0.0434782609
"Gambia, The",1990,1991,12,0.0000000000
Faroe Islands,1990,1991,12,0.0909090909
East Asia & Pacific (excluding high income),1990,1991,12,0.0909090909
Viet Nam,1990,1991,12,0.0000000000
China,1990,1991,12,0.0909090909
Pre-demographic dividend,1990,1991,12,0.1428571429
Israel,1990,1991,12,0.0434782609
Slovenia,1990,1991,12,0.0434782609
South Asia (IDA & IBRD),1990,1991,12,0.0434782609
Djibouti,1990,1991,12,0.0434782609
High income,1990,1991,12,0.6000000000
Turkmenistan,1990,1991,12,0.0909090909
East Asia & Pacific,1990,1991,12,0.0434782609
Vanuatu,1990,1991,12,0.0434782609
Comoros,1990,1991,12,0.0434782609
Cabo Verde,1990,1991,12,0.0000000000
Dominica,1990,1991,12,0.0909090909
Mauritania,1990,1991,12,0.0434782609
Late-demographic dividend,1990,1991,12,0.2631578947
Africa Western and Central,1990,1991,12,0.0434782609
Latin America & Caribbean,1990,1991,12,0.0909090909
Lower middle income,1990,1991,12,0.0434782609
Tanzania,1990,1991,12,0.0000000000
Costa Rica,1990,1991,12,0.0000000000
"Congo, Rep.",1990,1991,12,0.0000000000
Fragile and conflict affected situations,1990,1991,12,0.0434782609
Nauru,1990,1991,12,0.0434782609
Australia,1990,1991,12,0.0434782609
St. Kitts and Nevis,1990,1991,12,0.0000000000
Czechia,1990,1991,12,0.0434782609
Small states,1990,1991,12,0.0000000000
Antigua and Barbuda,1990,1991,12,0.0434782609
Low & middle income,1990,1991,12,0.4117647059
Nicaragua,1990,1991,12,0.0000000000
Middle income,1990,1991,12,0.4117647059
"Bahamas, The",1990,1991,12,0.0434782609
Sierra Leone,1990,1991,12,0.0434782609
Sub-Saharan Africa,1990,1991,12,0.1428571429
Europe & Central Asia (excluding high income),1990,1991,12,0.0434782609
Upper middle income,1990,1991,12,0.4117647059
Latin America & Caribbean (excluding high income),1990,1991,12,0.0909090909
Other small states,1990,1991,12,0.0434782609
Grenada,1990,1991,12,0.0909090909
Zambia,1990,1991,12,0.0909090909
Rwanda,1990,1991,12,0.0000000000
Finland,1990,1991,12,0.0000000000
Guatemala,1990,1991,12,0.0434782609
Nigeria,1990,1991,12,0.1428571429
Post-demographic dividend,1990,1991,12,0.6000000000
Lesotho,1990,1991,12,0.0000000000
Spain,1990,1991,12,0.0434782609
Least developed countries: UN classification,1990,1991,12,0.0000000000
Barbados,1990,1991,12,0.0434782609
"Middle East, North Africa, Afghanistan & Pakistan",1990,1991,12,0.0434782609
Sub-Saharan Africa (excluding high income),1990,1991,12,0.1428571429
Early-demographic dividend,1990,1991,12,0.1428571429
Botswana,1990,1991,12,0.0434782609
Bulgaria,1990,1991,12,0.0000000000
"Iran, Islamic Rep.",1990,1991,12,0.0000000000
Mozambique,1990,1991,12,0.0000000000
North America,1990,1991,12,0.5000000000
Angola,1990,1991,12,0.0000000000
Japan,1990,1991,12,0.4117647059
Liberia,1990,1991,12,0.0434782609
"Yemen, Rep.",1990,1991,12,0.0000000000
Liechtenstein,1990,1991,12,0.0000000000
Switzerland,1990,1991,12,0.0434782609
San Marino,1990,1991,12,0.0434782609
United Arab Emirates,1990,1991,12,0.0434782609
United Kingdom,1990,1991,12,0.0000000000
North Macedonia,1990,1991,12,0.0434782609
Malaysia,1990,1991,12,0.0000000000
Argentina,1990,1991,12,0.0434782609
Singapore,1990,1991,12,0.0434782609
Eswatini,1990,1991,12,0.0000000000
Russian Federation,1990,1991,12,0.0434782609
Bolivia,1990,1991,12,0.0909090909
Myanmar,1990,1991,12,0.0434782609
Arab World,1990,1991,12,0.0434782609
Belarus,1990,1991,12,0.0000000000
Ireland,1990,1991,12,0.0434782609
Burkina Faso,1990,1991,12,0.0000000000
Georgia,1990,1991,12,0.0000000000
Ecuador,1990,1991,12,0.0434782609
Namibia,1990,1991,12,0.0434782609
Armenia,1990,1991,12,0.0000000000
Sweden,1990,1991,12,0.0000000000
Andorra,1990,1991,12,0.0000000000
IDA & IBRD total,1990,1991,12,0.4117647059
Jordan,1990,1991,12,0.0434782609
Libya,1990,1991,12,0.0000000000
Cameroon,1990,1991,12,0.0909090909
Chile,1990,1991,12,0.0434782609
Peru,1990,1991,12,0.0000000000
Mexico,1990,1991,12,0.0000000000
Africa Eastern and Southern,1990,1991,12,0.0000000000
Central African Republic,1990,1991,12,0.0000000000
Latin America & the Caribbean (IDA & IBRD countries),1990,1991,12,0.1428571429
Canada,1990,1991,12,0.0000000000
OECD members,1990,1991,12,0.6000000000
IDA blend,1990,1991,12,0.0909090909
Norway,1990,1991,12,0.0000000000
Benin,1990,1991,12,0.0909090909
Europe & Central Asia (IDA & IBRD countries),1990,1991,12,0.0434782609
Chad,1990,1991,12,0.0000000000
Hungary,1990,1991,12,0.0434782609
Moldova,1990,1991,12,0.0000000000
Tajikistan,1990,1991,12,0.0909090909
Kiribati,1990,1991,12,0.0000000000
Central Europe and the Baltics,1990,1991,12,0.0000000000
"Middle East, North Africa, Afghanistan & Pakistan (IDA & IBRD)",1990,1991,12,0.0434782609
IDA total,1990,1991,12,0.0434782609
Guinea,1990,1991,12,0.0000000000
Iraq,1990,1991,12,0.0000000000
Netherlands,1990,1991,12,0.0000000000
Belize,1990,1991,12,0.0434782609
Algeria,1990,1991,12,0.0434782609
Saudi Arabia,1990,1991,12,0.0000000000
Guinea-Bissau,1990,1991,12,0.0000000000
Cuba,1990,1991,12,0.0434782609
Qatar,1990,1991,12,0.0434782609
United States,1990,1991,12,0.5000000000
Papua New Guinea,1990,1991,12,0.0434782609
Heavily indebted poor countries (HIPC),1990,1991,12,0.0434782609
Indonesia,1990,1991,12,0.0909090909
Haiti,1990,1991,12,0.0434782609
Portugal,1990,1991,12,0.0000000000
Thailand,1990,1991,12,0.0000000000
Dominican Republic,1990,1991,12,0.0000000000
Nepal,1990,1991,12,0.0909090909
Cote d'Ivoire,1990,1991,12,0.0000000000
Uzbekistan,1990,1991,12,0.0000000000
"Micronesia, Fed. Sts.",1990,1991,12,0.0000000000
Paraguay,1990,1991,12,0.0000000000
Malawi,1990,1991,12,0.0000000000
Equatorial Guinea,1990,1991,12,0.0000000000
Mongolia,1990,1991,12,0.0000000000
Isle of Man,1990,1991,12,0.0000000000
Albania,1990,1991,12,0.0000000000
Italy,1990,1991,12,0.0000000000
"Egypt, Arab Rep.",1990,1991,12,0.0000000000
Low income,1990,1991,12,0.0434782609
Tunisia,1990,1991,12,0.0434782609
Uganda,1990,1991,12,0.0434782609
Azerbaijan,1990,1991,12,0.0434782609
Luxembourg,1990,1991,12,0.0000000000
"Venezuela, RB",1990,1991,12,0.0000000000
Oman,1990,1991,12,0.0000000000
Tuvalu,1990,1991,12,0.0000000000
Estonia,1990,1991,12,0.0909090909
New Caledonia,1990,1991,12,0.0000000000
Malta,1990,1991,12,0.0000000000
Honduras,1990,1991,12,0.0000000000
Bermuda,1990,1991,12,0.0909090909
India,1990,1991,12,0.0000000000
St. Vincent and the Grenadines,1990,1991,12,0.0434782609
Uruguay,1990,1991,12,0.0000000000
Sudan,1990,1991,12,0.0434782609
East Asia & Pacific (IDA & IBRD countries),1990,1991,12,0.0434782609
Kyrgyz Republic,1991,1992,12,0.0434782609
Mali,1991,1992,12,0.0434782609
IBRD only,1991,1992,12,0.2631578947
Denmark,1991,1992,12,0.0909090909
Tonga,1991,1992,12,0.0000000000
Bosnia and Herzegovina,1991,1992,12,0.1428571429
Europe & Central Asia,1991,1992,12,0.5000000000
Guam,1991,1992,12,0.0434782609
"Macao SAR, China",1991,1992,12,0.0000000000
Madagascar,1991,1992,12,0.0000000000
Ethiopia,1991,1992,12,0.2000000000
Brunei Darussalam,1991,1992,12,0.0000000000
Iceland,1991,1992,12,0.1428571429
Pacific island small states,1991,1992,12,0.0000000000
Burundi,1991,1992,12,0.0000000000
Bahrain,1991,1992,12,0.0909090909
Ghana,1991,1992,12,0.0434782609
Kazakhstan,1991,1992,12,0.0909090909
Gabon,1991,1992,12,0.0000000000
IDA only,1991,1992,12,0.1428571429
Croatia,1991,1992,12,0.1428571429
New Zealand,1991,1992,12,0.0000000000
Samoa,1991,1992,12,0.0434782609
Kenya,1991,1992,12,0.0000000000
Brazil,1991,1992,12,0.0000000000
Euro area,1991,1992,12,0.5000000000
Greece,1991,1992,12,0.0434782609
Lebanon,1991,1992,12,0.0909090909
Romania,1991,1992,12,0.0434782609
Seychelles,1991,1992,12,0.0000000000
Niger,1991,1992,12,0.0434782609
Panama,1991,1992,12,0.1428571429
Zimbabwe,1991,1992,12,0.0434782609
Germany,1991,1992,12,0.3333333333
"Hong Kong SAR, China",1991,1992,12,0.0000000000
Sub-Saharan Africa (IDA & IBRD countries),1991,1992,12,0.0909090909
France,1991,1992,12,0.0000000000
Suriname,1991,1992,12,0.0434782609
Slovak Republic,1991,1992,12,0.0434782609
Poland,1991,1992,12,0.0434782609
Sri Lanka,1991,1992,12,0.0909090909
Trinidad and Tobago,1991,1992,12,0.0000000000
"Middle East, North Africa, Afghanistan & Pakistan (excluding high income)",1991,1992,12,0.1428571429
"Congo, Dem. Rep.",1991,1992,12,0.2631578947
South Asia,1991,1992,12,0.0909090909
Ukraine,1991,1992,12,0.2000000000
El Salvador,1991,1992,12,0.0434782609
Fiji,1991,1992,12,0.0434782609
French Polynesia,1991,1992,12,0.0000000000
Palau,1991,1992,12,0.0000000000
Pakistan,1991,1992,12,0.0434782609
Austria,1991,1992,12,0.0909090909
Maldives,1991,1992,12,0.0909090909
South Africa,1991,1992,12,0.0434782609
Guyana,1991,1992,12,0.0434782609
Turkiye,1991,1992,12,0.0434782609
Aruba,1991,1992,12,0.1428571429
Solomon Islands,1991,1992,12,0.0909090909
Kuwait,1991,1992,12,0.0434782609
Marshall Islands,1991,1992,12,0.0000000000
Morocco,1991,1992,12,0.0000000000
Puerto Rico (US),1991,1992,12,0.0000000000
Philippines,1991,1992,12,0.0909090909
Syrian Arab Republic,1991,1992,12,0.0434782609
Cyprus,1991,1992,12,0.0434782609
Caribbean small states,1991,1992,12,0.0000000000
Mauritius,1991,1992,12,0.0000000000
Jamaica,1991,1992,12,0.1428571429
Lao PDR,1991,1992,12,0.0434782609
Bhutan,1991,1992,12,0.0434782609
Senegal,1991,1992,12,0.0909090909
"Somalia, Fed. Rep.",1991,1992,12,0.0000000000
"Korea, Rep.",1991,1992,12,0.0909090909
St. Lucia,1991,1992,12,0.0434782609
World,1991,1992,12,0.5000000000
Sao Tome and Principe,1991,1992,12,0.0000000000
Monaco,1991,1992,12,0.0434782609
Greenland,1991,1992,12,0.0000000000
Timor-Leste,1991,1992,12,0.0434782609
Belgium,1991,1992,12,0.0000000000
European Union,1991,1992,12,0.6000000000
Cambodia,1991,1992,12,0.0000000000
Togo,1991,1992,12,0.0434782609
Bangladesh,1991,1992,12,0.0434782609
Colombia,1991,1992,12,0.0434782609
"Gambia, The",1991,1992,12,0.0434782609
Faroe Islands,1991,1992,12,0.0909090909
East Asia & Pacific (excluding high income),1991,1992,12,0.1428571429
Viet Nam,1991,1992,12,0.0434782609
China,1991,1992,12,0.0909090909
Pre-demographic dividend,1991,1992,12,0.0000000000
Israel,1991,1992,12,0.0000000000
Slovenia,1991,1992,12,0.0909090909
South Asia (IDA & IBRD),1991,1992,12,0.0434782609
Djibouti,1991,1992,12,0.0434782609
High income,1991,1992,12,0.5000000000
Turkmenistan,1991,1992,12,0.0909090909
East Asia & Pacific,1991,1992,12,0.0909090909
Vanuatu,1991,1992,12,0.0000000000
Comoros,1991,1992,12,0.0000000000
Cabo Verde,1991,1992,12,0.0000000000
Dominica,1991,1992,12,0.0434782609
Mauritania,1991,1992,12,0.0000000000
Late-demographic dividend,1991,1992,12,0.2000000000
Africa Western and Central,1991,1992,12,0.0000000000
Latin America & Caribbean,1991,1992,12,0.1428571429
Lower middle income,1991,1992,12,0.0434782609
Tanzania,1991,1992,12,0.2000000000
Costa Rica,1991,1992,12,0.0000000000
"Congo, Rep.",1991,1992,12,0.0434782609
Fragile and conflict affected situations,1991,1992,12,0.0000000000
Nauru,1991,1992,12,0.2631578947
Australia,1991,1992,12,0.0909090909
Latvia,1991,1992,12,0.2631578947
St. Kitts and Nevis,1991,1992,12,0.0000000000
Czechia,1991,1992,12,0.0000000000
Small states,1991,1992,12,0.0000000000
Antigua and Barbuda,1991,1992,12,0.0909090909
Low & middle income,1991,1992,12,0.2631578947
Nicaragua,1991,1992,12,0.1428571429
Middle income,1991,1992,12,0.2631578947
"Bahamas, The",1991,1992,12,0.0000000000
Sierra Leone,1991,1992,12,0.0000000000
Sub-Saharan Africa,1991,1992,12,0.0909090909
Europe & Central Asia (excluding high income),1991,1992,12,0.0434782609
Upper middle income,1991,1992,12,0.2631578947
Latin America & Caribbean (excluding high income),1991,1992,12,0.1428571429
Other small states,1991,1992,12,0.0434782609
Grenada,1991,1992,12,0.0434782609
Zambia,1991,1992,12,0.0909090909
Rwanda,1991,1992,12,0.0000000000
Finland,1991,1992,12,0.0000000000
Guatemala,1991,1992,12,0.0000000000
Nigeria,1991,1992,12,0.0434782609
Post-demographic dividend,1991,1992,12,0.5000000000
Lesotho,1991,1992,12,0.0909090909
Spain,1991,1992,12,0.2000000000
Least developed countries: UN classification,1991,1992,12,0.0909090909
Barbados,1991,1992,12,0.0434782609
"Middle East, North Africa, Afghanistan & Pakistan",1991,1992,12,0.0909090909
Sub-Saharan Africa (excluding high income),1991,1992,12,0.1428571429
Early-demographic dividend,1991,1992,12,0.5000000000
Botswana,1991,1992,12,0.0000000000
Bulgaria,1991,1992,12,0.0909090909
"Iran, Islamic Rep.",1991,1992,12,0.0000000000
Mozambique,1991,1992,12,0.0434782609
North America,1991,1992,12,0.5000000000
Angola,1991,1992,12,0.0000000000
Japan,1991,1992,12,0.2631578947
Liberia,1991,1992,12,0.3333333333
"Yemen, Rep.",1991,1992,12,0.0909090909
Liechtenstein,1991,1992,12,0.0434782609
Switzerland,1991,1992,12,0.0434782609
San Marino,1991,1992,12,0.2000000000
United Arab Emirates,1991,1992,12,0.0434782609
United Kingdom,1991,1992,12,0.0909090909
North Macedonia,1991,1992,12,0.0000000000
Malaysia,1991,1992,12,0.0434782609
Argentina,1991,1992,12,0.0434782609
Singapore,1991,1992,12,0.0434782609
Eswatini,1991,1992,12,0.1428571429
Russian Federation,1991,1992,12,0.0434782609
Bolivia,1991,1992,12,0.0434782609
Myanmar,1991,1992,12,0.0000000000
Arab World,1991,1992,12,0.0000000000
Belarus,1991,1992,12,0.0000000000
Ireland,1991,1992,12,0.0909090909
Burkina Faso,1991,1992,12,0.0000000000
Georgia,1991,1992,12,0.2631578947
Ecuador,1991,1992,12,0.0000000000
Namibia,1991,1992,12,0.1428571429
Armenia,1991,1992,12,0.2631578947
Sweden,1991,1992,12,0.0434782609
Andorra,1991,1992,12,0.0434782609
IDA & IBRD total,1991,1992,12,0.2631578947
Jordan,1991,1992,12,0.0000000000
Libya,1991,1992,12,0.0434782609
Cameroon,1991,1992,12,0.0434782609
Chile,1991,1992,12,0.0000000000
Peru,1991,1992,12,0.0000000000
Mexico,1991,1992,12,0.0000000000
Africa Eastern and Southern,1991,1992,12,0.0434782609
Central African Republic,1991,1992,12,0.0000000000
Latin America & the Caribbean (IDA & IBRD countries),1991,1992,12,0.3333333333
Canada,1991,1992,12,0.0000000000
OECD members,1991,1992,12,0.5000000000
IDA blend,1991,1992,12,0.1428571429
Norway,1991,1992,12,0.0434782609
Benin,1991,1992,12,0.0000000000
Europe & Central Asia (IDA & IBRD countries),1991,1992,12,0.0434782609
Chad,1991,1992,12,0.0434782609
Hungary,1991,1992,12,0.0434782609
Moldova,1991,1992,12,0.3333333333
Tajikistan,1991,1992,12,0.0909090909
Kiribati,1991,1992,12,0.0000000000
Central Europe and the Baltics,1991,1992,12,0.1428571429
"Middle East, North Africa, Afghanistan & Pakistan (IDA & IBRD)",1991,1992,12,0.1428571429
IDA total,1991,1992,12,0.0000000000
Guinea,1991,1992,12,0.0909090909
Iraq,1991,1992,12,0.0434782609
Netherlands,1991,1992,12,0.0434782609
Belize,1991,1992,12,0.0909090909
Algeria,1991,1992,12,0.0000000000
Saudi Arabia,1991,1992,12,0.0000000000
Guinea-Bissau,1991,1992,12,0.0434782609
Lithuania,1991,1992,12,0.0434782609
Cuba,1991,1992,12,0.0000000000
Qatar,1991,1992,12,0.0434782609
United States,1991,1992,12,0.5000000000
Papua New Guinea,1991,1992,12,0.0909090909
Heavily indebted poor countries (HIPC),1991,1992,12,0.0434782609
Indonesia,1991,1992,12,0.0434782609
Haiti,1991,1992,12,0.0000000000
Portugal,1991,1992,12,0.0000000000
Thailand,1991,1992,12,0.1428571429
Dominican Republic,1991,1992,12,0.0000000000
Nepal,1991,1992,12,0.0909090909
Cote d'Ivoire,1991,1992,12,0.2000000000
Uzbekistan,1991,1992,12,0.0000000000
"Micronesia, Fed. Sts.",1991,1992,12,0.0000000000
Paraguay,1991,1992,12,0.0434782609
Malawi,1991,1992,12,0.0000000000
Equatorial Guinea,1991,1992,12,0.0434782609
Mongolia,1991,1992,12,0.0909090909
Isle of Man,1991,1992,12,0.0434782609
Albania,1991,1992,12,0.0000000000
Italy,1991,1992,12,0.1428571429
"Egypt, Arab Rep.",1991,1992,12,0.0909090909
Low income,1991,1992,12,0.1428571429
Tunisia,1991,1992,12,0.0434782609
Uganda,1991,1992,12,0.0909090909
Azerbaijan,1991,1992,12,0.0000000000
Luxembourg,1991,1992,12,0.0000000000
"Venezuela, RB",1991,1992,12,0.0000000000
Oman,1991,1992,12,0.0909090909
Tuvalu,1991,1992,12,0.0909090909
Estonia,1991,1992,12,0.1428571429
New Caledonia,1991,1992,12,0.0434782609
Malta,1991,1992,12,0.0434782609
Honduras,1991,1992,12,0.0434782609
Bermuda,1991,1992,12,0.0434782609
India,1991,1992,12,0.0000000000
St. Vincent and the Grenadines,1991,1992,12,0.0000000000
Uruguay,1991,1992,12,0.0000000000
Sudan,1991,1992,12,0.0434782609
East Asia & Pacific (IDA & IBRD countries),1991,1992,12,0.1428571429
Kyrgyz Republic,1992,1993,12,0.2000000000
Mali,1992,1993,12,0.0000000000
IBRD only,1992,1993,12,0.2000000000
Denmark,1992,1993,12,0.0434782609
Tonga,1992,1993,12,0.0909090909
Bosnia and Herzegovina,1992,1993,12,0.0000000000
Europe & Central Asia,1992,1993,12,0.6000000000
Guam,1992,1993,12,0.0909090909
"Macao SAR, China",1992,1993,12,0.0000000000
Madagascar,1992,1993,12,0.0909090909
Ethiopia,1992,1993,12,0.1428571429
Brunei Darussalam,1992,1993,12,0.0434782609
Iceland,1992,1993,12,0.0000000000
Pacific island small states,1992,1993,12,0.0434782609
Burundi,1992,1993,12,0.0000000000
Bahrain,1992,1993,12,0.0434782609
Ghana,1992,1993,12,0.0434782609
Kazakhstan,1992,1993,12,0.1428571429
Gabon,1992,1993,12,0.0000000000
IDA only,1992,1993,12,0.1428571429
Croatia,1992,1993,12,0.0909090909
New Zealand,1992,1993,12,0.0000000000
Samoa,1992,1993,12,0.0909090909
Kenya,1992,1993,12,0.0434782609
Brazil,1992,1993,12,0.0000000000
Euro area,1992,1993,12,0.6000000000
Greece,1992,1993,12,0.0000000000
Lebanon,1992,1993,12,0.1428571429
Romania,1992,1993,12,0.0000000000
Seychelles,1992,1993,12,0.0909090909
Niger,1992,1993,12,0.0434782609
Panama,1992,1993,12,0.0909090909
Zimbabwe,1992,1993,12,0.0000000000
Germany,1992,1993,12,0.0000000000
"Hong Kong SAR, China",1992,1993,12,0.0434782609
Sub-Saharan Africa (IDA & IBRD countries),1992,1993,12,0.1428571429
France,1992,1993,12,0.0000000000
Suriname,1992,1993,12,0.0000000000
Slovak Republic,1992,1993,12,0.0000000000
Poland,1992,1993,12,0.0000000000
Sri Lanka,1992,1993,12,0.0909090909
Trinidad and Tobago,1992,1993,12,0.0000000000
"Middle East, North Africa, Afghanistan & Pakistan (excluding high income)",1992,1993,12,0.0434782609
"Congo, Dem. Rep.",1992,1993,12,0.2631578947
South Asia,1992,1993,12,0.2000000000
Ukraine,1992,1993,12,0.0909090909
El Salvador,1992,1993,12,0.0909090909
Fiji,1992,1993,12,0.0000000000
French Polynesia,1992,1993,12,0.0000000000
Palau,1992,1993,12,0.0434782609
Pakistan,1992,1993,12,0.0000000000
Austria,1992,1993,12,0.0434782609
Maldives,1992,1993,12,0.0434782609
South Africa,1992,1993,12,0.0000000000
Guyana,1992,1993,12,0.0909090909
Turkiye,1992,1993,12,0.0909090909
Aruba,1992,1993,12,0.0909090909
Solomon Islands,1992,1993,12,0.0000000000
Kuwait,1992,1993,12,0.0909090909
Marshall Islands,1992,1993,12,0.0434782609
Morocco,1992,1993,12,0.0909090909
Puerto Rico (US),1992,1993,12,0.0434782609
Philippines,1992,1993,12,0.0000000000
Syrian Arab Republic,1992,1993,12,0.0434782609
Cyprus,1992,1993,12,0.0434782609
Caribbean small states,1992,1993,12,0.0000000000
Mauritius,1992,1993,12,0.0000000000
Jamaica,1992,1993,12,0.0000000000
Lao PDR,1992,1993,12,0.0000000000
Bhutan,1992,1993,12,0.0000000000
Senegal,1992,1993,12,0.0434782609
"Somalia, Fed. Rep.",1992,1993,12,0.0000000000
"Korea, Rep.",1992,1993,12,0.0909090909
St. Lucia,1992,1993,12,0.0434782609
World,1992,1993,12,0.4117647059
Eritrea,1992,1993,12,0.0000000000
Sao Tome and Principe,1992,1993,12,0.0000000000
Monaco,1992,1993,12,0.0000000000
Greenland,1992,1993,12,0.0909090909
Timor-Leste,1992,1993,12,0.0000000000
Belgium,1992,1993,12,0.0000000000
European Union,1992,1993,12,0.6000000000
Cambodia,1992,1993,12,0.0434782609
Togo,1992,1993,12,0.0000000000
Bangladesh,1992,1993,12,0.2000000000
Colombia,1992,1993,12,0.0434782609
"Gambia, The",1992,1993,12,0.1428571429
Faroe Islands,1992,1993,12,0.0434782609
East Asia & Pacific (excluding high income),1992,1993,12,0.2000000000
Viet Nam,1992,1993,12,0.1428571429
China,1992,1993,12,0.1428571429
Pre-demographic dividend,1992,1993,12,0.0434782609
Israel,1992,1993,12,0.0000000000
Slovenia,1992,1993,12,0.0000000000
South Asia (IDA & IBRD),1992,1993,12,0.2000000000
Djibouti,1992,1993,12,0.0434782609
High income,1992,1993,12,0.5000000000
Turkmenistan,1992,1993,12,0.0000000000
East Asia & Pacific,1992,1993,12,0.4117647059
Vanuatu,1992,1993,12,0.0000000000
Comoros,1992,1993,12,0.0909090909
Cabo Verde,1992,1993,12,0.0434782609
Dominica,1992,1993,12,0.0000000000
Mauritania,1992,1993,12,0.0000000000
Late-demographic dividend,1992,1993,12,0.2631578947
Africa Western and Central,1992,1993,12,0.0434782609
Latin America & Caribbean,1992,1993,12,0.2631578947
Lower middle income,1992,1993,12,0.0434782609
Tanzania,1992,1993,12,0.0434782609
Costa Rica,1992,1993,12,0.0434782609
"Congo, Rep.",1992,1993,12,0.0000000000
Fragile and conflict affected situations,1992,1993,12,0.0000000000
Nauru,1992,1993,12,0.3333333333
Australia,1992,1993,12,0.0434782609
Latvia,1992,1993,12,0.0434782609
St. Kitts and Nevis,1992,1993,12,0.0434782609
Czechia,1992,1993,12,0.0434782609
Small states,1992,1993,12,0.0000000000
Antigua and Barbuda,1992,1993,12,0.0000000000
Low & middle income,1992,1993,12,0.3333333333
Nicaragua,1992,1993,12,0.0909090909
Middle income,1992,1993,12,0.3333333333
"Bahamas, The",1992,1993,12,0.0434782609
Sierra Leone,1992,1993,12,0.0000000000
Sub-Saharan Africa,1992,1993,12,0.1428571429
Europe & Central Asia (excluding high income),1992,1993,12,0.0000000000
Upper middle income,1992,1993,12,0.3333333333
Latin America & Caribbean (excluding high income),1992,1993,12,0.2000000000
Other small states,1992,1993,12,0.0434782609
Grenada,1992,1993,12,0.0434782609
Zambia,1992,1993,12,0.0000000000
Rwanda,1992,1993,12,0.0000000000
Finland,1992,1993,12,0.1428571429
Guatemala,1992,1993,12,0.0000000000
Nigeria,1992,1993,12,0.0000000000
Post-demographic dividend,1992,1993,12,0.5000000000
Lesotho,1992,1993,12,0.0434782609
Spain,1992,1993,12,0.0434782609
Least developed countries: UN classification,1992,1993,12,0.0434782609
Barbados,1992,1993,12,0.0434782609
"Middle East, North Africa, Afghanistan & Pakistan",1992,1993,12,0.0434782609
Sub-Saharan Africa (excluding high income),1992,1993,12,0.1428571429
Early-demographic dividend,1992,1993,12,0.5000000000
Botswana,1992,1993,12,0.0000000000
Bulgaria,1992,1993,12,0.0000000000
"Iran, Islamic Rep.",1992,1993,12,0.0000000000
Mozambique,1992,1993,12,0.1428571429
North America,1992,1993,12,0.6000000000
Angola,1992,1993,12,0.0434782609
Japan,1992,1993,12,0.2631578947
Liberia,1992,1993,12,0.2631578947
"Yemen, Rep.",1992,1993,12,0.0000000000
Liechtenstein,1992,1993,12,0.0434782609
Switzerland,1992,1993,12,0.0909090909
San Marino,1992,1993,12,0.1428571429
United Arab Emirates,1992,1993,12,0.0000000000
United Kingdom,1992,1993,12,0.0000000000
North Macedonia,1992,1993,12,0.0434782609
Malaysia,1992,1993,12,0.0434782609
Argentina,1992,1993,12,0.0434782609
Singapore,1992,1993,12,0.0434782609
Eswatini,1992,1993,12,0.1428571429
Russian Federation,1992,1993,12,0.0909090909
Bolivia,1992,1993,12,0.0000000000
Myanmar,1992,1993,12,0.0909090909
Arab World,1992,1993,12,0.0434782609
Belarus,1992,1993,12,0.0909090909
Ireland,1992,1993,12,0.1428571429
Burkina Faso,1992,1993,12,0.0000000000
Georgia,1992,1993,12,0.2631578947
Ecuador,1992,1993,12,0.0000000000
Namibia,1992,1993,12,0.0000000000
Armenia,1992,1993,12,0.0434782609
Sweden,1992,1993,12,0.0434782609
Andorra,1992,1993,12,0.0000000000
IDA & IBRD total,1992,1993,12,0.4117647059
Jordan,1992,1993,12,0.0000000000
Libya,1992,1993,12,0.0434782609
Cameroon,1992,1993,12,0.0434782609
Chile,1992,1993,12,0.0909090909
Peru,1992,1993,12,0.0909090909
Mexico,1992,1993,12,0.1428571429
Africa Eastern and Southern,1992,1993,12,0.0434782609
Central African Republic,1992,1993,12,0.0000000000
Latin America & the Caribbean (IDA & IBRD countries),1992,1993,12,0.3333333333
Canada,1992,1993,12,0.0000000000
OECD members,1992,1993,12,0.5000000000
IDA blend,1992,1993,12,0.0434782609
Norway,1992,1993,12,0.1428571429
Benin,1992,1993,12,0.0000000000
Europe & Central Asia (IDA & IBRD countries),1992,1993,12,0.0909090909
Chad,1992,1993,12,0.0000000000
Hungary,1992,1993,12,0.0909090909
Moldova,1992,1993,12,0.0000000000
Tajikistan,1992,1993,12,0.2631578947
Kiribati,1992,1993,12,0.0000000000
Central Europe and the Baltics,1992,1993,12,0.0909090909
"Middle East, North Africa, Afghanistan & Pakistan (IDA & IBRD)",1992,1993,12,0.0434782609
IDA total,1992,1993,12,0.0909090909
Guinea,1992,1993,12,0.0909090909
Iraq,1992,1993,12,0.2000000000
Netherlands,1992,1993,12,0.0434782609
Belize,1992,1993,12,0.0434782609
Algeria,1992,1993,12,0.0000000000
Saudi Arabia,1992,1993,12,0.0000000000
Guinea-Bissau,1992,1993,12,0.0000000000
Lithuania,1992,1993,12,0.3333333333
Cuba,1992,1993,12,0.2631578947
Qatar,1992,1993,12,0.0000000000
United States,1992,1993,12,0.7142857143
Papua New Guinea,1992,1993,12,0.1428571429
Heavily indebted poor countries (HIPC),1992,1993,12,0.0434782609
Indonesia,1992,1993,12,0.1428571429
Haiti,1992,1993,12,0.0909090909
Portugal,1992,1993,12,0.0000000000
Thailand,1992,1993,12,0.2000000000
Dominican Republic,1992,1993,12,0.0434782609
Nepal,1992,1993,12,0.0000000000
Cote d'Ivoire,1992,1993,12,0.0909090909
Uzbekistan,1992,1993,12,0.0000000000
"Micronesia, Fed. Sts.",1992,1993,12,0.0000000000
Paraguay,1992,1993,12,0.0000000000
Malawi,1992,1993,12,0.1428571429
Equatorial Guinea,1992,1993,12,0.1428571429
Mongolia,1992,1993,12,0.0434782609
Isle of Man,1992,1993,12,0.0909090909
Albania,1992,1993,12,0.1428571429
Italy,1992,1993,12,0.0434782609
"Egypt, Arab Rep.",1992,1993,12,0.0909090909
Low income,1992,1993,12,0.0000000000
Tunisia,1992,1993,12,0.0434782609
Uganda,1992,1993,12,0.0000000000
Azerbaijan,1992,1993,12,0.2631578947
Luxembourg,1992,1993,12,0.0434782609
"Venezuela, RB",1992,1993,12,0.0000000000
Oman,1992,1993,12,0.0909090909
Tuvalu,1992,1993,12,0.0000000000
Estonia,1992,1993,12,0.0909090909
New Caledonia,1992,1993,12,0.0000000000
Malta,1992,1993,12,0.0434782609
Honduras,1992,1993,12,0.0434782609
Bermuda,1992,1993,12,0.0000000000
India,1992,1993,12,0.2000000000
St. Vincent and the Grenadines,1992,1993,12,0.0000000000
Uruguay,1992,1993,12,0.0434782609
Sudan,1992,1993,12,0.0434782609
East Asia & Pacific (IDA & IBRD countries),1992,1993,12,0.2631578947
Kyrgyz Republic,1993,1994,12,0.2631578947
Mali,1993,1994,12,0.0000000000
IBRD only,1993,1994,12,0.6000000000
Denmark,1993,1994,12,0.0000000000
Tonga,1993,1994,12,0.0909090909
Bosnia and Herzegovina,1993,1994,12,0.0000000000
Europe & Central Asia,1993,1994,12,0.3333333333
Guam,1993,1994,12,0.2000000000
"Macao SAR, China",1993,1994,12,0.0434782609
Madagascar,1993,1994,12,0.0434782609
Ethiopia,1993,1994,12,0.0434782609
Brunei Darussalam,1993,1994,12,0.1428571429
Iceland,1993,1994,12,0.0000000000
Pacific island small states,1993,1994,12,0.0909090909
Burundi,1993,1994,12,0.0000000000
Bahrain,1993,1994,12,0.0000000000
Ghana,1993,1994,12,0.0000000000
Kazakhstan,1993,1994,12,0.0000000000
Gabon,1993,1994,12,0.0434782609
IDA only,1993,1994,12,0.0000000000
Croatia,1993,1994,12,0.0434782609
New Zealand,1993,1994,12,0.0909090909
Samoa,1993,1994,12,0.0000000000
Kenya,1993,1994,12,0.0434782609
Brazil,1993,1994,12,0.0000000000
Euro area,1993,1994,12,0.0909090909
Greece,1993,1994,12,0.0434782609
Lebanon,1993,1994,12,0.0434782609
Romania,1993,1994,12,0.0434782609
Seychelles,1993,1994,12,0.0000000000
Niger,1993,1994,12,0.0434782609
Panama,1993,1994,12,0.0434782609
Zimbabwe,1993,1994,12,0.0434782609
Germany,1993,1994,12,0.0000000000
"Hong Kong SAR, China",1993,1994,12,0.0909090909
Sub-Saharan Africa (IDA & IBRD countries),1993,1994,12,0.0909090909
France,1993,1994,12,0.1428571429
Suriname,1993,1994,12,0.0000000000
Slovak Republic,1993,1994,12,0.0434782609
Poland,1993,1994,12,0.0000000000
Sri Lanka,1993,1994,12,0.0000000000
Trinidad and Tobago,1993,1994,12,0.0434782609
"Middle East, North Africa, Afghanistan & Pakistan (excluding high income)",1993,1994,12,0.0909090909
"Congo, Dem. Rep.",1993,1994,12,0.0434782609
South Asia,1993,1994,12,0.0909090909
Ukraine,1993,1994,12,0.2631578947
El Salvador,1993,1994,12,0.0434782609
Fiji,1993,1994,12,0.0909090909
French Polynesia,1993,1994,12,0.1428571429
Palau,1993,1994,12,0.0000000000
Pakistan,1993,1994,12,0.0909090909
Austria,1993,1994,12,0.0909090909
Maldives,1993,1994,12,0.0000000000
South Africa,1993,1994,12,0.0434782609
Guyana,1993,1994,12,0.0000000000
Turkiye,1993,1994,12,0.0000000000
Aruba,1993,1994,12,0.1428571429
Solomon Islands,1993,1994,12,0.0434782609
Kuwait,1993,1994,12,0.0000000000
Marshall Islands,1993,1994,12,0.0434782609
Morocco,1993,1994,12,0.0000000000
Puerto Rico (US),1993,1994,12,0.0909090909
Philippines,1993,1994,12,0.0434782609
Syrian Arab Republic,1993,1994,12,0.1428571429
Cyprus,1993,1994,12,0.0434782609
Caribbean small states,1993,1994,12,0.2631578947
Mauritius,1993,1994,12,0.0434782609
Jamaica,1993,1994,12,0.0000000000
Lao PDR,1993,1994,12,0.0909090909
Bhutan,1993,1994,12,0.0000000000
Senegal,1993,1994,12,0.0000000000
"Somalia, Fed. Rep.",1993,1994,12,0.0434782609
"Korea, Rep.",1993,1994,12,0.0000000000
St. Lucia,1993,1994,12,0.0909090909
World,1993,1994,12,0.4117647059
Eritrea,1993,1994,12,0.0434782609
Sao Tome and Principe,1993,1994,12,0.0000000000
Monaco,1993,1994,12,0.0434782609
Greenland,1993,1994,12,0.0434782609
Timor-Leste,1993,1994,12,0.0000000000
Belgium,1993,1994,12,0.0000000000
European Union,1993,1994,12,0.2631578947
Cambodia,1993,1994,12,0.0434782609
Togo,1993,1994,12,0.2000000000
Bangladesh,1993,1994,12,0.0000000000
Colombia,1993,1994,12,0.1428571429
"Gambia, The",1993,1994,12,0.0000000000
Faroe Islands,1993,1994,12,0.0434782609
East Asia & Pacific (excluding high income),1993,1994,12,0.0909090909
Viet Nam,1993,1994,12,0.0909090909
China,1993,1994,12,0.1428571429
Pre-demographic dividend,1993,1994,12,0.0434782609
Israel,1993,1994,12,0.0434782609
Slovenia,1993,1994,12,0.0434782609
South Asia (IDA & IBRD),1993,1994,12,0.0909090909
Djibouti,1993,1994,12,0.0434782609
High income,1993,1994,12,0.6000000000
Turkmenistan,1993,1994,12,0.0434782609
East Asia & Pacific,1993,1994,12,0.4117647059
Vanuatu,1993,1994,12,0.0434782609
Comoros,1993,1994,12,0.0000000000
Cabo Verde,1993,1994,12,0.0434782609
Dominica,1993,1994,12,0.0434782609
Mauritania,1993,1994,12,0.0000000000
Late-demographic dividend,1993,1994,12,0.5000000000
Africa Western and Central,1993,1994,12,0.0909090909
Latin America & Caribbean,1993,1994,12,0.3333333333
Lower middle income,1993,1994,12,0.0909090909
Tanzania,1993,1994,12,0.0434782609
Costa Rica,1993,1994,12,0.0909090909
"Congo, Rep.",1993,1994,12,0.0434782609
Fragile and conflict affected situations,1993,1994,12,0.0909090909
Nauru,1993,1994,12,0.0434782609
Australia,1993,1994,12,0.0000000000
Latvia,1993,1994,12,0.0434782609
St. Kitts and Nevis,1993,1994,12,0.0434782609
Czechia,1993,1994,12,0.2000000000
Small states,1993,1994,12,0.1428571429
Antigua and Barbuda,1993,1994,12,0.0000000000
Low & middle income,1993,1994,12,0.5000000000
Nicaragua,1993,1994,12,0.1428571429
Middle income,1993,1994,12,0.5000000000
"Bahamas, The",1993,1994,12,0.1428571429
Sierra Leone,1993,1994,12,0.0000000000
Sub-Saharan Africa,1993,1994,12,0.0909090909
Europe & Central Asia (excluding high income),1993,1994,12,0.0000000000
Upper middle income,1993,1994,12,0.5000000000
Latin America & Caribbean (excluding high income),1993,1994,12,0.2631578947
Other small states,1993,1994,12,0.2000000000
Grenada,1993,1994,12,0.0909090909
Zambia,1993,1994,12,0.0434782609
Rwanda,1993,1994,12,0.0909090909
Finland,1993,1994,12,0.0000000000
Guatemala,1993,1994,12,0.0000000000
Nigeria,1993,1994,12,0.0909090909
Post-demographic dividend,1993,1994,12,0.7142857143
Lesotho,1993,1994,12,0.0434782609
Spain,1993,1994,12,0.1428571429
Least developed countries: UN classification,1993,1994,12,0.1428571429
Barbados,1993,1994,12,0.1428571429
"Middle East, North Africa, Afghanistan & Pakistan",1993,1994,12,0.0909090909
Sub-Saharan Africa (excluding high income),1993,1994,12,0.0909090909
Early-demographic dividend,1993,1994,12,0.6000000000
Botswana,1993,1994,12,0.0000000000
Bulgaria,1993,1994,12,0.0909090909
"Iran, Islamic Rep.",1993,1994,12,0.0909090909
Mozambique,1993,1994,12,0.0000000000
North America,1993,1994,12,0.5000000000
Angola,1993,1994,12,0.0000000000
Japan,1993,1994,12,0.0909090909
Liberia,1993,1994,12,0.2631578947
"Yemen, Rep.",1993,1994,12,0.0909090909
Liechtenstein,1993,1994,12,0.0434782609
Switzerland,1993,1994,12,0.0000000000
San Marino,1993,1994,12,0.0434782609
United Arab Emirates,1993,1994,12,0.0000000000
United Kingdom,1993,1994,12,0.0000000000
North Macedonia,1993,1994,12,0.0909090909
Malaysia,1993,1994,12,0.0434782609
Argentina,1993,1994,12,0.0000000000
Cayman Islands,1993,1994,12,0.2631578947
Singapore,1993,1994,12,0.0909090909
Eswatini,1993,1994,12,0.0000000000
Russian Federation,1993,1994,12,0.0000000000
Bolivia,1993,1994,12,0.0909090909
Myanmar,1993,1994,12,0.0909090909
Arab World,1993,1994,12,0.0434782609
Belarus,1993,1994,12,0.0909090909
Ireland,1993,1994,12,0.0434782609
Burkina Faso,1993,1994,12,0.0000000000
Georgia,1993,1994,12,0.0909090909
Ecuador,1993,1994,12,0.0434782609
Namibia,1993,1994,12,0.0434782609
Armenia,1993,1994,12,0.0000000000
Sweden,1993,1994,12,0.0000000000
Andorra,1993,1994,12,0.0434782609
IDA & IBRD total,1993,1994,12,0.6000000000
Jordan,1993,1994,12,0.0434782609
Libya,1993,1994,12,0.0434782609
Cameroon,1993,1994,12,0.0000000000
Chile,1993,1994,12,0.0909090909
Peru,1993,1994,12,0.0434782609
Mexico,1993,1994,12,0.0000000000
Africa Eastern and Southern,1993,1994,12,0.1428571429
Central African Republic,1993,1994,12,0.0000000000
Latin America & the Caribbean (IDA & IBRD countries),1993,1994,12,0.3333333333
Canada,1993,1994,12,0.0434782609
OECD members,1993,1994,12,0.7142857143
IDA blend,1993,1994,12,0.1428571429
Norway,1993,1994,12,0.0000000000
Benin,1993,1994,12,0.0000000000
Europe & Central Asia (IDA & IBRD countries),1993,1994,12,0.1428571429
Chad,1993,1994,12,0.0000000000
Hungary,1993,1994,12,0.0434782609
Moldova,1993,1994,12,0.0000000000
Tajikistan,1993,1994,12,0.2000000000
Kiribati,1993,1994,12,0.1428571429
Central Europe and the Baltics,1993,1994,12,0.2000000000
"Middle East, North Africa, Afghanistan & Pakistan (IDA & IBRD)",1993,1994,12,0.0909090909
IDA total,1993,1994,12,0.0000000000
Guinea,1993,1994,12,0.0000000000
Iraq,1993,1994,12,0.0434782609
Netherlands,1993,1994,12,0.0000000000
Belize,1993,1994,12,0.0434782609
Algeria,1993,1994,12,0.0434782609
Saudi Arabia,1993,1994,12,0.0909090909
Guinea-Bissau,1993,1994,12,0.0000000000
Lithuania,1993,1994,12,0.0909090909
Cuba,1993,1994,12,0.0000000000
Qatar,1993,1994,12,0.0909090909
United States,1993,1994,12,0.5000000000
Papua New Guinea,1993,1994,12,0.0000000000
Heavily indebted poor countries (HIPC),1993,1994,12,0.0000000000
Indonesia,1993,1994,12,0.0909090909
Haiti,1993,1994,12,0.0909090909
Portugal,1993,1994,12,0.0000000000
Thailand,1993,1994,12,0.0434782609
Dominican Republic,1993,1994,12,0.0000000000
Nepal,1993,1994,12,0.0434782609
Cote d'Ivoire,1993,1994,12,0.0434782609
Uzbekistan,1993,1994,12,0.1428571429
"Micronesia, Fed. Sts.",1993,1994,12,0.0434782609
Paraguay,1993,1994,12,0.2000000000
Malawi,1993,1994,12,0.0000000000
Equatorial Guinea,1993,1994,12,0.0909090909
Mongolia,1993,1994,12,0.0434782609
Isle of Man,1993,1994,12,0.0434782609
Albania,1993,1994,12,0.0434782609
Italy,1993,1994,12,0.1428571429
"Egypt, Arab Rep.",1993,1994,12,0.0909090909
Low income,1993,1994,12,0.0434782609
Tunisia,1993,1994,12,0.0000000000
Uganda,1993,1994,12,0.0000000000
Azerbaijan,1993,1994,12,0.2631578947
Luxembourg,1993,1994,12,0.0434782609
"Venezuela, RB",1993,1994,12,0.0000000000
Oman,1993,1994,12,0.0000000000
Tuvalu,1993,1994,12,0.0434782609
Estonia,1993,1994,12,0.0434782609
New Caledonia,1993,1994,12,0.0000000000
Malta,1993,1994,12,0.0434782609
Honduras,1993,1994,12,0.0000000000
Bermuda,1993,1994,12,0.0434782609
India,1993,1994,12,0.2000000000
St. Vincent and the Grenadines,1993,1994,12,0.0000000000
Uruguay,1993,1994,12,0.0000000000
Sudan,1993,1994,12,0.0000000000
East Asia & Pacific (IDA & IBRD countries),1993,1994,12,0.0909090909
Kyrgyz Republic,1994,1995,12,0.1428571429
Mali,1994,1995,12,0.0434782609
IBRD only,1994,1995,12,0.4117647059
Denmark,1994,1995,12,0.0434782609
Tonga,1994,1995,12,0.0000000000
Bosnia and Herzegovina,1994,1995,12,0.0909090909
Europe & Central Asia,1994,1995,12,0.2631578947
Guam,1994,1995,12,0.3333333333
"Macao SAR, China",1994,1995,12,0.0434782609
Madagascar,1994,1995,12,0.0909090909
Ethiopia,1994,1995,12,0.0000000000
Brunei Darussalam,1994,1995,12,0.0000000000
Iceland,1994,1995,12,0.1428571429
Pacific island small states,1994,1995,12,0.0434782609
Burundi,1994,1995,12,0.0909090909
Bahrain,1994,1995,12,0.0000000000
Ghana,1994,1995,12,0.0909090909
Kazakhstan,1994,1995,12,0.0909090909
Gabon,1994,1995,12,0.0434782609
IDA only,1994,1995,12,0.0434782609
Croatia,1994,1995,12,0.0000000000
New Zealand,1994,1995,12,0.0000000000
Samoa,1994,1995,12,0.0000000000
Kenya,1994,1995,12,0.0434782609
Brazil,1994,1995,12,0.0434782609
Euro area,1994,1995,12,0.0909090909
Greece,1994,1995,12,0.1428571429
Lebanon,1994,1995,12,0.0434782609
Romania,1994,1995,12,0.0000000000
Seychelles,1994,1995,12,0.1428571429
Niger,1994,1995,12,0.1428571429
Panama,1994,1995,12,0.0434782609
Zimbabwe,1994,1995,12,0.0434782609
Germany,1994,1995,12,0.2000000000
"Hong Kong SAR, China",1994,1995,12,0.0000000000
Sub-Saharan Africa (IDA & IBRD countries),1994,1995,12,0.0909090909
France,1994,1995,12,0.1428571429
Suriname,1994,1995,12,0.0434782609
Slovak Republic,1994,1995,12,0.0909090909
Poland,1994,1995,12,0.0909090909
Sri Lanka,1994,1995,12,0.0000000000
Trinidad and Tobago,1994,1995,12,0.0000000000
"Middle East, North Africa, Afghanistan & Pakistan (excluding high income)",1994,1995,12,0.2631578947
"Congo, Dem. Rep.",1994,1995,12,0.0909090909
South Asia,1994,1995,12,0.0909090909
Ukraine,1994,1995,12,0.0909090909
El Salvador,1994,1995,12,0.1428571429
Fiji,1994,1995,12,0.0000000000
French Polynesia,1994,1995,12,0.1428571429
Palau,1994,1995,12,0.0909090909
Pakistan,1994,1995,12,0.0434782609
Austria,1994,1995,12,0.0909090909
Maldives,1994,1995,12,0.0434782609
South Africa,1994,1995,12,0.0000000000
Guyana,1994,1995,12,0.0000000000
Turkiye,1994,1995,12,0.0000000000
Aruba,1994,1995,12,0.0000000000
Solomon Islands,1994,1995,12,0.0434782609
Kuwait,1994,1995,12,0.0000000000
Marshall Islands,1994,1995,12,0.0434782609
Morocco,1994,1995,12,0.0434782609
Puerto Rico (US),1994,1995,12,0.1428571429
Philippines,1994,1995,12,0.1428571429
Syrian Arab Republic,1994,1995,12,0.0909090909
Cyprus,1994,1995,12,0.0909090909
Caribbean small states,1994,1995,12,0.0434782609
Mauritius,1994,1995,12,0.0434782609
Jamaica,1994,1995,12,0.0000000000
Lao PDR,1994,1995,12,0.0434782609
Bhutan,1994,1995,12,0.0434782609
Senegal,1994,1995,12,0.0909090909
"Somalia, Fed. Rep.",1994,1995,12,0.0000000000
"Korea, Rep.",1994,1995,12,0.0000000000
St. Lucia,1994,1995,12,0.2631578947
World,1994,1995,12,0.3333333333
Eritrea,1994,1995,12,0.0000000000
Sao Tome and Principe,1994,1995,12,0.0909090909
Monaco,1994,1995,12,0.0000000000
Greenland,1994,1995,12,0.0000000000
Timor-Leste,1994,1995,12,0.1428571429
Belgium,1994,1995,12,0.0434782609
European Union,1994,1995,12,0.1428571429
Cambodia,1994,1995,12,0.0434782609
Togo,1994,1995,12,0.0000000000
Bangladesh,1994,1995,12,0.0909090909
Colombia,1994,1995,12,0.0000000000
"Gambia, The",1994,1995,12,0.0434782609
Faroe Islands,1994,1995,12,0.0909090909
East Asia & Pacific (excluding high income),1994,1995,12,0.1428571429
Viet Nam,1994,1995,12,0.0000000000
China,1994,1995,12,0.1428571429
Pre-demographic dividend,1994,1995,12,0.0000000000
Israel,1994,1995,12,0.1428571429
Slovenia,1994,1995,12,0.0434782609
South Asia (IDA & IBRD),1994,1995,12,0.0909090909
Djibouti,1994,1995,12,0.2631578947
High income,1994,1995,12,0.5000000000
Turkmenistan,1994,1995,12,0.1428571429
East Asia & Pacific,1994,1995,12,0.3333333333
Vanuatu,1994,1995,12,0.0909090909
Comoros,1994,1995,12,0.0909090909
Cabo Verde,1994,1995,12,0.2000000000
Dominica,1994,1995,12,0.0000000000
Mauritania,1994,1995,12,0.0000000000
Late-demographic dividend,1994,1995,12,0.3333333333
Africa Western and Central,1994,1995,12,0.0434782609
Latin America & Caribbean,1994,1995,12,0.1428571429
Lower middle income,1994,1995,12,0.0434782609
Tanzania,1994,1995,12,0.0000000000
Costa Rica,1994,1995,12,0.1428571429
"Congo, Rep.",1994,1995,12,0.0434782609
Fragile and conflict affected situations,1994,1995,12,0.0909090909
Nauru,1994,1995,12,0.0909090909
Australia,1994,1995,12,0.0909090909
Latvia,1994,1995,12,0.0434782609
St. Kitts and Nevis,1994,1995,12,0.0434782609
Czechia,1994,1995,12,0.0000000000
Small states,1994,1995,12,0.0000000000
Antigua and Barbuda,1994,1995,12,0.0909090909
Low & middle income,1994,1995,12,0.2631578947
Nicaragua,1994,1995,12,0.0000000000
Middle income,1994,1995,12,0.3333333333
"Bahamas, The",1994,1995,12,0.0434782609
Sierra Leone,1994,1995,12,0.0909090909
Sub-Saharan Africa,1994,1995,12,0.0909090909
Europe & Central Asia (excluding high income),1994,1995,12,0.0000000000
Upper middle income,1994,1995,12,0.2631578947
Latin America & Caribbean (excluding high income),1994,1995,12,0.1428571429
Other small states,1994,1995,12,0.0909090909
Grenada,1994,1995,12,0.0434782609
Zambia,1994,1995,12,0.0434782609
Rwanda,1994,1995,12,0.0000000000
Finland,1994,1995,12,0.0000000000
Guatemala,1994,1995,12,0.0909090909
Nigeria,1994,1995,12,0.1428571429
Post-demographic dividend,1994,1995,12,0.6000000000
Lesotho,1994,1995,12,0.0434782609
Spain,1994,1995,12,0.1428571429
West Bank and Gaza,1994,1995,12,0.0000000000
Least developed countries: UN classification,1994,1995,12,0.0000000000
Barbados,1994,1995,12,0.2000000000
"Middle East, North Africa, Afghanistan & Pakistan",1994,1995,12,0.1428571429
Sub-Saharan Africa (excluding high income),1994,1995,12,0.0909090909
Early-demographic dividend,1994,1995,12,0.0434782609
Botswana,1994,1995,12,0.0000000000
Bulgaria,1994,1995,12,0.0000000000
"Iran, Islamic Rep.",1994,1995,12,0.0000000000
Mozambique,1994,1995,12,0.0000000000
North America,1994,1995,12,0.5000000000
Angola,1994,1995,12,0.0000000000
Japan,1994,1995,12,0.4117647059
Liberia,1994,1995,12,0.0909090909
"Yemen, Rep.",1994,1995,12,0.0909090909
Liechtenstein,1994,1995,12,0.0434782609
Switzerland,1994,1995,12,0.0909090909
San Marino,1994,1995,12,0.1428571429
United Arab Emirates,1994,1995,12,0.1428571429
United Kingdom,1994,1995,12,0.0434782609
North Macedonia,1994,1995,12,0.0909090909
Malaysia,1994,1995,12,0.0000000000
Argentina,1994,1995,12,0.0434782609
Cayman Islands,1994,1995,12,0.3333333333
Singapore,1994,1995,12,0.0434782609
Eswatini,1994,1995,12,0.0000000000
Russian Federation,1994,1995,12,0.0434782609
Bolivia,1994,1995,12,0.0000000000
Myanmar,1994,1995,12,0.0909090909
Arab World,1994,1995,12,0.1428571429
Belarus,1994,1995,12,0.0434782609
Ireland,1994,1995,12,0.1428571429
Burkina Faso,1994,1995,12,0.0434782609
Georgia,1994,1995,12,0.0000000000
Ecuador,1994,1995,12,0.0000000000
Namibia,1994,1995,12,0.0000000000
Armenia,1994,1995,12,0.0909090909
Sweden,1994,1995,12,0.0909090909
Andorra,1994,1995,12,0.0434782609
IDA & IBRD total,1994,1995,12,0.4117647059
Jordan,1994,1995,12,0.0909090909
Libya,1994,1995,12,0.0434782609
Cameroon,1994,1995,12,0.0434782609
Chile,1994,1995,12,0.0000000000
Peru,1994,1995,12,0.0434782609
Mexico,1994,1995,12,0.0000000000
Africa Eastern and Southern,1994,1995,12,0.0434782609
Central African Republic,1994,1995,12,0.0000000000
Latin America & the Caribbean (IDA & IBRD countries),1994,1995,12,0.1428571429
Canada,1994,1995,12,0.0000000000
OECD members,1994,1995,12,0.5000000000
IDA blend,1994,1995,12,0.0434782609
Norway,1994,1995,12,0.0909090909
Benin,1994,1995,12,0.0000000000
Europe & Central Asia (IDA & IBRD countries),1994,1995,12,0.0434782609
Chad,1994,1995,12,0.0000000000
Hungary,1994,1995,12,0.0000000000
Moldova,1994,1995,12,0.0000000000
Tajikistan,1994,1995,12,0.0909090909
Kiribati,1994,1995,12,0.0434782609
Central Europe and the Baltics,1994,1995,12,0.0000000000
"Middle East, North Africa, Afghanistan & Pakistan (IDA & IBRD)",1994,1995,12,0.2000000000
IDA total,1994,1995,12,0.0000000000
Guinea,1994,1995,12,0.1428571429
Iraq,1994,1995,12,0.0909090909
Netherlands,1994,1995,12,0.0000000000
Belize,1994,1995,12,0.1428571429
Algeria,1994,1995,12,0.0000000000
Saudi Arabia,1994,1995,12,0.0000000000
Guinea-Bissau,1994,1995,12,0.2000000000
Lithuania,1994,1995,12,0.0434782609
Cuba,1994,1995,12,0.0434782609
Qatar,1994,1995,12,0.2000000000
United States,1994,1995,12,0.4117647059
Papua New Guinea,1994,1995,12,0.0000000000
Heavily indebted poor countries (HIPC),1994,1995,12,0.0434782609
Indonesia,1994,1995,12,0.0434782609
Haiti,1994,1995,12,0.0000000000
Portugal,1994,1995,12,0.0000000000
Thailand,1994,1995,12,0.0434782609
Dominican Republic,1994,1995,12,0.0000000000
Nepal,1994,1995,12,0.0000000000
Cote d'Ivoire,1994,1995,12,0.0000000000
Uzbekistan,1994,1995,12,0.2000000000
"Micronesia, Fed. Sts.",1994,1995,12,0.0000000000
Paraguay,1994,1995,12,0.0000000000
Malawi,1994,1995,12,0.0000000000
Equatorial Guinea,1994,1995,12,0.1428571429
Mongolia,1994,1995,12,0.0000000000
Isle of Man,1994,1995,12,0.0909090909
Albania,1994,1995,12,0.0434782609
Italy,1994,1995,12,0.2000000000
"Egypt, Arab Rep.",1994,1995,12,0.0909090909
Low income,1994,1995,12,0.0000000000
Tunisia,1994,1995,12,0.0909090909
Uganda,1994,1995,12,0.0000000000
Azerbaijan,1994,1995,12,0.2000000000
Luxembourg,1994,1995,12,0.0434782609
"Venezuela, RB",1994,1995,12,0.0909090909
Oman,1994,1995,12,0.2631578947
Tuvalu,1994,1995,12,0.0909090909
Estonia,1994,1995,12,0.0434782609
New Caledonia,1994,1995,12,0.0000000000
Malta,1994,1995,12,0.0000000000
Honduras,1994,1995,12,0.0000000000
Bermuda,1994,1995,12,0.0000000000
India,1994,1995,12,0.1428571429
St. Vincent and the Grenadines,1994,1995,12,0.0434782609
Uruguay,1994,1995,12,0.0000000000
Sudan,1994,1995,12,0.0434782609
East Asia & Pacific (IDA & IBRD countries),1994,1995,12,0.1428571429
Kyrgyz Republic,1995,1996,12,0.0434782609
Mali,1995,1996,12,0.0000000000
IBRD only,1995,1996,12,0.6000000000
Denmark,1995,1996,12,0.0000000000
Tonga,1995,1996,12,0.0000000000
Bosnia and Herzegovina,1995,1996,12,0.2000000000
Europe & Central Asia,1995,1996,12,0.5000000000
Guam,1995,1996,12,0.2000000000
"Macao SAR, China",1995,1996,12,0.0000000000
Madagascar,1995,1996,12,0.1428571429
Ethiopia,1995,1996,12,0.0434782609
Brunei Darussalam,1995,1996,12,0.1428571429
Iceland,1995,1996,12,0.0000000000
Pacific island small states,1995,1996,12,0.1428571429
Burundi,1995,1996,12,0.0909090909
Bahrain,1995,1996,12,0.0909090909
Ghana,1995,1996,12,0.0000000000
Kazakhstan,1995,1996,12,0.0000000000
Gabon,1995,1996,12,0.2000000000
IDA only,1995,1996,12,0.1428571429
Croatia,1995,1996,12,0.0000000000
New Zealand,1995,1996,12,0.0909090909
Samoa,1995,1996,12,0.0000000000
Kenya,1995,1996,12,0.0434782609
Brazil,1995,1996,12,0.0000000000
Euro area,1995,1996,12,0.6000000000
Greece,1995,1996,12,0.1428571429
Lebanon,1995,1996,12,0.0434782609
Romania,1995,1996,12,0.0434782609
Seychelles,1995,1996,12,0.0000000000
Niger,1995,1996,12,0.0434782609
Panama,1995,1996,12,0.0000000000
Zimbabwe,1995,1996,12,0.0000000000
Germany,1995,1996,12,0.0434782609
"Hong Kong SAR, China",1995,1996,12,0.0434782609
Sub-Saharan Africa (IDA & IBRD countries),1995,1996,12,0.0909090909
France,1995,1996,12,0.0434782609
Suriname,1995,1996,12,0.0434782609
Slovak Republic,1995,1996,12,0.0909090909
Poland,1995,1996,12,0.0909090909
Sri Lanka,1995,1996,12,0.0000000000
Trinidad and Tobago,1995,1996,12,0.0000000000
"Middle East, North Africa, Afghanistan & Pakistan (excluding high income)",1995,1996,12,0.0434782609
"Congo, Dem. Rep.",1995,1996,12,0.0434782609
South Asia,1995,1996,12,0.1428571429
Ukraine,1995,1996,12,0.0909090909
El Salvador,1995,1996,12,0.0000000000
Fiji,1995,1996,12,0.0000000000
French Polynesia,1995,1996,12,0.0434782609
Palau,1995,1996,12,0.0434782609
Pakistan,1995,1996,12,0.0000000000
Austria,1995,1996,12,0.0434782609
Maldives,1995,1996,12,0.0434782609
South Africa,1995,1996,12,0.0434782609
Guyana,1995,1996,12,0.0434782609
Turkiye,1995,1996,12,0.0434782609
Aruba,1995,1996,12,0.0000000000
Solomon Islands,1995,1996,12,0.0434782609
Kuwait,1995,1996,12,0.0000000000
Marshall Islands,1995,1996,12,0.0000000000
Morocco,1995,1996,12,0.0434782609
Puerto Rico (US),1995,1996,12,0.0909090909
Philippines,1995,1996,12,0.0434782609
Syrian Arab Republic,1995,1996,12,0.0434782609
Cyprus,1995,1996,12,0.0434782609
Caribbean small states,1995,1996,12,0.0434782609
Mauritius,1995,1996,12,0.0434782609
Jamaica,1995,1996,12,0.0000000000
Lao PDR,1995,1996,12,0.0434782609
Bhutan,1995,1996,12,0.0909090909
Senegal,1995,1996,12,0.0434782609
"Somalia, Fed. Rep.",1995,1996,12,0.0000000000
"Korea, Rep.",1995,1996,12,0.0434782609
St. Lucia,1995,1996,12,0.0000000000
World,1995,1996,12,0.3333333333
Eritrea,1995,1996,12,0.0000000000
Sao Tome and Principe,1995,1996,12,0.1428571429
Monaco,1995,1996,12,0.0434782609
Greenland,1995,1996,12,0.0000000000
Timor-Leste,1995,1996,12,0.0000000000
Belgium,1995,1996,12,0.0000000000
European Union,1995,1996,12,0.6000000000
Cambodia,1995,1996,12,0.0434782609
Togo,1995,1996,12,0.0000000000
Bangladesh,1995,1996,12,0.0000000000
Colombia,1995,1996,12,0.0434782609
"Gambia, The",1995,1996,12,0.0434782609
Faroe Islands,1995,1996,12,0.0434782609
East Asia & Pacific (excluding high income),1995,1996,12,0.1428571429
Viet Nam,1995,1996,12,0.0909090909
China,1995,1996,12,0.1428571429
Pre-demographic dividend,1995,1996,12,0.0000000000
Israel,1995,1996,12,0.1428571429
Slovenia,1995,1996,12,0.0909090909
South Asia (IDA & IBRD),1995,1996,12,0.1428571429
Djibouti,1995,1996,12,0.0000000000
High income,1995,1996,12,0.5000000000
Turkmenistan,1995,1996,12,0.0909090909
East Asia & Pacific,1995,1996,12,0.5000000000
Vanuatu,1995,1996,12,0.0000000000
Comoros,1995,1996,12,0.0434782609
Cabo Verde,1995,1996,12,0.2000000000
Dominica,1995,1996,12,0.0000000000
Mauritania,1995,1996,12,0.0434782609
Late-demographic dividend,1995,1996,12,0.5000000000
Africa Western and Central,1995,1996,12,0.0000000000
Latin America & Caribbean,1995,1996,12,0.1428571429
Lower middle income,1995,1996,12,0.0000000000
Tanzania,1995,1996,12,0.0434782609
Costa Rica,1995,1996,12,0.0000000000
"Congo, Rep.",1995,1996,12,0.0000000000
Fragile and conflict affected situations,1995,1996,12,0.0434782609
Nauru,1995,1996,12,0.0909090909
Australia,1995,1996,12,0.0434782609
Latvia,1995,1996,12,0.0000000000
St. Kitts and Nevis,1995,1996,12,0.0909090909
Czechia,1995,1996,12,0.0000000000
Small states,1995,1996,12,0.0434782609
Antigua and Barbuda,1995,1996,12,0.0909090909
Low & middle income,1995,1996,12,0.5000000000
Nicaragua,1995,1996,12,0.0909090909
Middle income,1995,1996,12,0.5000000000
"Bahamas, The",1995,1996,12,0.2000000000
Sierra Leone,1995,1996,12,0.0000000000
Sub-Saharan Africa,1995,1996,12,0.0909090909
Europe & Central Asia (excluding high income),1995,1996,12,0.0909090909
Upper middle income,1995,1996,12,0.6000000000
Latin America & Caribbean (excluding high income),1995,1996,12,0.1428571429
Other small states,1995,1996,12,0.1428571429
Grenada,1995,1996,12,0.0000000000
Zambia,1995,1996,12,0.0000000000
Rwanda,1995,1996,12,0.2000000000
Finland,1995,1996,12,0.0434782609
Guatemala,1995,1996,12,0.0909090909
Nigeria,1995,1996,12,0.0434782609
Post-demographic dividend,1995,1996,12,0.5000000000
Lesotho,1995,1996,12,0.0000000000
Spain,1995,1996,12,0.0000000000
West Bank and Gaza,1995,1996,12,0.0000000000
Least developed countries: UN classification,1995,1996,12,0.0434782609
Barbados,1995,1996,12,0.0434782609
"Middle East, North Africa, Afghanistan & Pakistan",1995,1996,12,0.0909090909
Sub-Saharan Africa (excluding high income),1995,1996,12,0.0909090909
Early-demographic dividend,1995,1996,12,0.1428571429
Botswana,1995,1996,12,0.1428571429
Bulgaria,1995,1996,12,0.0434782609
"Iran, Islamic Rep.",1995,1996,12,0.0000000000
Mozambique,1995,1996,12,0.0000000000
North America,1995,1996,12,0.5000000000
Angola,1995,1996,12,0.2000000000
Japan,1995,1996,12,0.4117647059
Liberia,1995,1996,12,0.0434782609
"Yemen, Rep.",1995,1996,12,0.0000000000
Liechtenstein,1995,1996,12,0.0000000000
Switzerland,1995,1996,12,0.0909090909
San Marino,1995,1996,12,0.3333333333
United Arab Emirates,1995,1996,12,0.0909090909
United Kingdom,1995,1996,12,0.2000000000
North Macedonia,1995,1996,12,0.0434782609
Malaysia,1995,1996,12,0.1428571429
Argentina,1995,1996,12,0.0000000000
Cayman Islands,1995,1996,12,0.2631578947
Singapore,1995,1996,12,0.0434782609
Eswatini,1995,1996,12,0.0000000000
Russian Federation,1995,1996,12,0.0909090909
Bolivia,1995,1996,12,0.0000000000
Myanmar,1995,1996,12,0.0000000000
Arab World,1995,1996,12,0.0909090909
Belarus,1995,1996,12,0.0434782609
Ireland,1995,1996,12,0.0434782609
Burkina Faso,1995,1996,12,0.0434782609
Georgia,1995,1996,12,0.0000000000
Ecuador,1995,1996,12,0.0434782609
Namibia,1995,1996,12,0.0434782609
Armenia,1995,1996,12,0.0909090909
Sweden,1995,1996,12,0.0000000000
Andorra,1995,1996,12,0.0000000000
IDA & IBRD total,1995,1996,12,0.5000000000
Jordan,1995,1996,12,0.0909090909
Libya,1995,1996,12,0.0434782609
Cameroon,1995,1996,12,0.0434782609
Chile,1995,1996,12,0.0000000000
Peru,1995,1996,12,0.0000000000
Mexico,1995,1996,12,0.0000000000
Africa Eastern and Southern,1995,1996,12,0.0434782609
Central African Republic,1995,1996,12,0.0434782609
Latin America & the Caribbean (IDA & IBRD countries),1995,1996,12,0.1428571429
Canada,1995,1996,12,0.0000000000
OECD members,1995,1996,12,0.4117647059
IDA blend,1995,1996,12,0.0000000000
Norway,1995,1996,12,0.0434782609
Benin,1995,1996,12,0.0434782609
Europe & Central Asia (IDA & IBRD countries),1995,1996,12,0.0909090909
Chad,1995,1996,12,0.0909090909
Hungary,1995,1996,12,0.0909090909
Moldova,1995,1996,12,0.0000000000
Tajikistan,1995,1996,12,0.0434782609
Kiribati,1995,1996,12,0.0000000000
Central Europe and the Baltics,1995,1996,12,0.0000000000
"Middle East, North Africa, Afghanistan & Pakistan (IDA & IBRD)",1995,1996,12,0.0434782609
IDA total,1995,1996,12,0.0434782609
Guinea,1995,1996,12,0.0000000000
Iraq,1995,1996,12,0.0434782609
Netherlands,1995,1996,12,0.0000000000
Belize,1995,1996,12,0.0434782609
Algeria,1995,1996,12,0.0909090909
Saudi Arabia,1995,1996,12,0.0909090909
Guinea-Bissau,1995,1996,12,0.0000000000
Lithuania,1995,1996,12,0.0000000000
Cuba,1995,1996,12,0.0000000000
Qatar,1995,1996,12,0.0434782609
United States,1995,1996,12,0.4117647059
Papua New Guinea,1995,1996,12,0.0000000000
Serbia,1995,1996,12,0.0434782609
Heavily indebted poor countries (HIPC),1995,1996,12,0.1428571429
Indonesia,1995,1996,12,0.0909090909
Haiti,1995,1996,12,0.0000000000
Portugal,1995,1996,12,0.1428571429
Thailand,1995,1996,12,0.0434782609
Dominican Republic,1995,1996,12,0.0909090909
Nepal,1995,1996,12,0.1428571429
Cote d'Ivoire,1995,1996,12,0.1428571429
Uzbekistan,1995,1996,12,0.0434782609
"Micronesia, Fed. Sts.",1995,1996,12,0.0434782609
Paraguay,1995,1996,12,0.0434782609
Malawi,1995,1996,12,0.0909090909
Equatorial Guinea,1995,1996,12,0.2000000000
Mongolia,1995,1996,12,0.0434782609
Isle of Man,1995,1996,12,0.0434782609
Albania,1995,1996,12,0.0434782609
Italy,1995,1996,12,0.0434782609
"Egypt, Arab Rep.",1995,1996,12,0.0000000000
Low income,1995,1996,12,0.0909090909
Tunisia,1995,1996,12,0.0000000000
Uganda,1995,1996,12,0.0909090909
Azerbaijan,1995,1996,12,0.0434782609
Luxembourg,1995,1996,12,0.2000000000
"Venezuela, RB",1995,1996,12,0.0434782609
Oman,1995,1996,12,0.1428571429
Tuvalu,1995,1996,12,0.2000000000
Estonia,1995,1996,12,0.1428571429
New Caledonia,1995,1996,12,0.0000000000
Malta,1995,1996,12,0.0000000000
Honduras,1995,1996,12,0.0909090909
Bermuda,1995,1996,12,0.0909090909
India,1995,1996,12,0.1428571429
St. Vincent and the Grenadines,1995,1996,12,0.0434782609
Uruguay,1995,1996,12,0.0434782609
Sudan,1995,1996,12,0.0434782609
East Asia & Pacific (IDA & IBRD countries),1995,1996,12,0.1428571429
Kyrgyz Republic,1996,1997,12,0.0434782609
Mali,1996,1997,12,0.0000000000
IBRD only,1996,1997,12,0.5000000000
Denmark,1996,1997,12,0.0434782609
Tonga,1996,1997,12,0.0434782609
Bosnia and Herzegovina,1996,1997,12,0.2631578947
Europe & Central Asia,1996,1997,12,0.4117647059
Guam,1996,1997,12,0.1428571429
"Macao SAR, China",1996,1997,12,0.0434782609
Madagascar,1996,1997,12,0.0434782609
Ethiopia,1996,1997,12,0.0000000000
Brunei Darussalam,1996,1997,12,0.0000000000
Iceland,1996,1997,12,0.0000000000
Pacific island small states,1996,1997,12,0.0434782609
Burundi,1996,1997,12,0.0909090909
Bahrain,1996,1997,12,0.0000000000
Ghana,1996,1997,12,0.0000000000
Kazakhstan,1996,1997,12,0.0909090909
Gabon,1996,1997,12,0.0000000000
IDA only,1996,1997,12,0.0434782609
Croatia,1996,1997,12,0.0434782609
New Zealand,1996,1997,12,0.0434782609
Samoa,1996,1997,12,0.0000000000
Kenya,1996,1997,12,0.0434782609
Brazil,1996,1997,12,0.0434782609
Euro area,1996,1997,12,0.7142857143
Greece,1996,1997,12,0.0434782609
Lebanon,1996,1997,12,0.0434782609
Romania,1996,1997,12,0.0000000000
Seychelles,1996,1997,12,0.0434782609
Niger,1996,1997,12,0.0909090909
Panama,1996,1997,12,0.0434782609
Zimbabwe,1996,1997,12,0.0909090909
Germany,1996,1997,12,0.0909090909
"Hong Kong SAR, China",1996,1997,12,0.0000000000
Sub-Saharan Africa (IDA & IBRD countries),1996,1997,12,0.0909090909
France,1996,1997,12,0.0434782609
Suriname,1996,1997,12,0.0434782609
Slovak Republic,1996,1997,12,0.0909090909
Poland,1996,1997,12,0.0000000000
Sri Lanka,1996,1997,12,0.0000000000
Trinidad and Tobago,1996,1997,12,0.0434782609
"Middle East, North Africa, Afghanistan & Pakistan (excluding high income)",1996,1997,12,0.2000000000
"Congo, Dem. Rep.",1996,1997,12,0.0000000000
South Asia,1996,1997,12,0.0909090909
Ukraine,1996,1997,12,0.0434782609
El Salvador,1996,1997,12,0.0000000000
Fiji,1996,1997,12,0.0000000000
French Polynesia,1996,1997,12,0.0909090909
Palau,1996,1997,12,0.0434782609
Pakistan,1996,1997,12,0.0000000000
Austria,1996,1997,12,0.0434782609
Maldives,1996,1997,12,0.0909090909
South Africa,1996,1997,12,0.0000000000
Guyana,1996,1997,12,0.0000000000
Turkiye,1996,1997,12,0.0909090909
Aruba,1996,1997,12,0.0434782609
Solomon Islands,1996,1997,12,0.0909090909
Kuwait,1996,1997,12,0.1428571429
Marshall Islands,1996,1997,12,0.0909090909
Morocco,1996,1997,12,0.0000000000
Puerto Rico (US),1996,1997,12,0.0434782609
Philippines,1996,1997,12,0.0000000000
Syrian Arab Republic,1996,1997,12,0.0000000000
Cyprus,1996,1997,12,0.0434782609
Caribbean small states,1996,1997,12,0.0434782609
Mauritius,1996,1997,12,0.0000000000
Jamaica,1996,1997,12,0.0909090909
Lao PDR,1996,1997,12,0.0434782609
Bhutan,1996,1997,12,0.0434782609
Senegal,1996,1997,12,0.0434782609
"Somalia, Fed. Rep.",1996,1997,12,0.0000000000
"Korea, Rep.",1996,1997,12,0.0000000000
St. Lucia,1996,1997,12,0.0434782609
World,1996,1997,12,0.2000000000
Eritrea,1996,1997,12,0.0434782609
Sao Tome and Principe,1996,1997,12,0.0000000000
Monaco,1996,1997,12,0.0909090909
Greenland,1996,1997,12,0.0000000000
Timor-Leste,1996,1997,12,0.0000000000
Belgium,1996,1997,12,0.0000000000
European Union,1996,1997,12,0.6000000000
Cambodia,1996,1997,12,0.0000000000
Togo,1996,1997,12,0.0434782609
Bangladesh,1996,1997,12,0.0000000000
Colombia,1996,1997,12,0.0909090909
"Gambia, The",1996,1997,12,0.0434782609
Faroe Islands,1996,1997,12,0.0909090909
East Asia & Pacific (excluding high income),1996,1997,12,0.2000000000
Viet Nam,1996,1997,12,0.1428571429
China,1996,1997,12,0.1428571429
Pre-demographic dividend,1996,1997,12,0.0434782609
Israel,1996,1997,12,0.1428571429
Slovenia,1996,1997,12,0.0434782609
South Asia (IDA & IBRD),1996,1997,12,0.0909090909
Djibouti,1996,1997,12,0.0909090909
High income,1996,1997,12,0.4117647059
Turkmenistan,1996,1997,12,0.0909090909
East Asia & Pacific,1996,1997,12,0.3333333333
Vanuatu,1996,1997,12,0.0434782609
Comoros,1996,1997,12,0.0000000000
Cabo Verde,1996,1997,12,0.0434782609
Dominica,1996,1997,12,0.0000000000
Mauritania,1996,1997,12,0.0434782609
Late-demographic dividend,1996,1997,12,0.4117647059
Africa Western and Central,1996,1997,12,0.0000000000
Latin America & Caribbean,1996,1997,12,0.1428571429
Lower middle income,1996,1997,12,0.0434782609
Tanzania,1996,1997,12,0.0000000000
Costa Rica,1996,1997,12,0.0909090909
"Congo, Rep.",1996,1997,12,0.0000000000
Fragile and conflict affected situations,1996,1997,12,0.0434782609
Nauru,1996,1997,12,0.2631578947
Australia,1996,1997,12,0.0434782609
Latvia,1996,1997,12,0.0000000000
St. Kitts and Nevis,1996,1997,12,0.0434782609
Czechia,1996,1997,12,0.0000000000
Small states,1996,1997,12,0.0000000000
Antigua and Barbuda,1996,1997,12,0.0909090909
Low & middle income,1996,1997,12,0.5000000000
Nicaragua,1996,1997,12,0.0434782609
Middle income,1996,1997,12,0.5000000000
"Bahamas, The",1996,1997,12,0.0000000000
Sierra Leone,1996,1997,12,0.0000000000
Sub-Saharan Africa,1996,1997,12,0.0909090909
Europe & Central Asia (excluding high income),1996,1997,12,0.0000000000
Upper middle income,1996,1997,12,0.5000000000
Latin America & Caribbean (excluding high income),1996,1997,12,0.1428571429
Other small states,1996,1997,12,0.0000000000
Grenada,1996,1997,12,0.0909090909
Zambia,1996,1997,12,0.0000000000
Rwanda,1996,1997,12,0.2631578947
Finland,1996,1997,12,0.0434782609
Guatemala,1996,1997,12,0.0434782609
Nigeria,1996,1997,12,0.0909090909
Post-demographic dividend,1996,1997,12,0.3333333333
Lesotho,1996,1997,12,0.0000000000
Spain,1996,1997,12,0.0434782609
West Bank and Gaza,1996,1997,12,0.0000000000
Least developed countries: UN classification,1996,1997,12,0.0434782609
Barbados,1996,1997,12,0.0434782609
"Middle East, North Africa, Afghanistan & Pakistan",1996,1997,12,0.0000000000
Sub-Saharan Africa (excluding high income),1996,1997,12,0.0909090909
Early-demographic dividend,1996,1997,12,0.1428571429
Botswana,1996,1997,12,0.0434782609
Bulgaria,1996,1997,12,0.0000000000
"Iran, Islamic Rep.",1996,1997,12,0.0000000000
Mozambique,1996,1997,12,0.2631578947
North America,1996,1997,12,0.4117647059
Angola,1996,1997,12,0.0434782609
Japan,1996,1997,12,0.0909090909
Liberia,1996,1997,12,0.2631578947
"Yemen, Rep.",1996,1997,12,0.0000000000
Liechtenstein,1996,1997,12,0.0909090909
Switzerland,1996,1997,12,0.0000000000
San Marino,1996,1997,12,0.0000000000
United Arab Emirates,1996,1997,12,0.0909090909
United Kingdom,1996,1997,12,0.0434782609
North Macedonia,1996,1997,12,0.0000000000
Malaysia,1996,1997,12,0.0909090909
Argentina,1996,1997,12,0.0909090909
Cayman Islands,1996,1997,12,0.3333333333
Singapore,1996,1997,12,0.0909090909
Eswatini,1996,1997,12,0.0434782609
Russian Federation,1996,1997,12,0.0000000000
Bolivia,1996,1997,12,0.0000000000
Myanmar,1996,1997,12,0.0909090909
Arab World,1996,1997,12,0.0909090909
Belarus,1996,1997,12,0.0000000000
Ireland,1996,1997,12,0.0909090909
Burkina Faso,1996,1997,12,0.0434782609
Georgia,1996,1997,12,0.1428571429
Ecuador,1996,1997,12,0.0434782609
Namibia,1996,1997,12,0.0000000000
Armenia,1996,1997,12,0.0000000000
Sweden,1996,1997,12,0.0000000000
Andorra,1996,1997,12,0.0000000000
IDA & IBRD total,1996,1997,12,0.5000000000
Jordan,1996,1997,12,0.0000000000
Libya,1996,1997,12,0.1428571429
Cameroon,1996,1997,12,0.0909090909
Chile,1996,1997,12,0.1428571429
Peru,1996,1997,12,0.0000000000
Mexico,1996,1997,12,0.2000000000
Africa Eastern and Southern,1996,1997,12,0.0909090909
Central African Republic,1996,1997,12,0.0000000000
Latin America & the Caribbean (IDA & IBRD countries),1996,1997,12,0.1428571429
Canada,1996,1997,12,0.0434782609
OECD members,1996,1997,12,0.3333333333
IDA blend,1996,1997,12,0.0000000000
Norway,1996,1997,12,0.0434782609
Benin,1996,1997,12,0.0434782609
Europe & Central Asia (IDA & IBRD countries),1996,1997,12,0.1428571429
Chad,1996,1997,12,0.0434782609
Hungary,1996,1997,12,0.0434782609
Moldova,1996,1997,12,0.1428571429
Tajikistan,1996,1997,12,0.0434782609
Kiribati,1996,1997,12,0.0909090909
Central Europe and the Baltics,1996,1997,12,0.0000000000
"Middle East, North Africa, Afghanistan & Pakistan (IDA & IBRD)",1996,1997,12,0.2000000000
IDA total,1996,1997,12,0.0000000000
Guinea,1996,1997,12,0.0909090909
Iraq,1996,1997,12,0.2000000000
Netherlands,1996,1997,12,0.0000000000
Belize,1996,1997,12,0.0000000000
Algeria,1996,1997,12,0.0434782609
Saudi Arabia,1996,1997,12,0.0909090909
Guinea-Bissau,1996,1997,12,0.0434782609
Lithuania,1996,1997,12,0.0000000000
Cuba,1996,1997,12,0.0000000000
Qatar,1996,1997,12,0.0000000000
United States,1996,1997,12,0.2631578947
Papua New Guinea,1996,1997,12,0.0000000000
Serbia,1996,1997,12,0.0000000000
Heavily indebted poor countries (HIPC),1996,1997,12,0.0434782609
Indonesia,1996,1997,12,0.0000000000
Haiti,1996,1997,12,0.0434782609
Portugal,1996,1997,12,0.0434782609
Thailand,1996,1997,12,0.0434782609
Dominican Republic,1996,1997,12,0.0434782609
Nepal,1996,1997,12,0.0909090909
Cote d'Ivoire,1996,1997,12,0.0000000000
Uzbekistan,1996,1997,12,0.0909090909
"Micronesia, Fed. Sts.",1996,1997,12,0.0909090909
Paraguay,1996,1997,12,0.0909090909
Malawi,1996,1997,12,0.0000000000
Equatorial Guinea,1996,1997,12,0.2631578947
Mongolia,1996,1997,12,0.0909090909
Isle of Man,1996,1997,12,0.0434782609
Albania,1996,1997,12,0.0434782609
Italy,1996,1997,12,0.0434782609
"Egypt, Arab Rep.",1996,1997,12,0.0434782609
Low income,1996,1997,12,0.0434782609
Tunisia,1996,1997,12,0.0000000000
Uganda,1996,1997,12,0.0000000000
Azerbaijan,1996,1997,12,0.0909090909
Luxembourg,1996,1997,12,0.0434782609
"Venezuela, RB",1996,1997,12,0.0434782609
Oman,1996,1997,12,0.0434782609
Tuvalu,1996,1997,12,0.0000000000
Estonia,1996,1997,12,0.0000000000
New Caledonia,1996,1997,12,0.0434782609
Malta,1996,1997,12,0.0434782609
Honduras,1996,1997,12,0.0434782609
Bermuda,1996,1997,12,0.0909090909
India,1996,1997,12,0.0909090909
St. Vincent and the Grenadines,1996,1997,12,0.0000000000
Uruguay,1996,1997,12,0.0909090909
Sudan,1996,1997,12,0.0000000000
East Asia & Pacific (IDA & IBRD countries),1996,1997,12,0.1428571429
Kyrgyz Republic,1997,1998,12,0.0000000000
Mali,1997,1998,12,0.0000000000
IBRD only,1997,1998,12,0.7142857143
Denmark,1997,1998,12,0.0000000000
Tonga,1997,1998,12,0.0434782609
Bosnia and Herzegovina,1997,1998,12,0.2000000000
Europe & Central Asia,1997,1998,12,0.7142857143
Guam,1997,1998,12,0.3333333333
"Macao SAR, China",1997,1998,12,0.1428571429
Madagascar,1997,1998,12,0.0909090909
Ethiopia,1997,1998,12,0.0000000000
Brunei Darussalam,1997,1998,12,0.0434782609
Iceland,1997,1998,12,0.0000000000
Pacific island small states,1997,1998,12,0.0909090909
Burundi,1997,1998,12,0.0000000000
Bahrain,1997,1998,12,0.0909090909
Ghana,1997,1998,12,0.0909090909
Kazakhstan,1997,1998,12,0.0909090909
Gabon,1997,1998,12,0.0434782609
IDA only,1997,1998,12,0.0434782609
Croatia,1997,1998,12,0.0000000000
New Zealand,1997,1998,12,0.0909090909
Samoa,1997,1998,12,0.0909090909
Kenya,1997,1998,12,0.0909090909
Brazil,1997,1998,12,0.0434782609
Euro area,1997,1998,12,0.7142857143
Greece,1997,1998,12,0.0000000000
Lebanon,1997,1998,12,0.0909090909
Romania,1997,1998,12,0.0434782609
Seychelles,1997,1998,12,0.0000000000
Niger,1997,1998,12,0.0909090909
Panama,1997,1998,12,0.1428571429
Zimbabwe,1997,1998,12,0.0434782609
Germany,1997,1998,12,0.0909090909
"Hong Kong SAR, China",1997,1998,12,0.0000000000
Sub-Saharan Africa (IDA & IBRD countries),1997,1998,12,0.2000000000
France,1997,1998,12,0.0909090909
Suriname,1997,1998,12,0.0000000000
Montenegro,1997,1998,12,0.0909090909
Poland,1997,1998,12,0.0434782609
Slovak Republic,1997,1998,12,0.0434782609
Sri Lanka,1997,1998,12,0.0000000000
"Middle East, North Africa, Afghanistan & Pakistan (excluding high income)",1997,1998,12,0.0434782609
"Congo, Dem. Rep.",1997,1998,12,0.0909090909
South Asia,1997,1998,12,0.1428571429
Trinidad and Tobago,1997,1998,12,0.1428571429
Ukraine,1997,1998,12,0.0909090909
El Salvador,1997,1998,12,0.0909090909
Fiji,1997,1998,12,0.1428571429
French Polynesia,1997,1998,12,0.0434782609
Palau,1997,1998,12,0.0000000000
Pakistan,1997,1998,12,0.0434782609
Austria,1997,1998,12,0.0909090909
Maldives,1997,1998,12,0.0000000000
South Africa,1997,1998,12,0.0000000000
Guyana,1997,1998,12,0.0909090909
Turkiye,1997,1998,12,0.0000000000
Aruba,1997,1998,12,0.0000000000
Solomon Islands,1997,1998,12,0.0909090909
Kuwait,1997,1998,12,0.0909090909
Marshall Islands,1997,1998,12,0.0434782609
Morocco,1997,1998,12,0.0434782609
Puerto Rico (US),1997,1998,12,0.0434782609
Philippines,1997,1998,12,0.0000000000
Syrian Arab Republic,1997,1998,12,0.0000000000
Cyprus,1997,1998,12,0.0434782609
Caribbean small states,1997,1998,12,0.0909090909
Mauritius,1997,1998,12,0.0909090909
Jamaica,1997,1998,12,0.2000000000
Lao PDR,1997,1998,12,0.0000000000
Bhutan,1997,1998,12,0.0909090909
Senegal,1997,1998,12,0.0434782609
"Somalia, Fed. Rep.",1997,1998,12,0.0000000000
"Korea, Rep.",1997,1998,12,0.0000000000
St. Lucia,1997,1998,12,0.0000000000
World,1997,1998,12,0.6000000000
Eritrea,1997,1998,12,0.0434782609
Sao Tome and Principe,1997,1998,12,0.0434782609
Monaco,1997,1998,12,0.1428571429
Greenland,1997,1998,12,0.0434782609
Timor-Leste,1997,1998,12,0.0000000000
Belgium,1997,1998,12,0.0434782609
European Union,1997,1998,12,0.7142857143
Cambodia,1997,1998,12,0.0909090909
Togo,1997,1998,12,0.0000000000
Bangladesh,1997,1998,12,0.0000000000
Colombia,1997,1998,12,0.0434782609
"Gambia, The",1997,1998,12,0.0000000000
Faroe Islands,1997,1998,12,0.0434782609
East Asia & Pacific (excluding high income),1997,1998,12,0.0434782609
Viet Nam,1997,1998,12,0.0000000000
China,1997,1998,12,0.0000000000
Pre-demographic dividend,1997,1998,12,0.0434782609
Israel,1997,1998,12,0.0909090909
Slovenia,1997,1998,12,0.0434782609
South Asia (IDA & IBRD),1997,1998,12,0.0909090909
Djibouti,1997,1998,12,0.2000000000
High income,1997,1998,12,0.6000000000
Turkmenistan,1997,1998,12,0.0909090909
East Asia & Pacific,1997,1998,12,0.7142857143
Vanuatu,1997,1998,12,0.0000000000
Comoros,1997,1998,12,0.0000000000
Cabo Verde,1997,1998,12,0.0434782609
Dominica,1997,1998,12,0.0434782609
Mauritania,1997,1998,12,0.0000000000
Late-demographic dividend,1997,1998,12,0.5000000000
Africa Western and Central,1997,1998,12,0.0000000000
Latin America & Caribbean,1997,1998,12,0.3333333333
Lower middle income,1997,1998,12,0.0000000000
Tanzania,1997,1998,12,0.0909090909
Costa Rica,1997,1998,12,0.0434782609
"Congo, Rep.",1997,1998,12,0.0000000000
Fragile and conflict affected situations,1997,1998,12,0.0434782609
Nauru,1997,1998,12,0.2000000000
Australia,1997,1998,12,0.0000000000
Latvia,1997,1998,12,0.0434782609
St. Kitts and Nevis,1997,1998,12,0.1428571429
Czechia,1997,1998,12,0.0000000000
Small states,1997,1998,12,0.0434782609
Antigua and Barbuda,1997,1998,12,0.0000000000
Low & middle income,1997,1998,12,0.7142857143
Nicaragua,1997,1998,12,0.0434782609
Middle income,1997,1998,12,0.7142857143
"Bahamas, The",1997,1998,12,0.0000000000
Sierra Leone,1997,1998,12,0.0909090909
Sub-Saharan Africa,1997,1998,12,0.1428571429
Europe & Central Asia (excluding high income),1997,1998,12,0.0434782609
Upper middle income,1997,1998,12,0.7142857143
Latin America & Caribbean (excluding high income),1997,1998,12,0.3333333333
Other small states,1997,1998,12,0.0000000000
Grenada,1997,1998,12,0.0434782609
Zambia,1997,1998,12,0.0000000000
Rwanda,1997,1998,12,0.0434782609
Finland,1997,1998,12,0.0434782609
Guatemala,1997,1998,12,0.0434782609
Nigeria,1997,1998,12,0.0434782609
Post-demographic dividend,1997,1998,12,0.6000000000
Lesotho,1997,1998,12,0.0909090909
Spain,1997,1998,12,0.0000000000
West Bank and Gaza,1997,1998,12,0.3333333333
Least developed countries: UN classification,1997,1998,12,0.0434782609
Barbados,1997,1998,12,0.0000000000
"Middle East, North Africa, Afghanistan & Pakistan",1997,1998,12,0.0434782609
Sub-Saharan Africa (excluding high income),1997,1998,12,0.0909090909
Early-demographic dividend,1997,1998,12,0.1428571429
Botswana,1997,1998,12,0.0434782609
Bulgaria,1997,1998,12,0.0000000000
"Iran, Islamic Rep.",1997,1998,12,0.0909090909
Mozambique,1997,1998,12,0.0909090909
North America,1997,1998,12,0.6000000000
Angola,1997,1998,12,0.0000000000
Japan,1997,1998,12,0.0909090909
Liberia,1997,1998,12,0.3333333333
"Yemen, Rep.",1997,1998,12,0.0909090909
Liechtenstein,1997,1998,12,0.0000000000
Switzerland,1997,1998,12,0.0434782609
San Marino,1997,1998,12,0.0909090909
United Arab Emirates,1997,1998,12,0.0434782609
United Kingdom,1997,1998,12,0.0000000000
North Macedonia,1997,1998,12,0.0909090909
Malaysia,1997,1998,12,0.0000000000
Argentina,1997,1998,12,0.0000000000
Cayman Islands,1997,1998,12,0.4117647059
Singapore,1997,1998,12,0.0434782609
Eswatini,1997,1998,12,0.0434782609
Russian Federation,1997,1998,12,0.0434782609
Bolivia,1997,1998,12,0.1428571429
Myanmar,1997,1998,12,0.0434782609
Arab World,1997,1998,12,0.0434782609
Belarus,1997,1998,12,0.0434782609
Ireland,1997,1998,12,0.0434782609
Burkina Faso,1997,1998,12,0.0434782609
Georgia,1997,1998,12,0.0434782609
Ecuador,1997,1998,12,0.0909090909
Namibia,1997,1998,12,0.0434782609
Armenia,1997,1998,12,0.0000000000
Sweden,1997,1998,12,0.0000000000
Andorra,1997,1998,12,0.0434782609
IDA & IBRD total,1997,1998,12,0.7142857143
Jordan,1997,1998,12,0.0000000000
Libya,1997,1998,12,0.0000000000
Cameroon,1997,1998,12,0.0000000000
Chile,1997,1998,12,0.0000000000
Peru,1997,1998,12,0.0434782609
Mexico,1997,1998,12,0.0000000000
Africa Eastern and Southern,1997,1998,12,0.0000000000
Central African Republic,1997,1998,12,0.0909090909
Latin America & the Caribbean (IDA & IBRD countries),1997,1998,12,0.2000000000
Canada,1997,1998,12,0.0434782609
OECD members,1997,1998,12,0.5000000000
IDA blend,1997,1998,12,0.0909090909
Norway,1997,1998,12,0.0434782609
Benin,1997,1998,12,0.0000000000
Europe & Central Asia (IDA & IBRD countries),1997,1998,12,0.0434782609
Chad,1997,1998,12,0.0000000000
Hungary,1997,1998,12,0.0000000000
Moldova,1997,1998,12,0.2631578947
Tajikistan,1997,1998,12,0.0000000000
Kiribati,1997,1998,12,0.0000000000
Central Europe and the Baltics,1997,1998,12,0.1428571429
"Middle East, North Africa, Afghanistan & Pakistan (IDA & IBRD)",1997,1998,12,0.0434782609
IDA total,1997,1998,12,0.0434782609
Guinea,1997,1998,12,0.0434782609
Iraq,1997,1998,12,0.2631578947
Netherlands,1997,1998,12,0.0000000000
Belize,1997,1998,12,0.0434782609
Algeria,1997,1998,12,0.0434782609
Saudi Arabia,1997,1998,12,0.0909090909
Guinea-Bissau,1997,1998,12,0.0434782609
Lithuania,1997,1998,12,0.0909090909
Cuba,1997,1998,12,0.0000000000
Qatar,1997,1998,12,0.2631578947
United States,1997,1998,12,0.7142857143
Papua New Guinea,1997,1998,12,0.1428571429
Serbia,1997,1998,12,0.0000000000
Heavily indebted poor countries (HIPC),1997,1998,12,0.0000000000
Indonesia,1997,1998,12,0.0000000000
Haiti,1997,1998,12,0.0000000000
Portugal,1997,1998,12,0.0434782609
Thailand,1997,1998,12,0.0909090909
Dominican Republic,1997,1998,12,0.0909090909
Nepal,1997,1998,12,0.0000000000
Cote d'Ivoire,1997,1998,12,0.0000000000
Uzbekistan,1997,1998,12,0.0434782609
"Micronesia, Fed. Sts.",1997,1998,12,0.0434782609
Paraguay,1997,1998,12,0.0000000000
Malawi,1997,1998,12,0.0909090909
Equatorial Guinea,1997,1998,12,0.2631578947
Mongolia,1997,1998,12,0.0434782609
Isle of Man,1997,1998,12,0.0000000000
Albania,1997,1998,12,0.0000000000
Italy,1997,1998,12,0.0434782609
"Egypt, Arab Rep.",1997,1998,12,0.0434782609
Low income,1997,1998,12,0.0000000000
Tunisia,1997,1998,12,0.0909090909
Uganda,1997,1998,12,0.0434782609
Azerbaijan,1997,1998,12,0.0434782609
Luxembourg,1997,1998,12,0.0434782609
"Venezuela, RB",1997,1998,12,0.0000000000
Oman,1997,1998,12,0.0000000000
Tuvalu,1997,1998,12,0.1428571429
Estonia,1997,1998,12,0.0000000000
New Caledonia,1997,1998,12,0.0000000000
Malta,1997,1998,12,0.0000000000
Honduras,1997,1998,12,0.0000000000
Bermuda,1997,1998,12,0.0000000000
India,1997,1998,12,0.0909090909
St. Vincent and the Grenadines,1997,1998,12,0.0000000000
Uruguay,1997,1998,12,0.0000000000
Sudan,1997,1998,12,0.0434782609
East Asia & Pacific (IDA & IBRD countries),1997,1998,12,0.0434782609
Kyrgyz Republic,1998,1999,12,0.0434782609
Mali,1998,1999,12,0.0434782609
IBRD only,1998,1999,12,0.6000000000
Denmark,1998,1999,12,0.0434782609
Tonga,1998,1999,12,0.1428571429
Bosnia and Herzegovina,1998,1999,12,0.0909090909
Europe & Central Asia,1998,1999,12,0.8461538462
Guam,1998,1999,12,0.0000000000
"Macao SAR, China",1998,1999,12,0.0000000000
Madagascar,1998,1999,12,0.1428571429
Ethiopia,1998,1999,12,0.0000000000
Brunei Darussalam,1998,1999,12,0.0000000000
Iceland,1998,1999,12,0.0434782609
Pacific island small states,1998,1999,12,0.0000000000
Burundi,1998,1999,12,0.0000000000
Bahrain,1998,1999,12,0.0000000000
Ghana,1998,1999,12,0.0000000000
Kazakhstan,1998,1999,12,0.0434782609
Gabon,1998,1999,12,0.0434782609
IDA only,1998,1999,12,0.0434782609
Croatia,1998,1999,12,0.0000000000
New Zealand,1998,1999,12,0.0000000000
Samoa,1998,1999,12,0.1428571429
Kenya,1998,1999,12,0.0434782609
Brazil,1998,1999,12,0.0000000000
Euro area,1998,1999,12,0.6000000000
Greece,1998,1999,12,0.0000000000
Lebanon,1998,1999,12,0.0000000000
Romania,1998,1999,12,0.0434782609
Seychelles,1998,1999,12,0.0909090909
Niger,1998,1999,12,0.0434782609
Panama,1998,1999,12,0.0909090909
Zimbabwe,1998,1999,12,0.0000000000
Germany,1998,1999,12,0.1428571429
"Hong Kong SAR, China",1998,1999,12,0.0000000000
Sub-Saharan Africa (IDA & IBRD countries),1998,1999,12,0.2631578947
France,1998,1999,12,0.0909090909
Suriname,1998,1999,12,0.0000000000
Montenegro,1998,1999,12,0.0000000000
Poland,1998,1999,12,0.2000000000
Slovak Republic,1998,1999,12,0.1428571429
Sri Lanka,1998,1999,12,0.0434782609
"Middle East, North Africa, Afghanistan & Pakistan (excluding high income)",1998,1999,12,0.1428571429
"Congo, Dem. Rep.",1998,1999,12,0.0434782609
South Asia,1998,1999,12,0.2000000000
Trinidad and Tobago,1998,1999,12,0.0000000000
Ukraine,1998,1999,12,0.0909090909
El Salvador,1998,1999,12,0.2000000000
Fiji,1998,1999,12,0.0434782609
French Polynesia,1998,1999,12,0.0909090909
Palau,1998,1999,12,0.0000000000
Pakistan,1998,1999,12,0.0434782609
Austria,1998,1999,12,0.0000000000
Maldives,1998,1999,12,0.0434782609
South Africa,1998,1999,12,0.0000000000
Guyana,1998,1999,12,0.0434782609
Turkiye,1998,1999,12,0.0434782609
Channel Islands,1998,1999,12,0.1428571429
Aruba,1998,1999,12,0.0000000000
Solomon Islands,1998,1999,12,0.0434782609
Kuwait,1998,1999,12,0.0434782609
Marshall Islands,1998,1999,12,0.1428571429
Morocco,1998,1999,12,0.0434782609
Puerto Rico (US),1998,1999,12,0.0909090909
Philippines,1998,1999,12,0.0434782609
Syrian Arab Republic,1998,1999,12,0.0434782609
Cyprus,1998,1999,12,0.1428571429
Caribbean small states,1998,1999,12,0.0434782609
Mauritius,1998,1999,12,0.0909090909
Jamaica,1998,1999,12,0.0434782609
Lao PDR,1998,1999,12,0.0434782609
Bhutan,1998,1999,12,0.0434782609
Senegal,1998,1999,12,0.0000000000
"Somalia, Fed. Rep.",1998,1999,12,0.0909090909
"Korea, Rep.",1998,1999,12,0.0434782609
St. Lucia,1998,1999,12,0.0909090909
World,1998,1999,12,0.4117647059
Eritrea,1998,1999,12,0.0000000000
Sao Tome and Principe,1998,1999,12,0.0434782609
Monaco,1998,1999,12,0.0000000000
Greenland,1998,1999,12,0.0000000000
Timor-Leste,1998,1999,12,0.0434782609
Belgium,1998,1999,12,0.0434782609
European Union,1998,1999,12,0.6000000000
Cambodia,1998,1999,12,0.0000000000
Togo,1998,1999,12,0.0000000000
Bangladesh,1998,1999,12,0.0434782609
Colombia,1998,1999,12,0.0434782609
"Gambia, The",1998,1999,12,0.0434782609
Faroe Islands,1998,1999,12,0.1428571429
East Asia & Pacific (excluding high income),1998,1999,12,0.0434782609
Viet Nam,1998,1999,12,0.0909090909
China,1998,1999,12,0.0909090909
Pre-demographic dividend,1998,1999,12,0.0000000000
Israel,1998,1999,12,0.2000000000
Slovenia,1998,1999,12,0.0000000000
South Asia (IDA & IBRD),1998,1999,12,0.2631578947
Djibouti,1998,1999,12,0.0909090909
High income,1998,1999,12,0.6000000000
Turkmenistan,1998,1999,12,0.0909090909
East Asia & Pacific,1998,1999,12,0.6000000000
Vanuatu,1998,1999,12,0.0000000000
Comoros,1998,1999,12,0.0909090909
Cabo Verde,1998,1999,12,0.0909090909
Dominica,1998,1999,12,0.1428571429
Mauritania,1998,1999,12,0.0000000000
Late-demographic dividend,1998,1999,12,0.0000000000
Africa Western and Central,1998,1999,12,0.0434782609
Latin America & Caribbean,1998,1999,12,0.2631578947
Lower middle income,1998,1999,12,0.0434782609
Tanzania,1998,1999,12,0.1428571429
Costa Rica,1998,1999,12,0.0000000000
"Congo, Rep.",1998,1999,12,0.0909090909
Fragile and conflict affected situations,1998,1999,12,0.0434782609
Nauru,1998,1999,12,0.0000000000
Australia,1998,1999,12,0.0909090909
Latvia,1998,1999,12,0.0000000000
St. Kitts and Nevis,1998,1999,12,0.0909090909
Czechia,1998,1999,12,0.0000000000
Small states,1998,1999,12,0.0909090909
Antigua and Barbuda,1998,1999,12,0.0434782609
Low & middle income,1998,1999,12,0.6000000000
Nicaragua,1998,1999,12,0.0434782609
Middle income,1998,1999,12,0.6000000000
"Bahamas, The",1998,1999,12,0.0000000000
Sierra Leone,1998,1999,12,0.0434782609
Sub-Saharan Africa,1998,1999,12,0.2631578947
Europe & Central Asia (excluding high income),1998,1999,12,0.0000000000
Upper middle income,1998,1999,12,0.6000000000
Latin America & Caribbean (excluding high income),1998,1999,12,0.1428571429
Other small states,1998,1999,12,0.0000000000
Grenada,1998,1999,12,0.0434782609
Zambia,1998,1999,12,0.0000000000
Rwanda,1998,1999,12,0.0000000000
Finland,1998,1999,12,0.0000000000
Guatemala,1998,1999,12,0.0000000000
Nigeria,1998,1999,12,0.0000000000
Post-demographic dividend,1998,1999,12,0.6000000000
Lesotho,1998,1999,12,0.0000000000
Spain,1998,1999,12,0.0434782609
West Bank and Gaza,1998,1999,12,0.1428571429
Least developed countries: UN classification,1998,1999,12,0.0000000000
Barbados,1998,1999,12,0.0909090909
"Middle East, North Africa, Afghanistan & Pakistan",1998,1999,12,0.0000000000
Sub-Saharan Africa (excluding high income),1998,1999,12,0.2631578947
Early-demographic dividend,1998,1999,12,0.2000000000
Botswana,1998,1999,12,0.0434782609
Bulgaria,1998,1999,12,0.0000000000
"Iran, Islamic Rep.",1998,1999,12,0.1428571429
Mozambique,1998,1999,12,0.1428571429
North America,1998,1999,12,0.6000000000
Angola,1998,1999,12,0.0434782609
Japan,1998,1999,12,0.4117647059
Liberia,1998,1999,12,0.1428571429
"Yemen, Rep.",1998,1999,12,0.0434782609
Liechtenstein,1998,1999,12,0.1428571429
Switzerland,1998,1999,12,0.0434782609
San Marino,1998,1999,12,0.0000000000
United Arab Emirates,1998,1999,12,0.0000000000
United Kingdom,1998,1999,12,0.0000000000
North Macedonia,1998,1999,12,0.0434782609
Malaysia,1998,1999,12,0.0000000000
Argentina,1998,1999,12,0.0434782609
Singapore,1998,1999,12,0.0000000000
Eswatini,1998,1999,12,0.0434782609
Russian Federation,1998,1999,12,0.0000000000
Bolivia,1998,1999,12,0.0434782609
Myanmar,1998,1999,12,0.0000000000
Arab World,1998,1999,12,0.0000000000
Belarus,1998,1999,12,0.0434782609
Ireland,1998,1999,12,0.0909090909
Burkina Faso,1998,1999,12,0.0434782609
Georgia,1998,1999,12,0.0434782609
Ecuador,1998,1999,12,0.0434782609
Namibia,1998,1999,12,0.0909090909
Armenia,1998,1999,12,0.0909090909
Sweden,1998,1999,12,0.0434782609
Andorra,1998,1999,12,0.0000000000
IDA & IBRD total,1998,1999,12,0.6000000000
Jordan,1998,1999,12,0.0434782609
Libya,1998,1999,12,0.0000000000
Cameroon,1998,1999,12,0.0000000000
Chile,1998,1999,12,0.0000000000
Peru,1998,1999,12,0.0000000000
Mexico,1998,1999,12,0.0434782609
Africa Eastern and Southern,1998,1999,12,0.0909090909
Central African Republic,1998,1999,12,0.0434782609
Latin America & the Caribbean (IDA & IBRD countries),1998,1999,12,0.2000000000
Canada,1998,1999,12,0.0000000000
OECD members,1998,1999,12,0.6000000000
IDA blend,1998,1999,12,0.0909090909
Norway,1998,1999,12,0.1428571429
Benin,1998,1999,12,0.0000000000
Europe & Central Asia (IDA & IBRD countries),1998,1999,12,0.0000000000
Chad,1998,1999,12,0.0434782609
Hungary,1998,1999,12,0.0434782609
Moldova,1998,1999,12,0.0434782609
Tajikistan,1998,1999,12,0.0909090909
Kiribati,1998,1999,12,0.0000000000
Central Europe and the Baltics,1998,1999,12,0.0000000000
"Middle East, North Africa, Afghanistan & Pakistan (IDA & IBRD)",1998,1999,12,0.1428571429
IDA total,1998,1999,12,0.0434782609
Guinea,1998,1999,12,0.0434782609
Iraq,1998,1999,12,0.2000000000
Netherlands,1998,1999,12,0.0434782609
Belize,1998,1999,12,0.0000000000
Algeria,1998,1999,12,0.0000000000
Saudi Arabia,1998,1999,12,0.0000000000
Guinea-Bissau,1998,1999,12,0.0000000000
Lithuania,1998,1999,12,0.0434782609
Cuba,1998,1999,12,0.0000000000
Qatar,1998,1999,12,0.0000000000
United States,1998,1999,12,0.6000000000
Papua New Guinea,1998,1999,12,0.0000000000
Serbia,1998,1999,12,0.0434782609
Heavily indebted poor countries (HIPC),1998,1999,12,0.0434782609
Indonesia,1998,1999,12,0.0434782609
Haiti,1998,1999,12,0.0000000000
Portugal,1998,1999,12,0.0000000000
Thailand,1998,1999,12,0.0000000000
Dominican Republic,1998,1999,12,0.0000000000
Nepal,1998,1999,12,0.0000000000
Cote d'Ivoire,1998,1999,12,0.0000000000
Uzbekistan,1998,1999,12,0.0434782609
"Micronesia, Fed. Sts.",1998,1999,12,0.0000000000
Paraguay,1998,1999,12,0.0000000000
Malawi,1998,1999,12,0.1428571429
Equatorial Guinea,1998,1999,12,0.2000000000
Mongolia,1998,1999,12,0.0000000000
Isle of Man,1998,1999,12,0.1428571429
Albania,1998,1999,12,0.0434782609
Italy,1998,1999,12,0.2000000000
"Egypt, Arab Rep.",1998,1999,12,0.0000000000
Low income,1998,1999,12,0.0434782609
Tunisia,1998,1999,12,0.0909090909
Uganda,1998,1999,12,0.0000000000
Azerbaijan,1998,1999,12,0.0434782609
Luxembourg,1998,1999,12,0.0434782609
"Venezuela, RB",1998,1999,12,0.0434782609
Oman,1998,1999,12,0.0909090909
Tuvalu,1998,1999,12,0.0000000000
Estonia,1998,1999,12,0.0909090909
New Caledonia,1998,1999,12,0.0434782609
Malta,1998,1999,12,0.0000000000
Honduras,1998,1999,12,0.0000000000
Bermuda,1998,1999,12,0.0434782609
India,1998,1999,12,0.2631578947
St. Vincent and the Grenadines,1998,1999,12,0.0909090909
Uruguay,1998,1999,12,0.0000000000
Sudan,1998,1999,12,0.1428571429
East Asia & Pacific (IDA & IBRD countries),1998,1999,12,0.0434782609
Kyrgyz Republic,1999,2000,12,0.0000000000
Mali,1999,2000,12,0.0000000000
IBRD only,1999,2000,12,0.6000000000
Denmark,1999,2000,12,0.0000000000
Tonga,1999,2000,12,0.0000000000
Bosnia and Herzegovina,1999,2000,12,0.0434782609
Europe & Central Asia,1999,2000,12,0.8461538462
Guam,1999,2000,12,0.0434782609
"Macao SAR, China",1999,2000,12,0.0434782609
Madagascar,1999,2000,12,0.0000000000
Ethiopia,1999,2000,12,0.0909090909
Brunei Darussalam,1999,2000,12,0.0000000000
Iceland,1999,2000,12,0.0000000000
Pacific island small states,1999,2000,12,0.0000000000
Burundi,1999,2000,12,0.0000000000
Bahrain,1999,2000,12,0.0000000000
Ghana,1999,2000,12,0.0434782609
Kazakhstan,1999,2000,12,0.0434782609
Gabon,1999,2000,12,0.0909090909
IDA only,1999,2000,12,0.0909090909
Croatia,1999,2000,12,0.0434782609
New Zealand,1999,2000,12,0.0000000000
Samoa,1999,2000,12,0.0000000000
Kenya,1999,2000,12,0.0434782609
Brazil,1999,2000,12,0.0434782609
Euro area,1999,2000,12,0.8461538462
Greece,1999,2000,12,0.0434782609
Lebanon,1999,2000,12,0.0000000000
Romania,1999,2000,12,0.0434782609
Seychelles,1999,2000,12,0.0000000000
Niger,1999,2000,12,0.0434782609
Panama,1999,2000,12,0.0434782609
Zimbabwe,1999,2000,12,0.0000000000
Germany,1999,2000,12,0.0909090909
"Hong Kong SAR, China",1999,2000,12,0.0434782609
Sub-Saharan Africa (IDA & IBRD countries),1999,2000,12,0.2000000000
France,1999,2000,12,0.0909090909
Suriname,1999,2000,12,0.0434782609
Montenegro,1999,2000,12,0.1428571429
Poland,1999,2000,12,0.0000000000
Slovak Republic,1999,2000,12,0.0434782609
Sri Lanka,1999,2000,12,0.0909090909
"Middle East, North Africa, Afghanistan & Pakistan (excluding high income)",1999,2000,12,0.1428571429
"Congo, Dem. Rep.",1999,2000,12,0.0909090909
South Asia,1999,2000,12,0.0909090909
Trinidad and Tobago,1999,2000,12,0.0000000000
Ukraine,1999,2000,12,0.0434782609
El Salvador,1999,2000,12,0.0434782609
Fiji,1999,2000,12,0.0000000000
French Polynesia,1999,2000,12,0.0000000000
Palau,1999,2000,12,0.0000000000
Pakistan,1999,2000,12,0.0000000000
Austria,1999,2000,12,0.0000000000
Maldives,1999,2000,12,0.0434782609
South Africa,1999,2000,12,0.0000000000
Guyana,1999,2000,12,0.0000000000
Turkiye,1999,2000,12,0.0000000000
Channel Islands,1999,2000,12,0.0434782609
Aruba,1999,2000,12,0.1428571429
Solomon Islands,1999,2000,12,0.0909090909
Kuwait,1999,2000,12,0.0000000000
Marshall Islands,1999,2000,12,0.0909090909
Morocco,1999,2000,12,0.0000000000
Puerto Rico (US),1999,2000,12,0.0909090909
Philippines,1999,2000,12,0.0000000000
Syrian Arab Republic,1999,2000,12,0.0000000000
Cyprus,1999,2000,12,0.0000000000
Caribbean small states,1999,2000,12,0.0434782609
Mauritius,1999,2000,12,0.0909090909
Jamaica,1999,2000,12,0.0909090909
Lao PDR,1999,2000,12,0.0000000000
Bhutan,1999,2000,12,0.0434782609
Senegal,1999,2000,12,0.0434782609
"Somalia, Fed. Rep.",1999,2000,12,0.0434782609
"Korea, Rep.",1999,2000,12,0.0000000000
St. Lucia,1999,2000,12,0.0000000000
World,1999,2000,12,0.6000000000
Eritrea,1999,2000,12,0.0434782609
Sao Tome and Principe,1999,2000,12,0.0434782609
Monaco,1999,2000,12,0.0909090909
Greenland,1999,2000,12,0.0000000000
Timor-Leste,1999,2000,12,0.0434782609
Belgium,1999,2000,12,0.0000000000
European Union,1999,2000,12,0.8461538462
Cambodia,1999,2000,12,0.0000000000
Togo,1999,2000,12,0.0909090909
Bangladesh,1999,2000,12,0.0000000000
Colombia,1999,2000,12,0.0434782609
"Gambia, The",1999,2000,12,0.0000000000
Faroe Islands,1999,2000,12,0.0909090909
East Asia & Pacific (excluding high income),1999,2000,12,0.0909090909
Viet Nam,1999,2000,12,0.0434782609
China,1999,2000,12,0.0909090909
Pre-demographic dividend,1999,2000,12,0.0434782609
Israel,1999,2000,12,0.0909090909
Slovenia,1999,2000,12,0.0909090909
South Asia (IDA & IBRD),1999,2000,12,0.0909090909
Djibouti,1999,2000,12,0.0434782609
High income,1999,2000,12,0.6000000000
Turkmenistan,1999,2000,12,0.0434782609
East Asia & Pacific,1999,2000,12,0.6000000000
Vanuatu,1999,2000,12,0.0000000000
Comoros,1999,2000,12,0.0000000000
Cabo Verde,1999,2000,12,0.0434782609
Dominica,1999,2000,12,0.0000000000
Mauritania,1999,2000,12,0.0434782609
Late-demographic dividend,1999,2000,12,0.0000000000
Africa Western and Central,1999,2000,12,0.0434782609
Latin America & Caribbean,1999,2000,12,0.0909090909
Lower middle income,1999,2000,12,0.0000000000
Tanzania,1999,2000,12,0.0000000000
Costa Rica,1999,2000,12,0.0909090909
"Congo, Rep.",1999,2000,12,0.0000000000
Fragile and conflict affected situations,1999,2000,12,0.0434782609
Nauru,1999,2000,12,0.0909090909
Australia,1999,2000,12,0.0434782609
Latvia,1999,2000,12,0.0000000000
St. Kitts and Nevis,1999,2000,12,0.0000000000
Czechia,1999,2000,12,0.0434782609
Small states,1999,2000,12,0.0000000000
Antigua and Barbuda,1999,2000,12,0.0000000000
Low & middle income,1999,2000,12,0.6000000000
Nicaragua,1999,2000,12,0.0000000000
Middle income,1999,2000,12,0.5000000000
"Bahamas, The",1999,2000,12,0.0000000000
Sierra Leone,1999,2000,12,0.0000000000
Sub-Saharan Africa,1999,2000,12,0.2631578947
Europe & Central Asia (excluding high income),1999,2000,12,0.1428571429
Upper middle income,1999,2000,12,0.6000000000
Latin America & Caribbean (excluding high income),1999,2000,12,0.2000000000
Other small states,1999,2000,12,0.0434782609
Grenada,1999,2000,12,0.0434782609
Zambia,1999,2000,12,0.0434782609
Rwanda,1999,2000,12,0.0000000000
Finland,1999,2000,12,0.0909090909
Guatemala,1999,2000,12,0.0434782609
Nigeria,1999,2000,12,0.0434782609
Post-demographic dividend,1999,2000,12,0.6000000000
Lesotho,1999,2000,12,0.0434782609
Spain,1999,2000,12,0.0434782609
West Bank and Gaza,1999,2000,12,0.0434782609
Least developed countries: UN classification,1999,2000,12,0.0909090909
Barbados,1999,2000,12,0.0909090909
"Middle East, North Africa, Afghanistan & Pakistan",1999,2000,12,0.0909090909
Sub-Saharan Africa (excluding high income),1999,2000,12,0.2631578947
Early-demographic dividend,1999,2000,12,0.0909090909
Botswana,1999,2000,12,0.0434782609
Bulgaria,1999,2000,12,0.0000000000
"Iran, Islamic Rep.",1999,2000,12,0.0000000000
Mozambique,1999,2000,12,0.0434782609
North America,1999,2000,12,0.6000000000
Angola,1999,2000,12,0.0434782609
Japan,1999,2000,12,0.2000000000
Liberia,1999,2000,12,0.0909090909
"Yemen, Rep.",1999,2000,12,0.0000000000
Liechtenstein,1999,2000,12,0.0000000000
Switzerland,1999,2000,12,0.0000000000
San Marino,1999,2000,12,0.0000000000
United Arab Emirates,1999,2000,12,0.0909090909
United Kingdom,1999,2000,12,0.0434782609
North Macedonia,1999,2000,12,0.0434782609
Malaysia,1999,2000,12,0.0434782609
Argentina,1999,2000,12,0.0434782609
Singapore,1999,2000,12,0.0909090909
Eswatini,1999,2000,12,0.0434782609
Russian Federation,1999,2000,12,0.0434782609
Bolivia,1999,2000,12,0.0000000000
Myanmar,1999,2000,12,0.0434782609
Arab World,1999,2000,12,0.0909090909
Belarus,1999,2000,12,0.0434782609
Ireland,1999,2000,12,0.0434782609
Burkina Faso,1999,2000,12,0.0434782609
Georgia,1999,2000,12,0.0909090909
Ecuador,1999,2000,12,0.0000000000
Namibia,1999,2000,12,0.0000000000
Armenia,1999,2000,12,0.0000000000
Sweden,1999,2000,12,0.0909090909
Andorra,1999,2000,12,0.0000000000
IDA & IBRD total,1999,2000,12,0.6000000000
Jordan,1999,2000,12,0.0000000000
Libya,1999,2000,12,0.0000000000
Cameroon,1999,2000,12,0.1428571429
Chile,1999,2000,12,0.0000000000
Peru,1999,2000,12,0.0434782609
Mexico,1999,2000,12,0.0909090909
Africa Eastern and Southern,1999,2000,12,0.0434782609
Central African Republic,1999,2000,12,0.0000000000
Latin America & the Caribbean (IDA & IBRD countries),1999,2000,12,0.1428571429
Canada,1999,2000,12,0.0434782609
OECD members,1999,2000,12,0.6000000000
IDA blend,1999,2000,12,0.0434782609
Norway,1999,2000,12,0.2000000000
Benin,1999,2000,12,0.0434782609
Europe & Central Asia (IDA & IBRD countries),1999,2000,12,0.0000000000
Chad,1999,2000,12,0.0434782609
Hungary,1999,2000,12,0.0909090909
Moldova,1999,2000,12,0.0434782609
Tajikistan,1999,2000,12,0.0000000000
Kiribati,1999,2000,12,0.0434782609
Central Europe and the Baltics,1999,2000,12,0.0000000000
"Middle East, North Africa, Afghanistan & Pakistan (IDA & IBRD)",1999,2000,12,0.1428571429
IDA total,1999,2000,12,0.0434782609
Guinea,1999,2000,12,0.0434782609
Iraq,1999,2000,12,0.0434782609
Netherlands,1999,2000,12,0.0909090909
Belize,1999,2000,12,0.0434782609
Algeria,1999,2000,12,0.0909090909
Saudi Arabia,1999,2000,12,0.0000000000
Guinea-Bissau,1999,2000,12,0.0000000000
Lithuania,1999,2000,12,0.0000000000
Cuba,1999,2000,12,0.0434782609
Qatar,1999,2000,12,0.0909090909
United States,1999,2000,12,0.4117647059
Papua New Guinea,1999,2000,12,0.0000000000
Serbia,1999,2000,12,0.0434782609
Heavily indebted poor countries (HIPC),1999,2000,12,0.0000000000
Indonesia,1999,2000,12,0.0434782609
Haiti,1999,2000,12,0.0000000000
Portugal,1999,2000,12,0.0434782609
Thailand,1999,2000,12,0.0000000000
Dominican Republic,1999,2000,12,0.0434782609
Nepal,1999,2000,12,0.1428571429
Cote d'Ivoire,1999,2000,12,0.0000000000
Uzbekistan,1999,2000,12,0.0434782609
"Micronesia, Fed. Sts.",1999,2000,12,0.0434782609
Paraguay,1999,2000,12,0.0909090909
Malawi,1999,2000,12,0.0000000000
Equatorial Guinea,1999,2000,12,0.0909090909
Mongolia,1999,2000,12,0.1428571429
Isle of Man,1999,2000,12,0.0000000000
Albania,1999,2000,12,0.0434782609
Italy,1999,2000,12,0.2631578947
"Egypt, Arab Rep.",1999,2000,12,0.0434782609
Low income,1999,2000,12,0.0434782609
Tunisia,1999,2000,12,0.0000000000
Uganda,1999,2000,12,0.0434782609
Azerbaijan,1999,2000,12,0.0909090909
Luxembourg,1999,2000,12,0.0434782609
"Venezuela, RB",1999,2000,12,0.0434782609
Oman,1999,2000,12,0.0000000000
Tuvalu,1999,2000,12,0.0000000000
Estonia,1999,2000,12,0.0434782609
New Caledonia,1999,2000,12,0.0434782609
Malta,1999,2000,12,0.0000000000
Honduras,1999,2000,12,0.0000000000
Bermuda,1999,2000,12,0.0434782609
India,1999,2000,12,0.0909090909
St. Vincent and the Grenadines,1999,2000,12,0.0434782609
Uruguay,1999,2000,12,0.0909090909
Sudan,1999,2000,12,0.0909090909
East Asia & Pacific (IDA & IBRD countries),1999,2000,12,0.0909090909
Kyrgyz Republic,2000,2001,12,0.0434782609
Mali,2000,2001,12,0.0909090909
IBRD only,2000,2001,12,0.6000000000
Denmark,2000,2001,12,0.0434782609
Tonga,2000,2001,12,0.0000000000
Bosnia and Herzegovina,2000,2001,12,0.0434782609
Europe & Central Asia,2000,2001,12,0.7142857143
Guam,2000,2001,12,0.0000000000
"Macao SAR, China",2000,2001,12,0.0434782609
Madagascar,2000,2001,12,0.0909090909
Ethiopia,2000,2001,12,0.0000000000
Brunei Darussalam,2000,2001,12,0.0434782609
Iceland,2000,2001,12,0.0000000000
Pacific island small states,2000,2001,12,0.0000000000
Burundi,2000,2001,12,0.1428571429
Bahrain,2000,2001,12,0.0434782609
Ghana,2000,2001,12,0.0000000000
Kazakhstan,2000,2001,12,0.0000000000
Gabon,2000,2001,12,0.0434782609
IDA only,2000,2001,12,0.0434782609
Croatia,2000,2001,12,0.0000000000
New Zealand,2000,2001,12,0.0434782609
Samoa,2000,2001,12,0.0434782609
Kenya,2000,2001,12,0.0909090909
Brazil,2000,2001,12,0.0434782609
Euro area,2000,2001,12,0.7142857143
Greece,2000,2001,12,0.0000000000
Lebanon,2000,2001,12,0.0434782609
Romania,2000,2001,12,0.0000000000
Seychelles,2000,2001,12,0.0434782609
Niger,2000,2001,12,0.0909090909
Panama,2000,2001,12,0.0434782609
Zimbabwe,2000,2001,12,0.0000000000
Germany,2000,2001,12,0.1428571429
"Hong Kong SAR, China",2000,2001,12,0.0909090909
Sub-Saharan Africa (IDA & IBRD countries),2000,2001,12,0.0909090909
France,2000,2001,12,0.0434782609
Suriname,2000,2001,12,0.0000000000
Montenegro,2000,2001,12,0.0434782609
Poland,2000,2001,12,0.0000000000
Slovak Republic,2000,2001,12,0.0000000000
Sri Lanka,2000,2001,12,0.0434782609
"Middle East, North Africa, Afghanistan & Pakistan (excluding high income)",2000,2001,12,0.0909090909
"Congo, Dem. Rep.",2000,2001,12,0.1428571429
South Asia,2000,2001,12,0.1428571429
Trinidad and Tobago,2000,2001,12,0.0434782609
Ukraine,2000,2001,12,0.0000000000
El Salvador,2000,2001,12,0.0000000000
Fiji,2000,2001,12,0.0909090909
French Polynesia,2000,2001,12,0.0000000000
Palau,2000,2001,12,0.0434782609
Pakistan,2000,2001,12,0.0000000000
Austria,2000,2001,12,0.0434782609
Maldives,2000,2001,12,0.0000000000
South Africa,2000,2001,12,0.0434782609
Guyana,2000,2001,12,0.0434782609
Turkiye,2000,2001,12,0.0000000000
Channel Islands,2000,2001,12,0.0000000000
Aruba,2000,2001,12,0.0000000000
Solomon Islands,2000,2001,12,0.0434782609
Kuwait,2000,2001,12,0.0434782609
Marshall Islands,2000,2001,12,0.0909090909
Morocco,2000,2001,12,0.0000000000
Puerto Rico (US),2000,2001,12,0.0000000000
Philippines,2000,2001,12,0.0000000000
Syrian Arab Republic,2000,2001,12,0.0000000000
Cyprus,2000,2001,12,0.0000000000
Caribbean small states,2000,2001,12,0.0000000000
Mauritius,2000,2001,12,0.0434782609
Jamaica,2000,2001,12,0.0434782609
Lao PDR,2000,2001,12,0.0434782609
Bhutan,2000,2001,12,0.0000000000
Senegal,2000,2001,12,0.1428571429
"Somalia, Fed. Rep.",2000,2001,12,0.2000000000
"Korea, Rep.",2000,2001,12,0.0000000000
St. Lucia,2000,2001,12,0.0434782609
World,2000,2001,12,0.8461538462
Eritrea,2000,2001,12,0.0000000000
Sao Tome and Principe,2000,2001,12,0.0000000000
Monaco,2000,2001,12,0.0000000000
Greenland,2000,2001,12,0.0000000000
Timor-Leste,2000,2001,12,0.0000000000
Belgium,2000,2001,12,0.0434782609
European Union,2000,2001,12,0.8461538462
Cambodia,2000,2001,12,0.0434782609
Togo,2000,2001,12,0.0000000000
Bangladesh,2000,2001,12,0.0000000000
Afghanistan,2000,2001,12,0.0434782609
Colombia,2000,2001,12,0.0000000000
"Gambia, The",2000,2001,12,0.0434782609
Faroe Islands,2000,2001,12,0.1428571429
East Asia & Pacific (excluding high income),2000,2001,12,0.0909090909
Viet Nam,2000,2001,12,0.0000000000
China,2000,2001,12,0.0909090909
Pre-demographic dividend,2000,2001,12,0.0434782609
Israel,2000,2001,12,0.0434782609
Slovenia,2000,2001,12,0.0000000000
South Asia (IDA & IBRD),2000,2001,12,0.1428571429
Djibouti,2000,2001,12,0.0434782609
High income,2000,2001,12,0.8461538462
Turkmenistan,2000,2001,12,0.0434782609
East Asia & Pacific,2000,2001,12,0.6000000000
Vanuatu,2000,2001,12,0.0000000000
Comoros,2000,2001,12,0.0000000000
Cabo Verde,2000,2001,12,0.0434782609
Dominica,2000,2001,12,0.0434782609
Mauritania,2000,2001,12,0.0434782609
Late-demographic dividend,2000,2001,12,0.4117647059
Africa Western and Central,2000,2001,12,0.0000000000
Latin America & Caribbean,2000,2001,12,0.2000000000
Lower middle income,2000,2001,12,0.0000000000
Tanzania,2000,2001,12,0.0434782609
Costa Rica,2000,2001,12,0.0909090909
"Congo, Rep.",2000,2001,12,0.0000000000
Fragile and conflict affected situations,2000,2001,12,0.0000000000
Nauru,2000,2001,12,0.0434782609
Australia,2000,2001,12,0.0000000000
Latvia,2000,2001,12,0.0000000000
St. Kitts and Nevis,2000,2001,12,0.0434782609
Czechia,2000,2001,12,0.0000000000
Small states,2000,2001,12,0.0434782609
Antigua and Barbuda,2000,2001,12,0.0000000000
Low & middle income,2000,2001,12,0.6000000000
Nicaragua,2000,2001,12,0.0000000000
Middle income,2000,2001,12,0.5000000000
"Bahamas, The",2000,2001,12,0.0000000000
Sierra Leone,2000,2001,12,0.0434782609
Sub-Saharan Africa,2000,2001,12,0.0909090909
Europe & Central Asia (excluding high income),2000,2001,12,0.0909090909
Upper middle income,2000,2001,12,0.5000000000
Latin America & Caribbean (excluding high income),2000,2001,12,0.2000000000
Other small states,2000,2001,12,0.0434782609
Grenada,2000,2001,12,0.0000000000
Zambia,2000,2001,12,0.0909090909
Rwanda,2000,2001,12,0.0434782609
Finland,2000,2001,12,0.0000000000
Guatemala,2000,2001,12,0.0434782609
Nigeria,2000,2001,12,0.0000000000
Post-demographic dividend,2000,2001,12,0.7142857143
Lesotho,2000,2001,12,0.0909090909
Spain,2000,2001,12,0.0434782609
West Bank and Gaza,2000,2001,12,0.0000000000
Least developed countries: UN classification,2000,2001,12,0.0000000000
Barbados,2000,2001,12,0.0000000000
"Middle East, North Africa, Afghanistan & Pakistan",2000,2001,12,0.0909090909
Sub-Saharan Africa (excluding high income),2000,2001,12,0.0909090909
Early-demographic dividend,2000,2001,12,0.1428571429
Botswana,2000,2001,12,0.0434782609
Bulgaria,2000,2001,12,0.0000000000
"Iran, Islamic Rep.",2000,2001,12,0.0434782609
Mozambique,2000,2001,12,0.0434782609
North America,2000,2001,12,0.6000000000
Angola,2000,2001,12,0.0909090909
Japan,2000,2001,12,0.2631578947
Liberia,2000,2001,12,0.0000000000
"Yemen, Rep.",2000,2001,12,0.0000000000
Liechtenstein,2000,2001,12,0.0000000000
Switzerland,2000,2001,12,0.0000000000
San Marino,2000,2001,12,0.0000000000
United Arab Emirates,2000,2001,12,0.0000000000
United Kingdom,2000,2001,12,0.0000000000
North Macedonia,2000,2001,12,0.0000000000
Malaysia,2000,2001,12,0.0000000000
Argentina,2000,2001,12,0.0000000000
Singapore,2000,2001,12,0.0434782609
Eswatini,2000,2001,12,0.0909090909
Russian Federation,2000,2001,12,0.0434782609
Bolivia,2000,2001,12,0.0434782609
Myanmar,2000,2001,12,0.0909090909
Arab World,2000,2001,12,0.0000000000
Belarus,2000,2001,12,0.0000000000
Ireland,2000,2001,12,0.1428571429
Burkina Faso,2000,2001,12,0.0000000000
Georgia,2000,2001,12,0.0000000000
Ecuador,2000,2001,12,0.0000000000
Namibia,2000,2001,12,0.0434782609
Kosovo,2000,2001,12,0.0000000000
Armenia,2000,2001,12,0.0000000000
Sweden,2000,2001,12,0.0000000000
Andorra,2000,2001,12,0.0000000000
IDA & IBRD total,2000,2001,12,0.6000000000
Jordan,2000,2001,12,0.0909090909
Libya,2000,2001,12,0.0000000000
Cameroon,2000,2001,12,0.0909090909
Curacao,2000,2001,12,0.0000000000
Chile,2000,2001,12,0.0434782609
Peru,2000,2001,12,0.0434782609
Mexico,2000,2001,12,0.0434782609
Africa Eastern and Southern,2000,2001,12,0.0000000000
Central African Republic,2000,2001,12,0.0000000000
Latin America & the Caribbean (IDA & IBRD countries),2000,2001,12,0.2000000000
Canada,2000,2001,12,0.0909090909
OECD members,2000,2001,12,0.7142857143
IDA blend,2000,2001,12,0.0434782609
Norway,2000,2001,12,0.0434782609
Benin,2000,2001,12,0.0000000000
Europe & Central Asia (IDA & IBRD countries),2000,2001,12,0.0000000000
Chad,2000,2001,12,0.0000000000
Hungary,2000,2001,12,0.0000000000
Moldova,2000,2001,12,0.0434782609
Tajikistan,2000,2001,12,0.0434782609
Kiribati,2000,2001,12,0.1428571429
Central Europe and the Baltics,2000,2001,12,0.0434782609
"Middle East, North Africa, Afghanistan & Pakistan (IDA & IBRD)",2000,2001,12,0.0434782609
IDA total,2000,2001,12,0.0909090909
Guinea,2000,2001,12,0.0000000000
Iraq,2000,2001,12,0.0434782609
Netherlands,2000,2001,12,0.0434782609
Belize,2000,2001,12,0.0000000000
Algeria,2000,2001,12,0.0000000000
Saudi Arabia,2000,2001,12,0.0434782609
Guinea-Bissau,2000,2001,12,0.0000000000
Lithuania,2000,2001,12,0.0434782609
Cuba,2000,2001,12,0.0434782609
Qatar,2000,2001,12,0.0434782609
United States,2000,2001,12,0.5000000000
Papua New Guinea,2000,2001,12,0.0000000000
Serbia,2000,2001,12,0.0000000000
Heavily indebted poor countries (HIPC),2000,2001,12,0.0000000000
Indonesia,2000,2001,12,0.0000000000
Haiti,2000,2001,12,0.0000000000
Portugal,2000,2001,12,0.0909090909
Thailand,2000,2001,12,0.0909090909
Dominican Republic,2000,2001,12,0.0000000000
Nepal,2000,2001,12,0.0000000000
Cote d'Ivoire,2000,2001,12,0.0909090909
Uzbekistan,2000,2001,12,0.0434782609
"Micronesia, Fed. Sts.",2000,2001,12,0.0434782609
Paraguay,2000,2001,12,0.0000000000
Malawi,2000,2001,12,0.1428571429
Equatorial Guinea,2000,2001,12,0.0909090909
Mongolia,2000,2001,12,0.0000000000
Isle of Man,2000,2001,12,0.0434782609
Albania,2000,2001,12,0.0909090909
Italy,2000,2001,12,0.0000000000
"Egypt, Arab Rep.",2000,2001,12,0.0000000000
Low income,2000,2001,12,0.0000000000
Tunisia,2000,2001,12,0.0000000000
Uganda,2000,2001,12,0.0000000000
Azerbaijan,2000,2001,12,0.0434782609
Luxembourg,2000,2001,12,0.0000000000
"Venezuela, RB",2000,2001,12,0.0000000000
Oman,2000,2001,12,0.0434782609
Tuvalu,2000,2001,12,0.0000000000
Estonia,2000,2001,12,0.0000000000
New Caledonia,2000,2001,12,0.0909090909
Malta,2000,2001,12,0.0000000000
Honduras,2000,2001,12,0.0000000000
Bermuda,2000,2001,12,0.0909090909
India,2000,2001,12,0.1428571429
St. Vincent and the Grenadines,2000,2001,12,0.0000000000
Uruguay,2000,2001,12,0.0000000000
Sudan,2000,2001,12,0.0909090909
East Asia & Pacific (IDA & IBRD countries),2000,2001,12,0.0909090909
Kyrgyz Republic,2001,2002,12,0.0434782609
Mali,2001,2002,12,0.0434782609
IBRD only,2001,2002,12,0.8461538462
Denmark,2001,2002,12,0.0000000000
Tonga,2001,2002,12,0.0000000000
Bosnia and Herzegovina,2001,2002,12,0.0000000000
Europe & Central Asia,2001,2002,12,0.7142857143
Guam,2001,2002,12,0.0000000000
"Macao SAR, China",2001,2002,12,0.0000000000
Madagascar,2001,2002,12,0.0000000000
Ethiopia,2001,2002,12,0.0000000000
Brunei Darussalam,2001,2002,12,0.0000000000
Iceland,2001,2002,12,0.0434782609
Pacific island small states,2001,2002,12,0.0434782609
Burundi,2001,2002,12,0.0000000000
Bahrain,2001,2002,12,0.0909090909
Ghana,2001,2002,12,0.1428571429
Kazakhstan,2001,2002,12,0.2000000000
Gabon,2001,2002,12,0.0434782609
IDA only,2001,2002,12,0.1428571429
Croatia,2001,2002,12,0.0434782609
New Zealand,2001,2002,12,0.0000000000
Samoa,2001,2002,12,0.0434782609
Kenya,2001,2002,12,0.0000000000
Brazil,2001,2002,12,0.0000000000
Euro area,2001,2002,12,0.7142857143
Greece,2001,2002,12,0.0000000000
Lebanon,2001,2002,12,0.0434782609
Romania,2001,2002,12,0.0434782609
Seychelles,2001,2002,12,0.0000000000
Niger,2001,2002,12,0.0434782609
Panama,2001,2002,12,0.0000000000
Zimbabwe,2001,2002,12,0.0434782609
Germany,2001,2002,12,0.0000000000
"Hong Kong SAR, China",2001,2002,12,0.1428571429
Sub-Saharan Africa (IDA & IBRD countries),2001,2002,12,0.0909090909
France,2001,2002,12,0.0434782609
Suriname,2001,2002,12,0.0434782609
Montenegro,2001,2002,12,0.0000000000
Poland,2001,2002,12,0.0000000000
Slovak Republic,2001,2002,12,0.0434782609
Sri Lanka,2001,2002,12,0.0000000000
"Middle East, North Africa, Afghanistan & Pakistan (excluding high income)",2001,2002,12,0.0909090909
"Congo, Dem. Rep.",2001,2002,12,0.0000000000
South Asia,2001,2002,12,0.1428571429
Trinidad and Tobago,2001,2002,12,0.0000000000
Ukraine,2001,2002,12,0.0000000000
El Salvador,2001,2002,12,0.0909090909
Fiji,2001,2002,12,0.0434782609
French Polynesia,2001,2002,12,0.0909090909
Palau,2001,2002,12,0.0909090909
Pakistan,2001,2002,12,0.0434782609
Austria,2001,2002,12,0.1428571429
Maldives,2001,2002,12,0.0000000000
South Africa,2001,2002,12,0.0000000000
Guyana,2001,2002,12,0.0909090909
Turkiye,2001,2002,12,0.0000000000
Channel Islands,2001,2002,12,0.0434782609
Aruba,2001,2002,12,0.0000000000
Solomon Islands,2001,2002,12,0.0434782609
Kuwait,2001,2002,12,0.0434782609
Marshall Islands,2001,2002,12,0.0000000000
Morocco,2001,2002,12,0.0000000000
Puerto Rico (US),2001,2002,12,0.0000000000
Philippines,2001,2002,12,0.0434782609
Syrian Arab Republic,2001,2002,12,0.0434782609
Cyprus,2001,2002,12,0.0000000000
Caribbean small states,2001,2002,12,0.0000000000
Mauritius,2001,2002,12,0.0000000000
Jamaica,2001,2002,12,0.0000000000
Lao PDR,2001,2002,12,0.0000000000
Bhutan,2001,2002,12,0.0000000000
Senegal,2001,2002,12,0.0000000000
"Somalia, Fed. Rep.",2001,2002,12,0.0909090909
"Korea, Rep.",2001,2002,12,0.0000000000
St. Lucia,2001,2002,12,0.1428571429
World,2001,2002,12,0.7142857143
Eritrea,2001,2002,12,0.0000000000
Sao Tome and Principe,2001,2002,12,0.0434782609
Monaco,2001,2002,12,0.0909090909
Turks and Caicos Islands,2001,2002,12,0.0909090909
Greenland,2001,2002,12,0.0000000000
Timor-Leste,2001,2002,12,0.1428571429
Belgium,2001,2002,12,0.0909090909
European Union,2001,2002,12,0.7142857143
Cambodia,2001,2002,12,0.0434782609
Togo,2001,2002,12,0.0000000000
Bangladesh,2001,2002,12,0.0434782609
Afghanistan,2001,2002,12,0.1428571429
Colombia,2001,2002,12,0.0000000000
"Gambia, The",2001,2002,12,0.0000000000
Faroe Islands,2001,2002,12,0.1428571429
East Asia & Pacific (excluding high income),2001,2002,12,0.1428571429
Viet Nam,2001,2002,12,0.0000000000
China,2001,2002,12,0.1428571429
Pre-demographic dividend,2001,2002,12,0.0434782609
Israel,2001,2002,12,0.0434782609
Slovenia,2001,2002,12,0.0000000000
South Asia (IDA & IBRD),2001,2002,12,0.1428571429
Djibouti,2001,2002,12,0.0000000000
High income,2001,2002,12,0.7142857143
Turkmenistan,2001,2002,12,0.0434782609
East Asia & Pacific,2001,2002,12,0.5000000000
Vanuatu,2001,2002,12,0.2000000000
Comoros,2001,2002,12,0.0434782609
Cabo Verde,2001,2002,12,0.0000000000
Dominica,2001,2002,12,0.0000000000
Mauritania,2001,2002,12,0.0000000000
Late-demographic dividend,2001,2002,12,0.5000000000
Africa Western and Central,2001,2002,12,0.0000000000
Latin America & Caribbean,2001,2002,12,0.2000000000
Lower middle income,2001,2002,12,0.0000000000
Tanzania,2001,2002,12,0.0434782609
Costa Rica,2001,2002,12,0.0434782609
"Congo, Rep.",2001,2002,12,0.0909090909
Fragile and conflict affected situations,2001,2002,12,0.1428571429
Nauru,2001,2002,12,0.0434782609
Australia,2001,2002,12,0.0000000000
Latvia,2001,2002,12,0.0434782609
St. Kitts and Nevis,2001,2002,12,0.0000000000
Czechia,2001,2002,12,0.0434782609
Small states,2001,2002,12,0.2000000000
Antigua and Barbuda,2001,2002,12,0.0000000000
Low & middle income,2001,2002,12,1.0000000000
Nicaragua,2001,2002,12,0.0434782609
Middle income,2001,2002,12,1.0000000000
"Bahamas, The",2001,2002,12,0.0000000000
Sierra Leone,2001,2002,12,0.1428571429
Sub-Saharan Africa,2001,2002,12,0.0909090909
Europe & Central Asia (excluding high income),2001,2002,12,0.0000000000
Upper middle income,2001,2002,12,0.8461538462
Latin America & Caribbean (excluding high income),2001,2002,12,0.2000000000
Other small states,2001,2002,12,0.1428571429
Grenada,2001,2002,12,0.0000000000
Zambia,2001,2002,12,0.0000000000
Rwanda,2001,2002,12,0.0909090909
Finland,2001,2002,12,0.0434782609
Guatemala,2001,2002,12,0.0434782609
Nigeria,2001,2002,12,0.0000000000
Post-demographic dividend,2001,2002,12,0.6000000000
Lesotho,2001,2002,12,0.0434782609
Spain,2001,2002,12,0.0434782609
West Bank and Gaza,2001,2002,12,0.1428571429
Least developed countries: UN classification,2001,2002,12,0.0000000000
Barbados,2001,2002,12,0.2000000000
"Middle East, North Africa, Afghanistan & Pakistan",2001,2002,12,0.0434782609
Sub-Saharan Africa (excluding high income),2001,2002,12,0.0909090909
Early-demographic dividend,2001,2002,12,0.2000000000
Botswana,2001,2002,12,0.0909090909
Bulgaria,2001,2002,12,0.0000000000
"Iran, Islamic Rep.",2001,2002,12,0.0000000000
Mozambique,2001,2002,12,0.1428571429
North America,2001,2002,12,0.6000000000
Angola,2001,2002,12,0.0000000000
Japan,2001,2002,12,0.3333333333
Liberia,2001,2002,12,0.1428571429
"Yemen, Rep.",2001,2002,12,0.0434782609
Liechtenstein,2001,2002,12,0.0434782609
Switzerland,2001,2002,12,0.0000000000
San Marino,2001,2002,12,0.0434782609
United Arab Emirates,2001,2002,12,0.0000000000
United Kingdom,2001,2002,12,0.0000000000
North Macedonia,2001,2002,12,0.0909090909
Malaysia,2001,2002,12,0.0000000000
Argentina,2001,2002,12,0.3333333333
Cayman Islands,2001,2002,12,0.3333333333
Singapore,2001,2002,12,0.0909090909
Eswatini,2001,2002,12,0.0434782609
Russian Federation,2001,2002,12,0.0000000000
Bolivia,2001,2002,12,0.0434782609
Myanmar,2001,2002,12,0.0434782609
Arab World,2001,2002,12,0.0434782609
Belarus,2001,2002,12,0.0909090909
Ireland,2001,2002,12,0.0000000000
Burkina Faso,2001,2002,12,0.0909090909
Georgia,2001,2002,12,0.0434782609
Ecuador,2001,2002,12,0.0434782609
Namibia,2001,2002,12,0.0909090909
Kosovo,2001,2002,12,0.1428571429
Armenia,2001,2002,12,0.0909090909
Sweden,2001,2002,12,0.1428571429
Andorra,2001,2002,12,0.0000000000
IDA & IBRD total,2001,2002,12,1.0000000000
Jordan,2001,2002,12,0.0000000000
Libya,2001,2002,12,0.0434782609
Cameroon,2001,2002,12,0.0434782609
Curacao,2001,2002,12,0.0909090909
Chile,2001,2002,12,0.0434782609
Peru,2001,2002,12,0.0000000000
Mexico,2001,2002,12,0.1428571429
Africa Eastern and Southern,2001,2002,12,0.0434782609
Central African Republic,2001,2002,12,0.0000000000
Latin America & the Caribbean (IDA & IBRD countries),2001,2002,12,0.2000000000
Canada,2001,2002,12,0.0000000000
OECD members,2001,2002,12,0.7142857143
IDA blend,2001,2002,12,0.0000000000
Norway,2001,2002,12,0.1428571429
Benin,2001,2002,12,0.0000000000
Europe & Central Asia (IDA & IBRD countries),2001,2002,12,0.0000000000
Chad,2001,2002,12,0.0909090909
Hungary,2001,2002,12,0.0434782609
Moldova,2001,2002,12,0.1428571429
Tajikistan,2001,2002,12,0.0909090909
Kiribati,2001,2002,12,0.0434782609
Central Europe and the Baltics,2001,2002,12,0.0434782609
"Middle East, North Africa, Afghanistan & Pakistan (IDA & IBRD)",2001,2002,12,0.0909090909
IDA total,2001,2002,12,0.0000000000
Guinea,2001,2002,12,0.0909090909
Iraq,2001,2002,12,0.0434782609
Netherlands,2001,2002,12,0.0000000000
Belize,2001,2002,12,0.0000000000
Algeria,2001,2002,12,0.0434782609
Saudi Arabia,2001,2002,12,0.0434782609
Guinea-Bissau,2001,2002,12,0.0000000000
Lithuania,2001,2002,12,0.0909090909
Cuba,2001,2002,12,0.0000000000
Qatar,2001,2002,12,0.0000000000
United States,2001,2002,12,0.5000000000
Papua New Guinea,2001,2002,12,0.0000000000
Serbia,2001,2002,12,0.0909090909
Heavily indebted poor countries (HIPC),2001,2002,12,0.0000000000
Indonesia,2001,2002,12,0.0000000000
Haiti,2001,2002,12,0.0434782609
Portugal,2001,2002,12,0.2631578947
Thailand,2001,2002,12,0.0434782609
Dominican Republic,2001,2002,12,0.0000000000
Nepal,2001,2002,12,0.0000000000
Cote d'Ivoire,2001,2002,12,0.0909090909
Uzbekistan,2001,2002,12,0.0434782609
"Micronesia, Fed. Sts.",2001,2002,12,0.0909090909
Paraguay,2001,2002,12,0.0909090909
Malawi,2001,2002,12,0.0434782609
Equatorial Guinea,2001,2002,12,0.2000000000
Mongolia,2001,2002,12,0.0000000000
Isle of Man,2001,2002,12,0.0434782609
Albania,2001,2002,12,0.0000000000
Italy,2001,2002,12,0.0000000000
"Egypt, Arab Rep.",2001,2002,12,0.0000000000
Low income,2001,2002,12,0.1428571429
Tunisia,2001,2002,12,0.0000000000
Uganda,2001,2002,12,0.0434782609
Azerbaijan,2001,2002,12,0.2000000000
Luxembourg,2001,2002,12,0.0434782609
"Venezuela, RB",2001,2002,12,0.0000000000
Oman,2001,2002,12,0.0434782609
Tuvalu,2001,2002,12,0.0000000000
Estonia,2001,2002,12,0.0000000000
New Caledonia,2001,2002,12,0.1428571429
Malta,2001,2002,12,0.0000000000
Honduras,2001,2002,12,0.1428571429
Bermuda,2001,2002,12,0.0000000000
India,2001,2002,12,0.1428571429
St. Vincent and the Grenadines,2001,2002,12,0.0000000000
Uruguay,2001,2002,12,0.1428571429
Sudan,2001,2002,12,0.0434782609
East Asia & Pacific (IDA & IBRD countries),2001,2002,12,0.1428571429
Kyrgyz Republic,2002,2003,12,0.0000000000
Mali,2002,2003,12,0.0434782609
IBRD only,2002,2003,12,0.8461538462
Denmark,2002,2003,12,0.1428571429
Tonga,2002,2003,12,0.0000000000
Bosnia and Herzegovina,2002,2003,12,0.0434782609
Europe & Central Asia,2002,2003,12,0.8461538462
Guam,2002,2003,12,0.0434782609
"Macao SAR, China",2002,2003,12,0.0434782609
Madagascar,2002,2003,12,0.0909090909
Ethiopia,2002,2003,12,0.0000000000
Brunei Darussalam,2002,2003,12,0.0909090909
Iceland,2002,2003,12,0.2631578947
Pacific island small states,2002,2003,12,0.0000000000
Burundi,2002,2003,12,0.0434782609
Bahrain,2002,2003,12,0.0434782609
Ghana,2002,2003,12,0.0434782609
Kazakhstan,2002,2003,12,0.0909090909
Gabon,2002,2003,12,0.0434782609
IDA only,2002,2003,12,0.1428571429
Croatia,2002,2003,12,0.0434782609
New Zealand,2002,2003,12,0.0434782609
Samoa,2002,2003,12,0.1428571429
Kenya,2002,2003,12,0.0434782609
Brazil,2002,2003,12,0.0000000000
Euro area,2002,2003,12,0.6000000000
Greece,2002,2003,12,0.0000000000
Lebanon,2002,2003,12,0.0434782609
Romania,2002,2003,12,0.0434782609
American Samoa,2002,2003,12,0.0000000000
Niger,2002,2003,12,0.0434782609
Panama,2002,2003,12,0.0000000000
Seychelles,2002,2003,12,0.0000000000
Zimbabwe,2002,2003,12,0.0434782609
Germany,2002,2003,12,0.1428571429
"Hong Kong SAR, China",2002,2003,12,0.0000000000
Sub-Saharan Africa (IDA & IBRD countries),2002,2003,12,0.0909090909
France,2002,2003,12,0.1428571429
Suriname,2002,2003,12,0.0434782609
Montenegro,2002,2003,12,0.0434782609
Poland,2002,2003,12,0.0000000000
Slovak Republic,2002,2003,12,0.0000000000
Sri Lanka,2002,2003,12,0.0000000000
"Middle East, North Africa, Afghanistan & Pakistan (excluding high income)",2002,2003,12,0.0909090909
"Congo, Dem. Rep.",2002,2003,12,0.0434782609
South Asia,2002,2003,12,0.0909090909
Trinidad and Tobago,2002,2003,12,0.0434782609
Ukraine,2002,2003,12,0.0434782609
El Salvador,2002,2003,12,0.0000000000
Fiji,2002,2003,12,0.0000000000
French Polynesia,2002,2003,12,0.0000000000
Palau,2002,2003,12,0.0000000000
Pakistan,2002,2003,12,0.0434782609
Austria,2002,2003,12,0.0434782609
Maldives,2002,2003,12,0.0000000000
South Africa,2002,2003,12,0.0434782609
Guyana,2002,2003,12,0.0909090909
Turkiye,2002,2003,12,0.0434782609
Channel Islands,2002,2003,12,0.0000000000
Aruba,2002,2003,12,0.0000000000
Solomon Islands,2002,2003,12,0.0000000000
Kuwait,2002,2003,12,0.0000000000
Marshall Islands,2002,2003,12,0.0000000000
Morocco,2002,2003,12,0.0000000000
Puerto Rico (US),2002,2003,12,0.0000000000
Philippines,2002,2003,12,0.0909090909
Syrian Arab Republic,2002,2003,12,0.0434782609
Cyprus,2002,2003,12,0.0434782609
Caribbean small states,2002,2003,12,0.0434782609
Mauritius,2002,2003,12,0.0000000000
Jamaica,2002,2003,12,0.0434782609
Lao PDR,2002,2003,12,0.0909090909
Bhutan,2002,2003,12,0.0000000000
Senegal,2002,2003,12,0.0000000000
"Somalia, Fed. Rep.",2002,2003,12,0.0434782609
"Korea, Rep.",2002,2003,12,0.0000000000
St. Lucia,2002,2003,12,0.0434782609
World,2002,2003,12,0.8461538462
Eritrea,2002,2003,12,0.0000000000
Sao Tome and Principe,2002,2003,12,0.0000000000
Monaco,2002,2003,12,0.2000000000
Turks and Caicos Islands,2002,2003,12,0.0909090909
Greenland,2002,2003,12,0.0434782609
Timor-Leste,2002,2003,12,0.0434782609
Belgium,2002,2003,12,0.1428571429
European Union,2002,2003,12,0.6000000000
Cambodia,2002,2003,12,0.0000000000
Togo,2002,2003,12,0.0000000000
Bangladesh,2002,2003,12,0.0909090909
Afghanistan,2002,2003,12,0.0000000000
Colombia,2002,2003,12,0.0000000000
"Gambia, The",2002,2003,12,0.0000000000
Faroe Islands,2002,2003,12,0.0434782609
East Asia & Pacific (excluding high income),2002,2003,12,0.2000000000
Viet Nam,2002,2003,12,0.0434782609
China,2002,2003,12,0.2000000000
Pre-demographic dividend,2002,2003,12,0.0000000000
Israel,2002,2003,12,0.0434782609
Slovenia,2002,2003,12,0.0909090909
South Asia (IDA & IBRD),2002,2003,12,0.0909090909
Djibouti,2002,2003,12,0.1428571429
High income,2002,2003,12,0.7142857143
Turkmenistan,2002,2003,12,0.0000000000
East Asia & Pacific,2002,2003,12,0.6000000000
Vanuatu,2002,2003,12,0.0000000000
Comoros,2002,2003,12,0.0434782609
Cabo Verde,2002,2003,12,0.2000000000
Dominica,2002,2003,12,0.0434782609
Mauritania,2002,2003,12,0.0000000000
Late-demographic dividend,2002,2003,12,0.5000000000
Africa Western and Central,2002,2003,12,0.0000000000
Latin America & Caribbean,2002,2003,12,0.1428571429
Lower middle income,2002,2003,12,0.0000000000
Tanzania,2002,2003,12,0.0000000000
Costa Rica,2002,2003,12,0.0434782609
"Congo, Rep.",2002,2003,12,0.0434782609
Fragile and conflict affected situations,2002,2003,12,0.0434782609
Nauru,2002,2003,12,0.0000000000
Australia,2002,2003,12,0.0434782609
Latvia,2002,2003,12,0.0434782609
St. Kitts and Nevis,2002,2003,12,0.0000000000
Czechia,2002,2003,12,0.0909090909
Small states,2002,2003,12,0.0000000000
Antigua and Barbuda,2002,2003,12,0.0000000000
Low & middle income,2002,2003,12,1.0000000000
Nicaragua,2002,2003,12,0.0909090909
Middle income,2002,2003,12,1.0000000000
"Bahamas, The",2002,2003,12,0.0000000000
Sierra Leone,2002,2003,12,0.1428571429
Sub-Saharan Africa,2002,2003,12,0.0909090909
Europe & Central Asia (excluding high income),2002,2003,12,0.0434782609
Upper middle income,2002,2003,12,0.8461538462
Latin America & Caribbean (excluding high income),2002,2003,12,0.1428571429
Other small states,2002,2003,12,0.0434782609
Grenada,2002,2003,12,0.0000000000
Zambia,2002,2003,12,0.0434782609
Rwanda,2002,2003,12,0.0000000000
Finland,2002,2003,12,0.0434782609
Guatemala,2002,2003,12,0.0434782609
Nigeria,2002,2003,12,0.0000000000
Post-demographic dividend,2002,2003,12,0.8461538462
Lesotho,2002,2003,12,0.0000000000
Spain,2002,2003,12,0.0000000000
West Bank and Gaza,2002,2003,12,0.0000000000
Least developed countries: UN classification,2002,2003,12,0.0909090909
Barbados,2002,2003,12,0.0000000000
"Middle East, North Africa, Afghanistan & Pakistan",2002,2003,12,0.0909090909
Sub-Saharan Africa (excluding high income),2002,2003,12,0.1428571429
Early-demographic dividend,2002,2003,12,0.0000000000
Botswana,2002,2003,12,0.1428571429
Bulgaria,2002,2003,12,0.1428571429
"Iran, Islamic Rep.",2002,2003,12,0.0434782609
Mozambique,2002,2003,12,0.0434782609
North America,2002,2003,12,0.6000000000
Angola,2002,2003,12,0.1428571429
Japan,2002,2003,12,0.4117647059
Liberia,2002,2003,12,0.0434782609
Northern Mariana Islands,2002,2003,12,0.0000000000
"Yemen, Rep.",2002,2003,12,0.0909090909
Liechtenstein,2002,2003,12,0.0434782609
Switzerland,2002,2003,12,0.0909090909
San Marino,2002,2003,12,0.0000000000
United Arab Emirates,2002,2003,12,0.0434782609
United Kingdom,2002,2003,12,0.1428571429
North Macedonia,2002,2003,12,0.0434782609
Malaysia,2002,2003,12,0.0000000000
Argentina,2002,2003,12,0.0909090909
Cayman Islands,2002,2003,12,0.3333333333
Singapore,2002,2003,12,0.0000000000
Virgin Islands (U.S.),2002,2003,12,0.0000000000
Eswatini,2002,2003,12,0.0434782609
Russian Federation,2002,2003,12,0.0000000000
Bolivia,2002,2003,12,0.0000000000
Myanmar,2002,2003,12,0.0000000000
Arab World,2002,2003,12,0.0909090909
Belarus,2002,2003,12,0.0000000000
Ireland,2002,2003,12,0.0434782609
Burkina Faso,2002,2003,12,0.0000000000
Georgia,2002,2003,12,0.0434782609
Ecuador,2002,2003,12,0.0000000000
Namibia,2002,2003,12,0.0909090909
Kosovo,2002,2003,12,0.0000000000
Armenia,2002,2003,12,0.0000000000
Sweden,2002,2003,12,0.0000000000
Andorra,2002,2003,12,0.0000000000
IDA & IBRD total,2002,2003,12,1.0000000000
Jordan,2002,2003,12,0.1428571429
Libya,2002,2003,12,0.0434782609
Cameroon,2002,2003,12,0.0000000000
Curacao,2002,2003,12,0.1428571429
Chile,2002,2003,12,0.0000000000
Peru,2002,2003,12,0.0000000000
Mexico,2002,2003,12,0.0909090909
Africa Eastern and Southern,2002,2003,12,0.0000000000
Central African Republic,2002,2003,12,0.0434782609
Latin America & the Caribbean (IDA & IBRD countries),2002,2003,12,0.1428571429
Canada,2002,2003,12,0.0434782609
OECD members,2002,2003,12,0.7142857143
IDA blend,2002,2003,12,0.0434782609
Norway,2002,2003,12,0.2000000000
Benin,2002,2003,12,0.0434782609
Europe & Central Asia (IDA & IBRD countries),2002,2003,12,0.0434782609
Chad,2002,2003,12,0.0000000000
Hungary,2002,2003,12,0.0000000000
Moldova,2002,2003,12,0.0000000000
Tajikistan,2002,2003,12,0.0000000000
Kiribati,2002,2003,12,0.0434782609
Central Europe and the Baltics,2002,2003,12,0.0434782609
"Middle East, North Africa, Afghanistan & Pakistan (IDA & IBRD)",2002,2003,12,0.0909090909
IDA total,2002,2003,12,0.0434782609
Guinea,2002,2003,12,0.0000000000
Iraq,2002,2003,12,0.1428571429
Netherlands,2002,2003,12,0.2631578947
Belize,2002,2003,12,0.0000000000
Algeria,2002,2003,12,0.0000000000
Saudi Arabia,2002,2003,12,0.0000000000
Guinea-Bissau,2002,2003,12,0.0434782609
Lithuania,2002,2003,12,0.0434782609
Cuba,2002,2003,12,0.1428571429
Qatar,2002,2003,12,0.0000000000
United States,2002,2003,12,0.5000000000
Papua New Guinea,2002,2003,12,0.0000000000
Serbia,2002,2003,12,0.0434782609
Heavily indebted poor countries (HIPC),2002,2003,12,0.0434782609
Indonesia,2002,2003,12,0.0434782609
Haiti,2002,2003,12,0.0000000000
Portugal,2002,2003,12,0.0909090909
Thailand,2002,2003,12,0.0909090909
Dominican Republic,2002,2003,12,0.0000000000
Nepal,2002,2003,12,0.1428571429
Cote d'Ivoire,2002,2003,12,0.0434782609
Uzbekistan,2002,2003,12,0.0000000000
"Micronesia, Fed. Sts.",2002,2003,12,0.0909090909
Paraguay,2002,2003,12,0.0000000000
Malawi,2002,2003,12,0.0000000000
Equatorial Guinea,2002,2003,12,0.0434782609
Mongolia,2002,2003,12,0.0000000000
Isle of Man,2002,2003,12,0.0909090909
Albania,2002,2003,12,0.0909090909
Italy,2002,2003,12,0.2000000000
"Egypt, Arab Rep.",2002,2003,12,0.0000000000
Low income,2002,2003,12,0.0000000000
Tunisia,2002,2003,12,0.0434782609
Uganda,2002,2003,12,0.0434782609
Azerbaijan,2002,2003,12,0.0000000000
Luxembourg,2002,2003,12,0.0000000000
"Venezuela, RB",2002,2003,12,0.0434782609
Oman,2002,2003,12,0.0434782609
Tuvalu,2002,2003,12,0.0000000000
Estonia,2002,2003,12,0.0434782609
New Caledonia,2002,2003,12,0.0000000000
Malta,2002,2003,12,0.0434782609
Honduras,2002,2003,12,0.0434782609
Bermuda,2002,2003,12,0.0000000000
India,2002,2003,12,0.0909090909
St. Vincent and the Grenadines,2002,2003,12,0.0000000000
Uruguay,2002,2003,12,0.0434782609
Sudan,2002,2003,12,0.0909090909
East Asia & Pacific (IDA & IBRD countries),2002,2003,12,0.2000000000
Kyrgyz Republic,2003,2004,12,0.1428571429
Mali,2003,2004,12,0.0434782609
IBRD only,2003,2004,12,1.0000000000
Denmark,2003,2004,12,0.1428571429
Tonga,2003,2004,12,0.0000000000
Bosnia and Herzegovina,2003,2004,12,0.0000000000
Europe & Central Asia,2003,2004,12,0.8461538462
Guam,2003,2004,12,0.0434782609
"Macao SAR, China",2003,2004,12,0.0434782609
Madagascar,2003,2004,12,0.0000000000
Ethiopia,2003,2004,12,0.1428571429
Brunei Darussalam,2003,2004,12,0.0000000000
Iceland,2003,2004,12,0.0000000000
Pacific island small states,2003,2004,12,0.0000000000
Burundi,2003,2004,12,0.0434782609
Bahrain,2003,2004,12,0.0434782609
Ghana,2003,2004,12,0.0000000000
Kazakhstan,2003,2004,12,0.0000000000
Gabon,2003,2004,12,0.0000000000
IDA only,2003,2004,12,0.1428571429
Croatia,2003,2004,12,0.0000000000
New Zealand,2003,2004,12,0.0000000000
Samoa,2003,2004,12,0.0000000000
Kenya,2003,2004,12,0.0909090909
Brazil,2003,2004,12,0.0000000000
Euro area,2003,2004,12,0.7142857143
Greece,2003,2004,12,0.0909090909
Lebanon,2003,2004,12,0.0000000000
Romania,2003,2004,12,0.0000000000
American Samoa,2003,2004,12,0.0909090909
Niger,2003,2004,12,0.0000000000
Panama,2003,2004,12,0.0434782609
Seychelles,2003,2004,12,0.0434782609
Zimbabwe,2003,2004,12,0.1428571429
Germany,2003,2004,12,0.0434782609
"Hong Kong SAR, China",2003,2004,12,0.0000000000
Sub-Saharan Africa (IDA & IBRD countries),2003,2004,12,0.2000000000
France,2003,2004,12,0.2000000000
Suriname,2003,2004,12,0.0000000000
Montenegro,2003,2004,12,0.0434782609
Poland,2003,2004,12,0.0909090909
Slovak Republic,2003,2004,12,0.0434782609
Sri Lanka,2003,2004,12,0.0434782609
"Middle East, North Africa, Afghanistan & Pakistan (excluding high income)",2003,2004,12,0.0434782609
"Congo, Dem. Rep.",2003,2004,12,0.0909090909
South Asia,2003,2004,12,0.0909090909
Trinidad and Tobago,2003,2004,12,0.0000000000
Ukraine,2003,2004,12,0.0000000000
El Salvador,2003,2004,12,0.0434782609
Fiji,2003,2004,12,0.0434782609
French Polynesia,2003,2004,12,0.0434782609
Palau,2003,2004,12,0.0000000000
Pakistan,2003,2004,12,0.0434782609
Austria,2003,2004,12,0.1428571429
Maldives,2003,2004,12,0.0000000000
South Africa,2003,2004,12,0.0909090909
Guyana,2003,2004,12,0.0909090909
Turkiye,2003,2004,12,0.0000000000
Channel Islands,2003,2004,12,0.0434782609
Aruba,2003,2004,12,0.0000000000
Solomon Islands,2003,2004,12,0.0909090909
Kuwait,2003,2004,12,0.0000000000
Marshall Islands,2003,2004,12,0.2000000000
Morocco,2003,2004,12,0.0909090909
Puerto Rico (US),2003,2004,12,0.0000000000
Philippines,2003,2004,12,0.0434782609
Syrian Arab Republic,2003,2004,12,0.0434782609
Cyprus,2003,2004,12,0.0434782609
Caribbean small states,2003,2004,12,0.1428571429
Mauritius,2003,2004,12,0.0434782609
Jamaica,2003,2004,12,0.0000000000
Lao PDR,2003,2004,12,0.0000000000
Bhutan,2003,2004,12,0.0000000000
Senegal,2003,2004,12,0.0000000000
"Somalia, Fed. Rep.",2003,2004,12,0.0434782609
"Korea, Rep.",2003,2004,12,0.0000000000
St. Lucia,2003,2004,12,0.0909090909
World,2003,2004,12,1.0000000000
Eritrea,2003,2004,12,0.0909090909
Sao Tome and Principe,2003,2004,12,0.0000000000
Monaco,2003,2004,12,0.0909090909
Turks and Caicos Islands,2003,2004,12,0.0000000000
Greenland,2003,2004,12,0.0000000000
Timor-Leste,2003,2004,12,0.0434782609
Belgium,2003,2004,12,0.0909090909
European Union,2003,2004,12,0.7142857143
Cambodia,2003,2004,12,0.1428571429
Togo,2003,2004,12,0.0000000000
Bangladesh,2003,2004,12,0.0000000000
Afghanistan,2003,2004,12,0.0434782609
Colombia,2003,2004,12,0.0909090909
"Gambia, The",2003,2004,12,0.0000000000
Faroe Islands,2003,2004,12,0.0434782609
East Asia & Pacific (excluding high income),2003,2004,12,0.0909090909
Viet Nam,2003,2004,12,0.0909090909
China,2003,2004,12,0.0909090909
Pre-demographic dividend,2003,2004,12,0.0000000000
Israel,2003,2004,12,0.0000000000
Slovenia,2003,2004,12,0.0909090909
South Asia (IDA & IBRD),2003,2004,12,0.0909090909
Djibouti,2003,2004,12,0.0909090909
High income,2003,2004,12,0.8461538462
Turkmenistan,2003,2004,12,0.0909090909
East Asia & Pacific,2003,2004,12,0.7142857143
Vanuatu,2003,2004,12,0.0434782609
Comoros,2003,2004,12,0.0434782609
Cabo Verde,2003,2004,12,0.0909090909
Dominica,2003,2004,12,0.0909090909
Mauritania,2003,2004,12,0.0000000000
Late-demographic dividend,2003,2004,12,0.8461538462
Africa Western and Central,2003,2004,12,0.0000000000
Latin America & Caribbean,2003,2004,12,0.2000000000
Lower middle income,2003,2004,12,0.0909090909
Tanzania,2003,2004,12,0.0434782609
Costa Rica,2003,2004,12,0.0000000000
"Congo, Rep.",2003,2004,12,0.0434782609
Fragile and conflict affected situations,2003,2004,12,0.0000000000
Nauru,2003,2004,12,0.0000000000
Australia,2003,2004,12,0.0434782609
Latvia,2003,2004,12,0.1428571429
St. Kitts and Nevis,2003,2004,12,0.0000000000
Czechia,2003,2004,12,0.0000000000
Small states,2003,2004,12,0.0434782609
Antigua and Barbuda,2003,2004,12,0.0000000000
Low & middle income,2003,2004,12,1.0000000000
Nicaragua,2003,2004,12,0.0909090909
Middle income,2003,2004,12,0.8461538462
"Bahamas, The",2003,2004,12,0.0909090909
Sierra Leone,2003,2004,12,0.0000000000
Sub-Saharan Africa,2003,2004,12,0.2000000000
Europe & Central Asia (excluding high income),2003,2004,12,0.0909090909
Upper middle income,2003,2004,12,0.8461538462
Latin America & Caribbean (excluding high income),2003,2004,12,0.2000000000
Other small states,2003,2004,12,0.0000000000
Grenada,2003,2004,12,0.0000000000
Zambia,2003,2004,12,0.0909090909
Rwanda,2003,2004,12,0.0000000000
Finland,2003,2004,12,0.0434782609
Guatemala,2003,2004,12,0.0434782609
Nigeria,2003,2004,12,0.0434782609
Post-demographic dividend,2003,2004,12,0.8461538462
Lesotho,2003,2004,12,0.0000000000
Spain,2003,2004,12,0.0909090909
West Bank and Gaza,2003,2004,12,0.0434782609
Least developed countries: UN classification,2003,2004,12,0.0909090909
Barbados,2003,2004,12,0.0909090909
"Middle East, North Africa, Afghanistan & Pakistan",2003,2004,12,0.0000000000
Sub-Saharan Africa (excluding high income),2003,2004,12,0.2000000000
Early-demographic dividend,2003,2004,12,0.1428571429
Botswana,2003,2004,12,0.0000000000
Bulgaria,2003,2004,12,0.0000000000
"Iran, Islamic Rep.",2003,2004,12,0.0000000000
Mozambique,2003,2004,12,0.0434782609
North America,2003,2004,12,0.6000000000
Angola,2003,2004,12,0.1428571429
Japan,2003,2004,12,0.4117647059
Liberia,2003,2004,12,0.0000000000
Northern Mariana Islands,2003,2004,12,0.0000000000
"Yemen, Rep.",2003,2004,12,0.0434782609
Liechtenstein,2003,2004,12,0.0909090909
Switzerland,2003,2004,12,0.0909090909
San Marino,2003,2004,12,0.0434782609
United Arab Emirates,2003,2004,12,0.0909090909
United Kingdom,2003,2004,12,0.2631578947
North Macedonia,2003,2004,12,0.0000000000
Malaysia,2003,2004,12,0.0000000000
Argentina,2003,2004,12,0.1428571429
Cayman Islands,2003,2004,12,0.2631578947
Singapore,2003,2004,12,0.0434782609
Virgin Islands (U.S.),2003,2004,12,0.0000000000
Eswatini,2003,2004,12,0.0434782609
Russian Federation,2003,2004,12,0.2000000000
Bolivia,2003,2004,12,0.0434782609
Myanmar,2003,2004,12,0.1428571429
Arab World,2003,2004,12,0.0434782609
Belarus,2003,2004,12,0.0909090909
Ireland,2003,2004,12,0.0000000000
Burkina Faso,2003,2004,12,0.0000000000
Georgia,2003,2004,12,0.0000000000
Ecuador,2003,2004,12,0.0000000000
Namibia,2003,2004,12,0.0434782609
Kosovo,2003,2004,12,0.0909090909
Armenia,2003,2004,12,0.0000000000
Sweden,2003,2004,12,0.0000000000
Andorra,2003,2004,12,0.0909090909
IDA & IBRD total,2003,2004,12,1.0000000000
Jordan,2003,2004,12,0.0434782609
Libya,2003,2004,12,0.0000000000
Cameroon,2003,2004,12,0.0909090909
Curacao,2003,2004,12,0.0434782609
Chile,2003,2004,12,0.0000000000
Peru,2003,2004,12,0.0434782609
Mexico,2003,2004,12,0.0000000000
Africa Eastern and Southern,2003,2004,12,0.0434782609
Central African Republic,2003,2004,12,0.0434782609
Latin America & the Caribbean (IDA & IBRD countries),2003,2004,12,0.2000000000
Canada,2003,2004,12,0.0909090909
OECD members,2003,2004,12,0.8461538462
IDA blend,2003,2004,12,0.0434782609
Norway,2003,2004,12,0.0000000000
Benin,2003,2004,12,0.0000000000
Europe & Central Asia (IDA & IBRD countries),2003,2004,12,0.0434782609
Chad,2003,2004,12,0.0909090909
Hungary,2003,2004,12,0.0909090909
Moldova,2003,2004,12,0.0434782609
Tajikistan,2003,2004,12,0.0000000000
Kiribati,2003,2004,12,0.0909090909
Central Europe and the Baltics,2003,2004,12,0.0434782609
"Middle East, North Africa, Afghanistan & Pakistan (IDA & IBRD)",2003,2004,12,0.0434782609
IDA total,2003,2004,12,0.0909090909
Guinea,2003,2004,12,0.0909090909
Iraq,2003,2004,12,0.0434782609
Netherlands,2003,2004,12,0.2631578947
Belize,2003,2004,12,0.0000000000
Algeria,2003,2004,12,0.0000000000
Saudi Arabia,2003,2004,12,0.0909090909
Guinea-Bissau,2003,2004,12,0.0909090909
Lithuania,2003,2004,12,0.0000000000
Cuba,2003,2004,12,0.0434782609
Qatar,2003,2004,12,0.0000000000
United States,2003,2004,12,0.7142857143
Papua New Guinea,2003,2004,12,0.0434782609
Serbia,2003,2004,12,0.0434782609
Heavily indebted poor countries (HIPC),2003,2004,12,0.0434782609
Indonesia,2003,2004,12,0.0000000000
Haiti,2003,2004,12,0.0000000000
Portugal,2003,2004,12,0.0434782609
Thailand,2003,2004,12,0.0909090909
Dominican Republic,2003,2004,12,0.0000000000
Nepal,2003,2004,12,0.0434782609
Cote d'Ivoire,2003,2004,12,0.0434782609
Uzbekistan,2003,2004,12,0.0000000000
"Micronesia, Fed. Sts.",2003,2004,12,0.0000000000
Paraguay,2003,2004,12,0.0909090909
Malawi,2003,2004,12,0.0000000000
Equatorial Guinea,2003,2004,12,0.0909090909
Mongolia,2003,2004,12,0.0909090909
Isle of Man,2003,2004,12,0.0434782609
Albania,2003,2004,12,0.0000000000
Italy,2003,2004,12,0.0000000000
"Egypt, Arab Rep.",2003,2004,12,0.0909090909
Low income,2003,2004,12,0.0909090909
Tunisia,2003,2004,12,0.2631578947
Uganda,2003,2004,12,0.0434782609
Azerbaijan,2003,2004,12,0.0000000000
Luxembourg,2003,2004,12,0.0909090909
"Venezuela, RB",2003,2004,12,0.0909090909
Oman,2003,2004,12,0.0434782609
Tuvalu,2003,2004,12,0.0909090909
Estonia,2003,2004,12,0.0434782609
New Caledonia,2003,2004,12,0.0000000000
Malta,2003,2004,12,0.0000000000
Honduras,2003,2004,12,0.0434782609
Bermuda,2003,2004,12,0.0000000000
India,2003,2004,12,0.0909090909
St. Vincent and the Grenadines,2003,2004,12,0.0000000000
Uruguay,2003,2004,12,0.0000000000
Sudan,2003,2004,12,0.0434782609
East Asia & Pacific (IDA & IBRD countries),2003,2004,12,0.0909090909
Kyrgyz Republic,2004,2005,12,0.0909090909
Mali,2004,2005,12,0.0000000000
IBRD only,2004,2005,12,1.0000000000
Denmark,2004,2005,12,0.4117647059
Tonga,2004,2005,12,0.0909090909
Bosnia and Herzegovina,2004,2005,12,0.0434782609
Europe & Central Asia,2004,2005,12,0.8461538462
Guam,2004,2005,12,0.0000000000
"Macao SAR, China",2004,2005,12,0.0000000000
Madagascar,2004,2005,12,0.0434782609
Ethiopia,2004,2005,12,0.2000000000
Brunei Darussalam,2004,2005,12,0.0434782609
Iceland,2004,2005,12,0.0909090909
Pacific island small states,2004,2005,12,0.0434782609
Burundi,2004,2005,12,0.0434782609
Bahrain,2004,2005,12,0.0434782609
Ghana,2004,2005,12,0.0909090909
Kazakhstan,2004,2005,12,0.1428571429
Gabon,2004,2005,12,0.0000000000
IDA only,2004,2005,12,0.2000000000
Croatia,2004,2005,12,0.0909090909
New Zealand,2004,2005,12,0.0434782609
Samoa,2004,2005,12,0.0909090909
Kenya,2004,2005,12,0.0000000000
Brazil,2004,2005,12,0.0909090909
Euro area,2004,2005,12,1.0000000000
Greece,2004,2005,12,0.0000000000
Lebanon,2004,2005,12,0.0000000000
Romania,2004,2005,12,0.0909090909
American Samoa,2004,2005,12,0.0000000000
Niger,2004,2005,12,0.0434782609
Panama,2004,2005,12,0.1428571429
Seychelles,2004,2005,12,0.0000000000
Zimbabwe,2004,2005,12,0.0434782609
Germany,2004,2005,12,0.0434782609
"Hong Kong SAR, China",2004,2005,12,0.0000000000
Sub-Saharan Africa (IDA & IBRD countries),2004,2005,12,0.1428571429
France,2004,2005,12,0.3333333333
Suriname,2004,2005,12,0.0434782609
Montenegro,2004,2005,12,0.0000000000
Poland,2004,2005,12,0.0000000000
Slovak Republic,2004,2005,12,0.0434782609
Sri Lanka,2004,2005,12,0.0000000000
"Middle East, North Africa, Afghanistan & Pakistan (excluding high income)",2004,2005,12,0.0909090909
"Congo, Dem. Rep.",2004,2005,12,0.0434782609
South Asia,2004,2005,12,0.0909090909
Trinidad and Tobago,2004,2005,12,0.0000000000
Ukraine,2004,2005,12,0.0000000000
El Salvador,2004,2005,12,0.0434782609
Fiji,2004,2005,12,0.0909090909
French Polynesia,2004,2005,12,0.0000000000
Palau,2004,2005,12,0.0000000000
Pakistan,2004,2005,12,0.0434782609
Austria,2004,2005,12,0.1428571429
Maldives,2004,2005,12,0.0000000000
South Africa,2004,2005,12,0.0000000000
Guyana,2004,2005,12,0.0434782609
Turkiye,2004,2005,12,0.0434782609
Channel Islands,2004,2005,12,0.1428571429
Aruba,2004,2005,12,0.0434782609
Solomon Islands,2004,2005,12,0.0000000000
Kuwait,2004,2005,12,0.0434782609
Marshall Islands,2004,2005,12,0.0000000000
Morocco,2004,2005,12,0.0434782609
Puerto Rico (US),2004,2005,12,0.0000000000
Philippines,2004,2005,12,0.0434782609
Syrian Arab Republic,2004,2005,12,0.0909090909
Cyprus,2004,2005,12,0.0909090909
Caribbean small states,2004,2005,12,0.0434782609
Mauritius,2004,2005,12,0.0434782609
Jamaica,2004,2005,12,0.0000000000
Lao PDR,2004,2005,12,0.0000000000
Bhutan,2004,2005,12,0.0000000000
Senegal,2004,2005,12,0.0434782609
"Somalia, Fed. Rep.",2004,2005,12,0.0434782609
"Korea, Rep.",2004,2005,12,0.0909090909
St. Lucia,2004,2005,12,0.0000000000
World,2004,2005,12,0.6000000000
Eritrea,2004,2005,12,0.0434782609
Sao Tome and Principe,2004,2005,12,0.0000000000
Monaco,2004,2005,12,0.2000000000
Turks and Caicos Islands,2004,2005,12,0.0434782609
Greenland,2004,2005,12,0.0000000000
Timor-Leste,2004,2005,12,0.0000000000
Belgium,2004,2005,12,0.0909090909
European Union,2004,2005,12,0.8461538462
Cambodia,2004,2005,12,0.0909090909
Togo,2004,2005,12,0.0909090909
Bangladesh,2004,2005,12,0.0434782609
Afghanistan,2004,2005,12,0.0000000000
Colombia,2004,2005,12,0.0909090909
"Gambia, The",2004,2005,12,0.0000000000
Faroe Islands,2004,2005,12,0.0434782609
East Asia & Pacific (excluding high income),2004,2005,12,0.2631578947
Viet Nam,2004,2005,12,0.0000000000
China,2004,2005,12,0.3333333333
Pre-demographic dividend,2004,2005,12,0.0434782609
Israel,2004,2005,12,0.0000000000
Slovenia,2004,2005,12,0.0434782609
South Asia (IDA & IBRD),2004,2005,12,0.0909090909
Djibouti,2004,2005,12,0.1428571429
High income,2004,2005,12,1.0000000000
Turkmenistan,2004,2005,12,0.0434782609
East Asia & Pacific,2004,2005,12,0.5000000000
Vanuatu,2004,2005,12,0.0434782609
Comoros,2004,2005,12,0.0909090909
Cabo Verde,2004,2005,12,0.0000000000
Dominica,2004,2005,12,0.0434782609
Mauritania,2004,2005,12,0.0434782609
Late-demographic dividend,2004,2005,12,0.7142857143
Africa Western and Central,2004,2005,12,0.0000000000
Latin America & Caribbean,2004,2005,12,0.2000000000
Lower middle income,2004,2005,12,0.0909090909
Tanzania,2004,2005,12,0.0000000000
Costa Rica,2004,2005,12,0.0909090909
"Congo, Rep.",2004,2005,12,0.0000000000
Fragile and conflict affected situations,2004,2005,12,0.0434782609
Nauru,2004,2005,12,0.0434782609
Australia,2004,2005,12,0.0434782609
Latvia,2004,2005,12,0.0909090909
St. Kitts and Nevis,2004,2005,12,0.0000000000
Czechia,2004,2005,12,0.0000000000
Small states,2004,2005,12,0.0434782609
Antigua and Barbuda,2004,2005,12,0.0909090909
Low & middle income,2004,2005,12,1.0000000000
Nicaragua,2004,2005,12,0.0000000000
Middle income,2004,2005,12,0.8461538462
"Bahamas, The",2004,2005,12,0.0909090909
Sierra Leone,2004,2005,12,0.0909090909
Sub-Saharan Africa,2004,2005,12,0.1428571429
Europe & Central Asia (excluding high income),2004,2005,12,0.0909090909
Upper middle income,2004,2005,12,0.8461538462
Latin America & Caribbean (excluding high income),2004,2005,12,0.2000000000
Other small states,2004,2005,12,0.0000000000
Grenada,2004,2005,12,0.0000000000
Zambia,2004,2005,12,0.0000000000
Rwanda,2004,2005,12,0.0434782609
Finland,2004,2005,12,0.0434782609
Guatemala,2004,2005,12,0.0000000000
Nigeria,2004,2005,12,0.0000000000
Post-demographic dividend,2004,2005,12,0.8461538462
Lesotho,2004,2005,12,0.0434782609
Spain,2004,2005,12,0.0909090909
West Bank and Gaza,2004,2005,12,0.0434782609
Least developed countries: UN classification,2004,2005,12,0.0000000000
Barbados,2004,2005,12,0.0909090909
"Middle East, North Africa, Afghanistan & Pakistan",2004,2005,12,0.1428571429
Sub-Saharan Africa (excluding high income),2004,2005,12,0.1428571429
Early-demographic dividend,2004,2005,12,0.0909090909
Botswana,2004,2005,12,0.0000000000
Bulgaria,2004,2005,12,0.0000000000
"Iran, Islamic Rep.",2004,2005,12,0.0909090909
Mozambique,2004,2005,12,0.0000000000
North America,2004,2005,12,0.7142857143
Angola,2004,2005,12,0.0909090909
Japan,2004,2005,12,0.4117647059
Liberia,2004,2005,12,0.0000000000
Northern Mariana Islands,2004,2005,12,0.0434782609
"Yemen, Rep.",2004,2005,12,0.0909090909
Liechtenstein,2004,2005,12,0.0434782609
Switzerland,2004,2005,12,0.3333333333
San Marino,2004,2005,12,0.0434782609
United Arab Emirates,2004,2005,12,0.0000000000
United Kingdom,2004,2005,12,0.0909090909
North Macedonia,2004,2005,12,0.0434782609
Malaysia,2004,2005,12,0.0909090909
Argentina,2004,2005,12,0.0909090909
Cayman Islands,2004,2005,12,0.4117647059
Singapore,2004,2005,12,0.0434782609
Virgin Islands (U.S.),2004,2005,12,0.0909090909
Eswatini,2004,2005,12,0.0000000000
Russian Federation,2004,2005,12,0.0000000000
Bolivia,2004,2005,12,0.1428571429
Myanmar,2004,2005,12,0.2000000000
Arab World,2004,2005,12,0.0000000000
Belarus,2004,2005,12,0.0909090909
Ireland,2004,2005,12,0.0909090909
Burkina Faso,2004,2005,12,0.0434782609
Georgia,2004,2005,12,0.0434782609
Ecuador,2004,2005,12,0.0000000000
Namibia,2004,2005,12,0.0909090909
Kosovo,2004,2005,12,0.0000000000
Armenia,2004,2005,12,0.1428571429
Sweden,2004,2005,12,0.0909090909
Andorra,2004,2005,12,0.0909090909
IDA & IBRD total,2004,2005,12,0.8461538462
Jordan,2004,2005,12,0.0434782609
Libya,2004,2005,12,0.0434782609
Cameroon,2004,2005,12,0.0000000000
Curacao,2004,2005,12,0.0909090909
Chile,2004,2005,12,0.0434782609
Peru,2004,2005,12,0.0909090909
Mexico,2004,2005,12,0.0434782609
Africa Eastern and Southern,2004,2005,12,0.0909090909
Central African Republic,2004,2005,12,0.0909090909
Latin America & the Caribbean (IDA & IBRD countries),2004,2005,12,0.2000000000
Canada,2004,2005,12,0.0000000000
OECD members,2004,2005,12,0.8461538462
IDA blend,2004,2005,12,0.0434782609
Norway,2004,2005,12,0.0434782609
Benin,2004,2005,12,0.0000000000
Europe & Central Asia (IDA & IBRD countries),2004,2005,12,0.2000000000
Chad,2004,2005,12,0.0909090909
Hungary,2004,2005,12,0.0909090909
Moldova,2004,2005,12,0.0909090909
Tajikistan,2004,2005,12,0.0434782609
Kiribati,2004,2005,12,0.0000000000
Central Europe and the Baltics,2004,2005,12,0.0000000000
"Middle East, North Africa, Afghanistan & Pakistan (IDA & IBRD)",2004,2005,12,0.0909090909
IDA total,2004,2005,12,0.0434782609
Guinea,2004,2005,12,0.0909090909
Iraq,2004,2005,12,0.0000000000
Netherlands,2004,2005,12,0.3333333333
Belize,2004,2005,12,0.0000000000
Algeria,2004,2005,12,0.0000000000
Saudi Arabia,2004,2005,12,0.2000000000
Guinea-Bissau,2004,2005,12,0.0434782609
Lithuania,2004,2005,12,0.0000000000
Cuba,2004,2005,12,0.0434782609
Qatar,2004,2005,12,0.0434782609
United States,2004,2005,12,0.7142857143
Papua New Guinea,2004,2005,12,0.0000000000
Serbia,2004,2005,12,0.0000000000
Heavily indebted poor countries (HIPC),2004,2005,12,0.0434782609
Indonesia,2004,2005,12,0.1428571429
Haiti,2004,2005,12,0.0434782609
Portugal,2004,2005,12,0.0000000000
Thailand,2004,2005,12,0.0000000000
Dominican Republic,2004,2005,12,0.0000000000
Nepal,2004,2005,12,0.0000000000
Cote d'Ivoire,2004,2005,12,0.0434782609
Uzbekistan,2004,2005,12,0.0434782609
"Micronesia, Fed. Sts.",2004,2005,12,0.0000000000
Paraguay,2004,2005,12,0.0909090909
Malawi,2004,2005,12,0.0434782609
Equatorial Guinea,2004,2005,12,0.1428571429
Mongolia,2004,2005,12,0.0434782609
Isle of Man,2004,2005,12,0.1428571429
Albania,2004,2005,12,0.1428571429
Italy,2004,2005,12,0.0434782609
"Egypt, Arab Rep.",2004,2005,12,0.0434782609
Low income,2004,2005,12,0.0909090909
Tunisia,2004,2005,12,0.0000000000
Uganda,2004,2005,12,0.0434782609
Azerbaijan,2004,2005,12,0.0434782609
Luxembourg,2004,2005,12,0.1428571429
"Venezuela, RB",2004,2005,12,0.0000000000
Oman,2004,2005,12,0.0434782609
Tuvalu,2004,2005,12,0.0000000000
Estonia,2004,2005,12,0.0000000000
New Caledonia,2004,2005,12,0.1428571429
Malta,2004,2005,12,0.0434782609
Honduras,2004,2005,12,0.0434782609
Bermuda,2004,2005,12,0.2000000000
India,2004,2005,12,0.0909090909
St. Vincent and the Grenadines,2004,2005,12,0.1428571429
Uruguay,2004,2005,12,0.0000000000
Sudan,2004,2005,12,0.1428571429
East Asia & Pacific (IDA & IBRD countries),2004,2005,12,0.2631578947
Kyrgyz Republic,2005,2006,12,0.0434782609
Mali,2005,2006,12,0.0434782609
IBRD only,2005,2006,12,1.0000000000
Denmark,2005,2006,12,0.0000000000
Tonga,2005,2006,12,0.0434782609
Bosnia and Herzegovina,2005,2006,12,0.0434782609
Europe & Central Asia,2005,2006,12,0.7142857143
Guam,2005,2006,12,0.0909090909
"Macao SAR, China",2005,2006,12,0.0000000000
Madagascar,2005,2006,12,0.0000000000
Ethiopia,2005,2006,12,0.0000000000
Brunei Darussalam,2005,2006,12,0.0434782609
Iceland,2005,2006,12,0.0909090909
Pacific island small states,2005,2006,12,0.1428571429
Burundi,2005,2006,12,0.0434782609
Bahrain,2005,2006,12,0.0434782609
Ghana,2005,2006,12,0.1428571429
Kazakhstan,2005,2006,12,0.0434782609
Gabon,2005,2006,12,0.0000000000
IDA only,2005,2006,12,0.0434782609
Croatia,2005,2006,12,0.0434782609
New Zealand,2005,2006,12,0.1428571429
Samoa,2005,2006,12,0.0000000000
Kenya,2005,2006,12,0.0909090909
Brazil,2005,2006,12,0.0434782609
Euro area,2005,2006,12,0.7142857143
Greece,2005,2006,12,0.0000000000
Lebanon,2005,2006,12,0.0434782609
Romania,2005,2006,12,0.0434782609
American Samoa,2005,2006,12,0.0000000000
Niger,2005,2006,12,0.0434782609
Panama,2005,2006,12,0.0000000000
Seychelles,2005,2006,12,0.0434782609
Zimbabwe,2005,2006,12,0.0909090909
Germany,2005,2006,12,0.0909090909
"Hong Kong SAR, China",2005,2006,12,0.1428571429
Sub-Saharan Africa (IDA & IBRD countries),2005,2006,12,0.0909090909
France,2005,2006,12,0.0434782609
Suriname,2005,2006,12,0.0434782609
Montenegro,2005,2006,12,0.2000000000
Poland,2005,2006,12,0.0000000000
Slovak Republic,2005,2006,12,0.0434782609
Sri Lanka,2005,2006,12,0.0000000000
"Middle East, North Africa, Afghanistan & Pakistan (excluding high income)",2005,2006,12,0.0909090909
"Congo, Dem. Rep.",2005,2006,12,0.0909090909
South Asia,2005,2006,12,0.3333333333
Trinidad and Tobago,2005,2006,12,0.0434782609
Ukraine,2005,2006,12,0.0000000000
El Salvador,2005,2006,12,0.0909090909
Fiji,2005,2006,12,0.0000000000
French Polynesia,2005,2006,12,0.0434782609
Palau,2005,2006,12,0.0000000000
Pakistan,2005,2006,12,0.0909090909
Austria,2005,2006,12,0.0434782609
Maldives,2005,2006,12,0.0434782609
South Africa,2005,2006,12,0.0000000000
Guyana,2005,2006,12,0.0909090909
Turkiye,2005,2006,12,0.0000000000
Channel Islands,2005,2006,12,0.0000000000
Aruba,2005,2006,12,0.0000000000
Solomon Islands,2005,2006,12,0.0000000000
Kuwait,2005,2006,12,0.0000000000
Marshall Islands,2005,2006,12,0.0000000000
Morocco,2005,2006,12,0.0000000000
Puerto Rico (US),2005,2006,12,0.0000000000
Philippines,2005,2006,12,0.2000000000
Syrian Arab Republic,2005,2006,12,0.0434782609
Cyprus,2005,2006,12,0.1428571429
Caribbean small states,2005,2006,12,0.0434782609
Mauritius,2005,2006,12,0.0000000000
Jamaica,2005,2006,12,0.0909090909
Lao PDR,2005,2006,12,0.0434782609
Bhutan,2005,2006,12,0.0000000000
Senegal,2005,2006,12,0.0434782609
"Somalia, Fed. Rep.",2005,2006,12,0.0434782609
"Korea, Rep.",2005,2006,12,0.0909090909
St. Lucia,2005,2006,12,0.0434782609
World,2005,2006,12,0.7142857143
Eritrea,2005,2006,12,0.0909090909
Sao Tome and Principe,2005,2006,12,0.0000000000
Monaco,2005,2006,12,0.0000000000
Turks and Caicos Islands,2005,2006,12,0.0434782609
Greenland,2005,2006,12,0.0000000000
Timor-Leste,2005,2006,12,0.0434782609
Belgium,2005,2006,12,0.0909090909
European Union,2005,2006,12,0.7142857143
Cambodia,2005,2006,12,0.0434782609
Togo,2005,2006,12,0.1428571429
Bangladesh,2005,2006,12,0.1428571429
Afghanistan,2005,2006,12,0.0000000000
Colombia,2005,2006,12,0.1428571429
"Gambia, The",2005,2006,12,0.0000000000
Faroe Islands,2005,2006,12,0.0000000000
East Asia & Pacific (excluding high income),2005,2006,12,0.0909090909
Viet Nam,2005,2006,12,0.2000000000
China,2005,2006,12,0.0909090909
Pre-demographic dividend,2005,2006,12,0.0000000000
Israel,2005,2006,12,0.0909090909
Slovenia,2005,2006,12,0.0000000000
South Asia (IDA & IBRD),2005,2006,12,0.2000000000
Djibouti,2005,2006,12,0.0909090909
High income,2005,2006,12,0.8461538462
Turkmenistan,2005,2006,12,0.1428571429
East Asia & Pacific,2005,2006,12,0.8461538462
Vanuatu,2005,2006,12,0.0434782609
Comoros,2005,2006,12,0.0909090909
Cabo Verde,2005,2006,12,0.0434782609
Dominica,2005,2006,12,0.0434782609
Mauritania,2005,2006,12,0.0000000000
Late-demographic dividend,2005,2006,12,0.8461538462
Africa Western and Central,2005,2006,12,0.0909090909
Latin America & Caribbean,2005,2006,12,0.3333333333
Lower middle income,2005,2006,12,0.2000000000
Tanzania,2005,2006,12,0.2631578947
Costa Rica,2005,2006,12,0.0000000000
"Congo, Rep.",2005,2006,12,0.0000000000
Fragile and conflict affected situations,2005,2006,12,0.3333333333
Nauru,2005,2006,12,0.0000000000
Australia,2005,2006,12,0.0000000000
Latvia,2005,2006,12,0.0434782609
St. Kitts and Nevis,2005,2006,12,0.0000000000
Czechia,2005,2006,12,0.2000000000
Small states,2005,2006,12,0.0434782609
Antigua and Barbuda,2005,2006,12,0.0000000000
Low & middle income,2005,2006,12,1.0000000000
Nicaragua,2005,2006,12,0.0000000000
Middle income,2005,2006,12,1.0000000000
"Bahamas, The",2005,2006,12,0.0909090909
Sierra Leone,2005,2006,12,0.0434782609
Sub-Saharan Africa,2005,2006,12,0.0909090909
Europe & Central Asia (excluding high income),2005,2006,12,0.1428571429
Upper middle income,2005,2006,12,1.0000000000
Latin America & Caribbean (excluding high income),2005,2006,12,0.3333333333
Other small states,2005,2006,12,0.0434782609
Grenada,2005,2006,12,0.0434782609
Zambia,2005,2006,12,0.0909090909
Rwanda,2005,2006,12,0.0434782609
Finland,2005,2006,12,0.0434782609
Guatemala,2005,2006,12,0.0434782609
Nigeria,2005,2006,12,0.1428571429
Post-demographic dividend,2005,2006,12,0.8461538462
Lesotho,2005,2006,12,0.0434782609
Spain,2005,2006,12,0.0434782609
West Bank and Gaza,2005,2006,12,0.0000000000
Least developed countries: UN classification,2005,2006,12,0.0434782609
Barbados,2005,2006,12,0.0000000000
"Middle East, North Africa, Afghanistan & Pakistan",2005,2006,12,0.1428571429
Sub-Saharan Africa (excluding high income),2005,2006,12,0.0909090909
Early-demographic dividend,2005,2006,12,0.3333333333
Botswana,2005,2006,12,0.0000000000
Bulgaria,2005,2006,12,0.0909090909
"Iran, Islamic Rep.",2005,2006,12,0.0434782609
Mozambique,2005,2006,12,0.0434782609
North America,2005,2006,12,0.5000000000
Angola,2005,2006,12,0.0000000000
Japan,2005,2006,12,0.2631578947
Liberia,2005,2006,12,0.0000000000
Northern Mariana Islands,2005,2006,12,0.0909090909
"Yemen, Rep.",2005,2006,12,0.0434782609
Liechtenstein,2005,2006,12,0.0434782609
Switzerland,2005,2006,12,0.0000000000
San Marino,2005,2006,12,0.0909090909
United Arab Emirates,2005,2006,12,0.0000000000
United Kingdom,2005,2006,12,0.2000000000
North Macedonia,2005,2006,12,0.0909090909
Malaysia,2005,2006,12,0.0000000000
Argentina,2005,2006,12,0.0909090909
Cayman Islands,2005,2006,12,0.0000000000
Singapore,2005,2006,12,0.1428571429
Virgin Islands (U.S.),2005,2006,12,0.0434782609
Eswatini,2005,2006,12,0.0434782609
Russian Federation,2005,2006,12,0.0434782609
Bolivia,2005,2006,12,0.0000000000
Myanmar,2005,2006,12,0.0434782609
Arab World,2005,2006,12,0.0434782609
Belarus,2005,2006,12,0.0909090909
Ireland,2005,2006,12,0.1428571429
Burkina Faso,2005,2006,12,0.0434782609
Georgia,2005,2006,12,0.0909090909
Ecuador,2005,2006,12,0.0909090909
Namibia,2005,2006,12,0.0000000000
Kosovo,2005,2006,12,0.0000000000
Armenia,2005,2006,12,0.0000000000
Sweden,2005,2006,12,0.2000000000
Andorra,2005,2006,12,0.0434782609
IDA & IBRD total,2005,2006,12,0.8461538462
Jordan,2005,2006,12,0.2000000000
Libya,2005,2006,12,0.0434782609
Cameroon,2005,2006,12,0.0434782609
Curacao,2005,2006,12,0.0434782609
Chile,2005,2006,12,0.1428571429
Peru,2005,2006,12,0.0434782609
Mexico,2005,2006,12,0.0000000000
Africa Eastern and Southern,2005,2006,12,0.0434782609
Central African Republic,2005,2006,12,0.0000000000
Latin America & the Caribbean (IDA & IBRD countries),2005,2006,12,0.3333333333
Canada,2005,2006,12,0.0000000000
OECD members,2005,2006,12,0.8461538462
IDA blend,2005,2006,12,0.2000000000
Norway,2005,2006,12,0.0434782609
Benin,2005,2006,12,0.0000000000
Europe & Central Asia (IDA & IBRD countries),2005,2006,12,0.0909090909
Chad,2005,2006,12,0.0909090909
Hungary,2005,2006,12,0.0000000000
Moldova,2005,2006,12,0.0000000000
Tajikistan,2005,2006,12,0.1428571429
Kiribati,2005,2006,12,0.0909090909
Central Europe and the Baltics,2005,2006,12,0.0909090909
"Middle East, North Africa, Afghanistan & Pakistan (IDA & IBRD)",2005,2006,12,0.0909090909
IDA total,2005,2006,12,0.2631578947
Guinea,2005,2006,12,0.0909090909
Iraq,2005,2006,12,0.0434782609
Netherlands,2005,2006,12,0.0000000000
Belize,2005,2006,12,0.0434782609
Algeria,2005,2006,12,0.0434782609
Saudi Arabia,2005,2006,12,0.0000000000
Guinea-Bissau,2005,2006,12,0.0000000000
Lithuania,2005,2006,12,0.0909090909
Cuba,2005,2006,12,0.0909090909
Qatar,2005,2006,12,0.0434782609
United States,2005,2006,12,0.7142857143
Papua New Guinea,2005,2006,12,0.0000000000
Serbia,2005,2006,12,0.0434782609
Heavily indebted poor countries (HIPC),2005,2006,12,0.1428571429
Indonesia,2005,2006,12,0.2000000000
Haiti,2005,2006,12,0.1428571429
Portugal,2005,2006,12,0.0434782609
Thailand,2005,2006,12,0.0000000000
Dominican Republic,2005,2006,12,0.0909090909
Nepal,2005,2006,12,0.0434782609
Cote d'Ivoire,2005,2006,12,0.0434782609
Uzbekistan,2005,2006,12,0.0434782609
"Micronesia, Fed. Sts.",2005,2006,12,0.0909090909
Paraguay,2005,2006,12,0.0909090909
Malawi,2005,2006,12,0.0434782609
Equatorial Guinea,2005,2006,12,0.0434782609
Mongolia,2005,2006,12,0.0434782609
Isle of Man,2005,2006,12,0.0000000000
Albania,2005,2006,12,0.0000000000
Italy,2005,2006,12,0.0434782609
"Egypt, Arab Rep.",2005,2006,12,0.0000000000
Low income,2005,2006,12,0.0434782609
Tunisia,2005,2006,12,0.0909090909
Uganda,2005,2006,12,0.0000000000
Azerbaijan,2005,2006,12,0.0434782609
Luxembourg,2005,2006,12,0.0000000000
"Venezuela, RB",2005,2006,12,0.1428571429
Oman,2005,2006,12,0.0434782609
Tuvalu,2005,2006,12,0.1428571429
Estonia,2005,2006,12,0.0434782609
New Caledonia,2005,2006,12,0.0434782609
Malta,2005,2006,12,0.0909090909
Honduras,2005,2006,12,0.1428571429
Bermuda,2005,2006,12,0.0000000000
India,2005,2006,12,0.2000000000
St. Vincent and the Grenadines,2005,2006,12,0.0000000000
Uruguay,2005,2006,12,0.0434782609
Sudan,2005,2006,12,0.0000000000
East Asia & Pacific (IDA & IBRD countries),2005,2006,12,0.1428571429
Kyrgyz Republic,2006,2007,12,0.0434782609
Mali,2006,2007,12,0.0000000000
IBRD only,2006,2007,12,1.0000000000
Denmark,2006,2007,12,0.1428571429
Tonga,2006,2007,12,0.0000000000
Bosnia and Herzegovina,2006,2007,12,0.0909090909
Europe & Central Asia,2006,2007,12,0.8461538462
Guam,2006,2007,12,0.0434782609
"Macao SAR, China",2006,2007,12,0.0434782609
Madagascar,2006,2007,12,0.0000000000
Ethiopia,2006,2007,12,0.0000000000
Brunei Darussalam,2006,2007,12,0.0434782609
Iceland,2006,2007,12,0.0000000000
Pacific island small states,2006,2007,12,0.0000000000
Burundi,2006,2007,12,0.0000000000
Bahrain,2006,2007,12,0.0909090909
Ghana,2006,2007,12,0.0000000000
Kazakhstan,2006,2007,12,0.0434782609
Gabon,2006,2007,12,0.1428571429
IDA only,2006,2007,12,0.0000000000
Croatia,2006,2007,12,0.0000000000
New Zealand,2006,2007,12,0.1428571429
Samoa,2006,2007,12,0.0909090909
Kenya,2006,2007,12,0.0909090909
Brazil,2006,2007,12,0.0000000000
Euro area,2006,2007,12,0.8461538462
Greece,2006,2007,12,0.0000000000
Lebanon,2006,2007,12,0.0000000000
Romania,2006,2007,12,0.0434782609
American Samoa,2006,2007,12,0.0000000000
Niger,2006,2007,12,0.0000000000
Panama,2006,2007,12,0.0434782609
Seychelles,2006,2007,12,0.0434782609
Zimbabwe,2006,2007,12,0.0000000000
Germany,2006,2007,12,0.0909090909
"Hong Kong SAR, China",2006,2007,12,0.1428571429
Sub-Saharan Africa (IDA & IBRD countries),2006,2007,12,0.0909090909
France,2006,2007,12,0.0909090909
Suriname,2006,2007,12,0.0000000000
Montenegro,2006,2007,12,0.0000000000
Poland,2006,2007,12,0.0909090909
Slovak Republic,2006,2007,12,0.0434782609
Sri Lanka,2006,2007,12,0.1428571429
"Middle East, North Africa, Afghanistan & Pakistan (excluding high income)",2006,2007,12,0.1428571429
"Congo, Dem. Rep.",2006,2007,12,0.0434782609
South Asia,2006,2007,12,0.2631578947
Trinidad and Tobago,2006,2007,12,0.0909090909
Ukraine,2006,2007,12,0.0434782609
El Salvador,2006,2007,12,0.0000000000
Fiji,2006,2007,12,0.0434782609
French Polynesia,2006,2007,12,0.0434782609
Palau,2006,2007,12,0.0000000000
Pakistan,2006,2007,12,0.0000000000
Austria,2006,2007,12,0.0434782609
Maldives,2006,2007,12,0.0000000000
South Africa,2006,2007,12,0.0000000000
Guyana,2006,2007,12,0.0000000000
Turkiye,2006,2007,12,0.0000000000
Channel Islands,2006,2007,12,0.0000000000
Aruba,2006,2007,12,0.0909090909
Solomon Islands,2006,2007,12,0.0000000000
Kuwait,2006,2007,12,0.0909090909
Marshall Islands,2006,2007,12,0.0434782609
Morocco,2006,2007,12,0.0000000000
Puerto Rico (US),2006,2007,12,0.0434782609
Philippines,2006,2007,12,0.0000000000
Syrian Arab Republic,2006,2007,12,0.1428571429
Cyprus,2006,2007,12,0.0434782609
Caribbean small states,2006,2007,12,0.0000000000
Mauritius,2006,2007,12,0.0000000000
Jamaica,2006,2007,12,0.0434782609
Lao PDR,2006,2007,12,0.0000000000
Bhutan,2006,2007,12,0.0000000000
Senegal,2006,2007,12,0.0434782609
"Somalia, Fed. Rep.",2006,2007,12,0.0909090909
"Korea, Rep.",2006,2007,12,0.0434782609
St. Lucia,2006,2007,12,0.0909090909
World,2006,2007,12,0.8461538462
Eritrea,2006,2007,12,0.0000000000
Sao Tome and Principe,2006,2007,12,0.0434782609
Monaco,2006,2007,12,0.0434782609
Turks and Caicos Islands,2006,2007,12,0.0434782609
Greenland,2006,2007,12,0.0434782609
Timor-Leste,2006,2007,12,0.0909090909
Belgium,2006,2007,12,0.0434782609
European Union,2006,2007,12,0.8461538462
Cambodia,2006,2007,12,0.0909090909
Togo,2006,2007,12,0.0434782609
Bangladesh,2006,2007,12,0.0434782609
Afghanistan,2006,2007,12,0.0434782609
Colombia,2006,2007,12,0.0434782609
"Gambia, The",2006,2007,12,0.0434782609
Faroe Islands,2006,2007,12,0.0000000000
East Asia & Pacific (excluding high income),2006,2007,12,0.0909090909
Viet Nam,2006,2007,12,0.0434782609
China,2006,2007,12,0.0909090909
Pre-demographic dividend,2006,2007,12,0.0434782609
Israel,2006,2007,12,0.0909090909
Slovenia,2006,2007,12,0.0909090909
South Asia (IDA & IBRD),2006,2007,12,0.4117647059
Djibouti,2006,2007,12,0.0909090909
High income,2006,2007,12,0.8461538462
Turkmenistan,2006,2007,12,0.0909090909
East Asia & Pacific,2006,2007,12,0.8461538462
Vanuatu,2006,2007,12,0.0000000000
Comoros,2006,2007,12,0.0000000000
Cabo Verde,2006,2007,12,0.0000000000
Dominica,2006,2007,12,0.0000000000
Mauritania,2006,2007,12,0.0000000000
Late-demographic dividend,2006,2007,12,0.8461538462
Africa Western and Central,2006,2007,12,0.0909090909
Latin America & Caribbean,2006,2007,12,0.3333333333
Lower middle income,2006,2007,12,0.2000000000
Tanzania,2006,2007,12,0.0909090909
Costa Rica,2006,2007,12,0.0434782609
"Congo, Rep.",2006,2007,12,0.0000000000
Fragile and conflict affected situations,2006,2007,12,0.2631578947
Nauru,2006,2007,12,0.0000000000
Australia,2006,2007,12,0.1428571429
Latvia,2006,2007,12,0.0909090909
St. Kitts and Nevis,2006,2007,12,0.2000000000
Czechia,2006,2007,12,0.0000000000
Small states,2006,2007,12,0.0434782609
Antigua and Barbuda,2006,2007,12,0.0434782609
Low & middle income,2006,2007,12,0.8461538462
Nicaragua,2006,2007,12,0.0434782609
Middle income,2006,2007,12,0.8461538462
"Bahamas, The",2006,2007,12,0.0434782609
Sierra Leone,2006,2007,12,0.0434782609
Sub-Saharan Africa,2006,2007,12,0.1428571429
Europe & Central Asia (excluding high income),2006,2007,12,0.0909090909
Upper middle income,2006,2007,12,1.0000000000
Latin America & Caribbean (excluding high income),2006,2007,12,0.3333333333
Other small states,2006,2007,12,0.0000000000
Grenada,2006,2007,12,0.0909090909
Zambia,2006,2007,12,0.1428571429
Rwanda,2006,2007,12,0.0000000000
Finland,2006,2007,12,0.0434782609
Guatemala,2006,2007,12,0.0000000000
Nigeria,2006,2007,12,0.0909090909
Post-demographic dividend,2006,2007,12,0.8461538462
Lesotho,2006,2007,12,0.0434782609
Spain,2006,2007,12,0.1428571429
West Bank and Gaza,2006,2007,12,0.0434782609
Least developed countries: UN classification,2006,2007,12,0.1428571429
Barbados,2006,2007,12,0.0434782609
"Middle East, North Africa, Afghanistan & Pakistan",2006,2007,12,0.0000000000
Sub-Saharan Africa (excluding high income),2006,2007,12,0.0909090909
Early-demographic dividend,2006,2007,12,0.2631578947
Botswana,2006,2007,12,0.0000000000
Bulgaria,2006,2007,12,0.0434782609
"Iran, Islamic Rep.",2006,2007,12,0.0000000000
Mozambique,2006,2007,12,0.0000000000
North America,2006,2007,12,0.6000000000
Angola,2006,2007,12,0.0434782609
Japan,2006,2007,12,0.2000000000
Liberia,2006,2007,12,0.0909090909
Northern Mariana Islands,2006,2007,12,0.0909090909
"Yemen, Rep.",2006,2007,12,0.0909090909
Liechtenstein,2006,2007,12,0.0000000000
Switzerland,2006,2007,12,0.0000000000
San Marino,2006,2007,12,0.0000000000
United Arab Emirates,2006,2007,12,0.0000000000
United Kingdom,2006,2007,12,0.2000000000
North Macedonia,2006,2007,12,0.0434782609
Malaysia,2006,2007,12,0.0000000000
Argentina,2006,2007,12,0.0909090909
Cayman Islands,2006,2007,12,0.0000000000
Singapore,2006,2007,12,0.0909090909
Virgin Islands (U.S.),2006,2007,12,0.0909090909
Eswatini,2006,2007,12,0.0000000000
Russian Federation,2006,2007,12,0.0909090909
Bolivia,2006,2007,12,0.0000000000
Myanmar,2006,2007,12,0.0000000000
Arab World,2006,2007,12,0.0434782609
Belarus,2006,2007,12,0.0434782609
Ireland,2006,2007,12,0.0000000000
Burkina Faso,2006,2007,12,0.0000000000
Georgia,2006,2007,12,0.0434782609
Ecuador,2006,2007,12,0.0000000000
Namibia,2006,2007,12,0.0434782609
Kosovo,2006,2007,12,0.2000000000
Armenia,2006,2007,12,0.0000000000
Sweden,2006,2007,12,0.0909090909
Andorra,2006,2007,12,0.0434782609
IDA & IBRD total,2006,2007,12,0.8461538462
Jordan,2006,2007,12,0.1428571429
Libya,2006,2007,12,0.0909090909
Cameroon,2006,2007,12,0.0000000000
Curacao,2006,2007,12,0.0434782609
Chile,2006,2007,12,0.0000000000
Peru,2006,2007,12,0.0434782609
Mexico,2006,2007,12,0.0000000000
Africa Eastern and Southern,2006,2007,12,0.0909090909
Central African Republic,2006,2007,12,0.0434782609
Latin America & the Caribbean (IDA & IBRD countries),2006,2007,12,0.3333333333
Canada,2006,2007,12,0.0434782609
OECD members,2006,2007,12,0.8461538462
IDA blend,2006,2007,12,0.0909090909
Norway,2006,2007,12,0.1428571429
Benin,2006,2007,12,0.0000000000
Europe & Central Asia (IDA & IBRD countries),2006,2007,12,0.0909090909
Chad,2006,2007,12,0.0909090909
Hungary,2006,2007,12,0.0909090909
Moldova,2006,2007,12,0.0000000000
Tajikistan,2006,2007,12,0.0909090909
Kiribati,2006,2007,12,0.0000000000
Central Europe and the Baltics,2006,2007,12,0.0909090909
"Middle East, North Africa, Afghanistan & Pakistan (IDA & IBRD)",2006,2007,12,0.2000000000
IDA total,2006,2007,12,0.2000000000
Guinea,2006,2007,12,0.0000000000
Iraq,2006,2007,12,0.0000000000
Netherlands,2006,2007,12,0.0000000000
Belize,2006,2007,12,0.0434782609
Algeria,2006,2007,12,0.0434782609
Saudi Arabia,2006,2007,12,0.0434782609
Guinea-Bissau,2006,2007,12,0.0434782609
Lithuania,2006,2007,12,0.0434782609
Cuba,2006,2007,12,0.0434782609
Qatar,2006,2007,12,0.0434782609
United States,2006,2007,12,0.4117647059
Papua New Guinea,2006,2007,12,0.0434782609
Serbia,2006,2007,12,0.0434782609
Heavily indebted poor countries (HIPC),2006,2007,12,0.0434782609
Indonesia,2006,2007,12,0.2000000000
Haiti,2006,2007,12,0.0000000000
Portugal,2006,2007,12,0.0909090909
Thailand,2006,2007,12,0.0000000000
Dominican Republic,2006,2007,12,0.0000000000
Nepal,2006,2007,12,0.0434782609
Cote d'Ivoire,2006,2007,12,0.0434782609
Uzbekistan,2006,2007,12,0.0000000000
"Micronesia, Fed. Sts.",2006,2007,12,0.0434782609
Paraguay,2006,2007,12,0.0000000000
Malawi,2006,2007,12,0.0000000000
Equatorial Guinea,2006,2007,12,0.0434782609
Mongolia,2006,2007,12,0.0909090909
Isle of Man,2006,2007,12,0.0000000000
Albania,2006,2007,12,0.0434782609
Italy,2006,2007,12,0.0909090909
"Egypt, Arab Rep.",2006,2007,12,0.0434782609
Low income,2006,2007,12,0.0909090909
Tunisia,2006,2007,12,0.0434782609
Uganda,2006,2007,12,0.0434782609
Azerbaijan,2006,2007,12,0.0000000000
Luxembourg,2006,2007,12,0.0909090909
"Venezuela, RB",2006,2007,12,0.0909090909
Oman,2006,2007,12,0.0909090909
Tuvalu,2006,2007,12,0.0000000000
Estonia,2006,2007,12,0.0000000000
New Caledonia,2006,2007,12,0.0434782609
Malta,2006,2007,12,0.0000000000
Honduras,2006,2007,12,0.0909090909
Bermuda,2006,2007,12,0.0000000000
India,2006,2007,12,0.4117647059
St. Vincent and the Grenadines,2006,2007,12,0.0000000000
Uruguay,2006,2007,12,0.0000000000
Sudan,2006,2007,12,0.0000000000
East Asia & Pacific (IDA & IBRD countries),2006,2007,12,0.0909090909
Kyrgyz Republic,2007,2008,12,0.0909090909
Mali,2007,2008,12,0.0000000000
IBRD only,2007,2008,12,0.8461538462
Denmark,2007,2008,12,0.0909090909
Tonga,2007,2008,12,0.0434782609
Bosnia and Herzegovina,2007,2008,12,0.1428571429
Europe & Central Asia,2007,2008,12,1.0000000000
Guam,2007,2008,12,0.0000000000
"Macao SAR, China",2007,2008,12,0.0434782609
Madagascar,2007,2008,12,0.0000000000
Ethiopia,2007,2008,12,0.2631578947
Brunei Darussalam,2007,2008,12,0.0909090909
Iceland,2007,2008,12,0.0434782609
Pacific island small states,2007,2008,12,0.0434782609
Burundi,2007,2008,12,0.0909090909
Bahrain,2007,2008,12,0.0000000000
Ghana,2007,2008,12,0.0434782609
Kazakhstan,2007,2008,12,0.0000000000
Gabon,2007,2008,12,0.0000000000
IDA only,2007,2008,12,0.2631578947
Croatia,2007,2008,12,0.0909090909
New Zealand,2007,2008,12,0.0909090909
Samoa,2007,2008,12,0.0434782609
Kenya,2007,2008,12,0.0000000000
Brazil,2007,2008,12,0.0909090909
Euro area,2007,2008,12,0.7142857143
Greece,2007,2008,12,0.2631578947
Lebanon,2007,2008,12,0.0000000000
Romania,2007,2008,12,0.0000000000
American Samoa,2007,2008,12,0.0000000000
Niger,2007,2008,12,0.0000000000
Panama,2007,2008,12,0.1428571429
Seychelles,2007,2008,12,0.0000000000
Zimbabwe,2007,2008,12,0.0434782609
Germany,2007,2008,12,0.1428571429
"Hong Kong SAR, China",2007,2008,12,0.0000000000
Sub-Saharan Africa (IDA & IBRD countries),2007,2008,12,0.0909090909
France,2007,2008,12,0.2631578947
Suriname,2007,2008,12,0.0909090909
Montenegro,2007,2008,12,0.1428571429
Poland,2007,2008,12,0.0434782609
Slovak Republic,2007,2008,12,0.0434782609
Sri Lanka,2007,2008,12,0.0434782609
"Middle East, North Africa, Afghanistan & Pakistan (excluding high income)",2007,2008,12,0.1428571429
"Congo, Dem. Rep.",2007,2008,12,0.0434782609
South Asia,2007,2008,12,0.4117647059
Trinidad and Tobago,2007,2008,12,0.0909090909
Ukraine,2007,2008,12,0.0000000000
El Salvador,2007,2008,12,0.0000000000
Fiji,2007,2008,12,0.0434782609
French Polynesia,2007,2008,12,0.0000000000
Palau,2007,2008,12,0.0909090909
Pakistan,2007,2008,12,0.0909090909
Austria,2007,2008,12,0.0434782609
Maldives,2007,2008,12,0.0909090909
South Africa,2007,2008,12,0.0000000000
Guyana,2007,2008,12,0.0000000000
Turkiye,2007,2008,12,0.0000000000
Aruba,2007,2008,12,0.0000000000
Solomon Islands,2007,2008,12,0.0434782609
Kuwait,2007,2008,12,0.0000000000
Marshall Islands,2007,2008,12,0.0434782609
Morocco,2007,2008,12,0.0000000000
Puerto Rico (US),2007,2008,12,0.0909090909
Philippines,2007,2008,12,0.0000000000
Syrian Arab Republic,2007,2008,12,0.0434782609
Cyprus,2007,2008,12,0.0434782609
Caribbean small states,2007,2008,12,0.0909090909
Mauritius,2007,2008,12,0.0434782609
Jamaica,2007,2008,12,0.0434782609
Lao PDR,2007,2008,12,0.0434782609
Bhutan,2007,2008,12,0.0909090909
Senegal,2007,2008,12,0.0000000000
"Somalia, Fed. Rep.",2007,2008,12,0.1428571429
"Korea, Rep.",2007,2008,12,0.0434782609
St. Lucia,2007,2008,12,0.0434782609
World,2007,2008,12,0.7142857143
Eritrea,2007,2008,12,0.0909090909
Sao Tome and Principe,2007,2008,12,0.0909090909
Monaco,2007,2008,12,0.0000000000
Turks and Caicos Islands,2007,2008,12,0.0000000000
Greenland,2007,2008,12,0.0000000000
Timor-Leste,2007,2008,12,0.0000000000
Belgium,2007,2008,12,0.0434782609
European Union,2007,2008,12,0.7142857143
Cambodia,2007,2008,12,0.0909090909
Togo,2007,2008,12,0.0000000000
Bangladesh,2007,2008,12,0.0434782609
Afghanistan,2007,2008,12,0.0000000000
Colombia,2007,2008,12,0.0000000000
"Gambia, The",2007,2008,12,0.0909090909
Faroe Islands,2007,2008,12,0.0909090909
East Asia & Pacific (excluding high income),2007,2008,12,0.5000000000
Viet Nam,2007,2008,12,0.0000000000
China,2007,2008,12,0.2000000000
Pre-demographic dividend,2007,2008,12,0.2000000000
Israel,2007,2008,12,0.0000000000
Slovenia,2007,2008,12,0.0434782609
South Asia (IDA & IBRD),2007,2008,12,0.2631578947
Djibouti,2007,2008,12,0.0909090909
High income,2007,2008,12,1.0000000000
Turkmenistan,2007,2008,12,0.2000000000
East Asia & Pacific,2007,2008,12,0.8461538462
Vanuatu,2007,2008,12,0.0434782609
Comoros,2007,2008,12,0.0434782609
Cabo Verde,2007,2008,12,0.0000000000
Dominica,2007,2008,12,0.0000000000
Mauritania,2007,2008,12,0.0000000000
Late-demographic dividend,2007,2008,12,0.8461538462
Africa Western and Central,2007,2008,12,0.0909090909
Latin America & Caribbean,2007,2008,12,0.5000000000
Lower middle income,2007,2008,12,0.6000000000
Tanzania,2007,2008,12,0.0000000000
Costa Rica,2007,2008,12,0.0434782609
"Congo, Rep.",2007,2008,12,0.0000000000
Fragile and conflict affected situations,2007,2008,12,0.3333333333
Nauru,2007,2008,12,0.2000000000
Australia,2007,2008,12,0.0434782609
Latvia,2007,2008,12,0.0000000000
St. Kitts and Nevis,2007,2008,12,0.0000000000
Czechia,2007,2008,12,0.0434782609
Small states,2007,2008,12,0.0909090909
Antigua and Barbuda,2007,2008,12,0.0000000000
Low & middle income,2007,2008,12,0.8461538462
Nicaragua,2007,2008,12,0.0909090909
Middle income,2007,2008,12,0.8461538462
"Bahamas, The",2007,2008,12,0.0434782609
Sierra Leone,2007,2008,12,0.1428571429
Sub-Saharan Africa,2007,2008,12,0.0909090909
Europe & Central Asia (excluding high income),2007,2008,12,0.0000000000
Upper middle income,2007,2008,12,1.0000000000
Latin America & Caribbean (excluding high income),2007,2008,12,0.5000000000
Other small states,2007,2008,12,0.0000000000
Grenada,2007,2008,12,0.0434782609
Zambia,2007,2008,12,0.0434782609
Rwanda,2007,2008,12,0.0000000000
Finland,2007,2008,12,0.0000000000
Guatemala,2007,2008,12,0.0434782609
Nigeria,2007,2008,12,0.0434782609
Post-demographic dividend,2007,2008,12,0.8461538462
Lesotho,2007,2008,12,0.0909090909
Spain,2007,2008,12,0.0000000000
West Bank and Gaza,2007,2008,12,0.0000000000
Least developed countries: UN classification,2007,2008,12,0.0434782609
Barbados,2007,2008,12,0.0909090909
"Middle East, North Africa, Afghanistan & Pakistan",2007,2008,12,0.0434782609
Sub-Saharan Africa (excluding high income),2007,2008,12,0.1428571429
Early-demographic dividend,2007,2008,12,0.6000000000
Botswana,2007,2008,12,0.0909090909
Bulgaria,2007,2008,12,0.2000000000
"Iran, Islamic Rep.",2007,2008,12,0.0434782609
Mozambique,2007,2008,12,0.0434782609
North America,2007,2008,12,0.8461538462
Angola,2007,2008,12,0.1428571429
Japan,2007,2008,12,0.2000000000
Liberia,2007,2008,12,0.0434782609
Northern Mariana Islands,2007,2008,12,0.0434782609
"Yemen, Rep.",2007,2008,12,0.0434782609
Liechtenstein,2007,2008,12,0.0000000000
Switzerland,2007,2008,12,0.0434782609
San Marino,2007,2008,12,0.0000000000
United Arab Emirates,2007,2008,12,0.0434782609
United Kingdom,2007,2008,12,0.2000000000
North Macedonia,2007,2008,12,0.0000000000
Malaysia,2007,2008,12,0.0909090909
Argentina,2007,2008,12,0.0000000000
Cayman Islands,2007,2008,12,0.0000000000
Singapore,2007,2008,12,0.0000000000
Virgin Islands (U.S.),2007,2008,12,0.0434782609
Eswatini,2007,2008,12,0.1428571429
Russian Federation,2007,2008,12,0.0000000000
Bolivia,2007,2008,12,0.0000000000
Myanmar,2007,2008,12,0.0909090909
Arab World,2007,2008,12,0.0000000000
Belarus,2007,2008,12,0.0000000000
Ireland,2007,2008,12,0.0000000000
Burkina Faso,2007,2008,12,0.0909090909
Georgia,2007,2008,12,0.0000000000
Ecuador,2007,2008,12,0.0000000000
Namibia,2007,2008,12,0.0000000000
Kosovo,2007,2008,12,0.0000000000
Armenia,2007,2008,12,0.0434782609
Sweden,2007,2008,12,0.0434782609
Andorra,2007,2008,12,0.0434782609
IDA & IBRD total,2007,2008,12,0.8461538462
Jordan,2007,2008,12,0.1428571429
Libya,2007,2008,12,0.0434782609
Cameroon,2007,2008,12,0.0909090909
Curacao,2007,2008,12,0.0434782609
Chile,2007,2008,12,0.0434782609
Peru,2007,2008,12,0.0909090909
Mexico,2007,2008,12,0.0000000000
Africa Eastern and Southern,2007,2008,12,0.0434782609
Central African Republic,2007,2008,12,0.1428571429
Latin America & the Caribbean (IDA & IBRD countries),2007,2008,12,0.5000000000
Canada,2007,2008,12,0.0000000000
OECD members,2007,2008,12,0.8461538462
IDA blend,2007,2008,12,0.1428571429
Norway,2007,2008,12,0.0909090909
Benin,2007,2008,12,0.0000000000
Europe & Central Asia (IDA & IBRD countries),2007,2008,12,0.4117647059
Chad,2007,2008,12,0.0909090909
Hungary,2007,2008,12,0.0434782609
Moldova,2007,2008,12,0.0000000000
Tajikistan,2007,2008,12,0.0434782609
Kiribati,2007,2008,12,0.1428571429
Central Europe and the Baltics,2007,2008,12,0.0000000000
"Middle East, North Africa, Afghanistan & Pakistan (IDA & IBRD)",2007,2008,12,0.2000000000
IDA total,2007,2008,12,0.2000000000
Guinea,2007,2008,12,0.0000000000
Iraq,2007,2008,12,0.0000000000
Netherlands,2007,2008,12,0.0000000000
Belize,2007,2008,12,0.0909090909
Algeria,2007,2008,12,0.0909090909
Saudi Arabia,2007,2008,12,0.0000000000
Guinea-Bissau,2007,2008,12,0.0909090909
Lithuania,2007,2008,12,0.0434782609
Cuba,2007,2008,12,0.0000000000
Qatar,2007,2008,12,0.1428571429
United States,2007,2008,12,0.6000000000
Papua New Guinea,2007,2008,12,0.0434782609
Serbia,2007,2008,12,0.0434782609
Heavily indebted poor countries (HIPC),2007,2008,12,0.0434782609
Indonesia,2007,2008,12,0.1428571429
Haiti,2007,2008,12,0.0909090909
Portugal,2007,2008,12,0.0434782609
Thailand,2007,2008,12,0.0434782609
Dominican Republic,2007,2008,12,0.0000000000
Nepal,2007,2008,12,0.0909090909
Cote d'Ivoire,2007,2008,12,0.0000000000
Uzbekistan,2007,2008,12,0.0000000000
"Micronesia, Fed. Sts.",2007,2008,12,0.0434782609
Paraguay,2007,2008,12,0.0000000000
Malawi,2007,2008,12,0.0434782609
Equatorial Guinea,2007,2008,12,0.2000000000
Mongolia,2007,2008,12,0.1428571429
Isle of Man,2007,2008,12,0.0434782609
Albania,2007,2008,12,0.0909090909
Italy,2007,2008,12,0.2000000000
"Egypt, Arab Rep.",2007,2008,12,0.0434782609
Low income,2007,2008,12,0.2000000000
Tunisia,2007,2008,12,0.0909090909
Uganda,2007,2008,12,0.0434782609
Azerbaijan,2007,2008,12,0.0434782609
Luxembourg,2007,2008,12,0.0000000000
"Venezuela, RB",2007,2008,12,0.0000000000
Oman,2007,2008,12,0.0434782609
Tuvalu,2007,2008,12,0.0434782609
Estonia,2007,2008,12,0.0000000000
New Caledonia,2007,2008,12,0.0000000000
Malta,2007,2008,12,0.0434782609
Honduras,2007,2008,12,0.0000000000
Bermuda,2007,2008,12,0.0909090909
India,2007,2008,12,0.3333333333
St. Vincent and the Grenadines,2007,2008,12,0.0000000000
Uruguay,2007,2008,12,0.0000000000
Sudan,2007,2008,12,0.0434782609
East Asia & Pacific (IDA & IBRD countries),2007,2008,12,0.5000000000
Kyrgyz Republic,2008,2009,12,0.0000000000
Mali,2008,2009,12,0.0434782609
IBRD only,2008,2009,12,0.8461538462
Denmark,2008,2009,12,0.0434782609
Tonga,2008,2009,12,0.0000000000
Bosnia and Herzegovina,2008,2009,12,0.0909090909
Europe & Central Asia,2008,2009,12,0.8461538462
Guam,2008,2009,12,0.0434782609
"Macao SAR, China",2008,2009,12,0.0000000000
Madagascar,2008,2009,12,0.0434782609
Ethiopia,2008,2009,12,0.1428571429
Brunei Darussalam,2008,2009,12,0.0000000000
Iceland,2008,2009,12,0.0434782609
Pacific island small states,2008,2009,12,0.0000000000
Burundi,2008,2009,12,0.0000000000
Bahrain,2008,2009,12,0.0000000000
Ghana,2008,2009,12,0.0000000000
Kazakhstan,2008,2009,12,0.0909090909
Gabon,2008,2009,12,0.0434782609
IDA only,2008,2009,12,0.2000000000
Croatia,2008,2009,12,0.0000000000
New Zealand,2008,2009,12,0.0000000000
Samoa,2008,2009,12,0.0434782609
Kenya,2008,2009,12,0.0000000000
Brazil,2008,2009,12,0.0434782609
Euro area,2008,2009,12,0.6000000000
Greece,2008,2009,12,0.2631578947
Lebanon,2008,2009,12,0.0909090909
Romania,2008,2009,12,0.0000000000
American Samoa,2008,2009,12,0.0000000000
Niger,2008,2009,12,0.0434782609
Panama,2008,2009,12,0.0434782609
Seychelles,2008,2009,12,0.0909090909
Zimbabwe,2008,2009,12,0.0909090909
Germany,2008,2009,12,0.2000000000
"Hong Kong SAR, China",2008,2009,12,0.0909090909
Sub-Saharan Africa (IDA & IBRD countries),2008,2009,12,0.2631578947
France,2008,2009,12,0.2631578947
Suriname,2008,2009,12,0.0000000000
Montenegro,2008,2009,12,0.0000000000
Poland,2008,2009,12,0.2631578947
Slovak Republic,2008,2009,12,0.0000000000
Sri Lanka,2008,2009,12,0.1428571429
"Middle East, North Africa, Afghanistan & Pakistan (excluding high income)",2008,2009,12,0.0909090909
"Congo, Dem. Rep.",2008,2009,12,0.0434782609
South Asia,2008,2009,12,0.1428571429
Trinidad and Tobago,2008,2009,12,0.0434782609
Ukraine,2008,2009,12,0.0000000000
El Salvador,2008,2009,12,0.0000000000
Fiji,2008,2009,12,0.0434782609
French Polynesia,2008,2009,12,0.4117647059
Palau,2008,2009,12,0.0000000000
Pakistan,2008,2009,12,0.0434782609
Austria,2008,2009,12,0.0434782609
Maldives,2008,2009,12,0.0000000000
South Africa,2008,2009,12,0.0000000000
Guyana,2008,2009,12,0.0434782609
Turkiye,2008,2009,12,0.0909090909
Aruba,2008,2009,12,0.0434782609
Solomon Islands,2008,2009,12,0.2000000000
Kuwait,2008,2009,12,0.0000000000
Marshall Islands,2008,2009,12,0.0000000000
Morocco,2008,2009,12,0.1428571429
Puerto Rico (US),2008,2009,12,0.0000000000
Philippines,2008,2009,12,0.1428571429
Syrian Arab Republic,2008,2009,12,0.0909090909
Cyprus,2008,2009,12,0.0000000000
Caribbean small states,2008,2009,12,0.0434782609
Mauritius,2008,2009,12,0.0000000000
Jamaica,2008,2009,12,0.0434782609
Lao PDR,2008,2009,12,0.0434782609
Bhutan,2008,2009,12,0.0434782609
Senegal,2008,2009,12,0.0000000000
"Somalia, Fed. Rep.",2008,2009,12,0.0434782609
"Korea, Rep.",2008,2009,12,0.0434782609
St. Lucia,2008,2009,12,0.0434782609
World,2008,2009,12,0.8461538462
Eritrea,2008,2009,12,0.0434782609
Sao Tome and Principe,2008,2009,12,0.1428571429
Monaco,2008,2009,12,0.0000000000
Turks and Caicos Islands,2008,2009,12,0.0000000000
Greenland,2008,2009,12,0.0909090909
Timor-Leste,2008,2009,12,0.0909090909
Belgium,2008,2009,12,0.0434782609
European Union,2008,2009,12,0.8461538462
Cambodia,2008,2009,12,0.0909090909
Togo,2008,2009,12,0.0909090909
Bangladesh,2008,2009,12,0.0000000000
Afghanistan,2008,2009,12,0.0000000000
Colombia,2008,2009,12,0.0434782609
"Gambia, The",2008,2009,12,0.0434782609
Faroe Islands,2008,2009,12,0.0000000000
East Asia & Pacific (excluding high income),2008,2009,12,0.0909090909
Viet Nam,2008,2009,12,0.0000000000
China,2008,2009,12,0.0909090909
Pre-demographic dividend,2008,2009,12,0.1428571429
Israel,2008,2009,12,0.0434782609
Slovenia,2008,2009,12,0.0434782609
South Asia (IDA & IBRD),2008,2009,12,0.1428571429
Djibouti,2008,2009,12,0.0000000000
High income,2008,2009,12,1.0000000000
Turkmenistan,2008,2009,12,0.0434782609
East Asia & Pacific,2008,2009,12,0.7142857143
Vanuatu,2008,2009,12,0.0000000000
Comoros,2008,2009,12,0.0434782609
Cabo Verde,2008,2009,12,0.0434782609
Dominica,2008,2009,12,0.0434782609
Mauritania,2008,2009,12,0.0000000000
Late-demographic dividend,2008,2009,12,0.8461538462
South Sudan,2008,2009,12,0.0434782609
Africa Western and Central,2008,2009,12,0.0000000000
Latin America & Caribbean,2008,2009,12,0.2000000000
Lower middle income,2008,2009,12,0.1428571429
Tanzania,2008,2009,12,0.0434782609
Costa Rica,2008,2009,12,0.0000000000
"Congo, Rep.",2008,2009,12,0.0000000000
Fragile and conflict affected situations,2008,2009,12,0.0909090909
Nauru,2008,2009,12,0.0000000000
Australia,2008,2009,12,0.0000000000
Latvia,2008,2009,12,0.0434782609
St. Kitts and Nevis,2008,2009,12,0.0000000000
Czechia,2008,2009,12,0.0434782609
Small states,2008,2009,12,0.0434782609
Antigua and Barbuda,2008,2009,12,0.0434782609
Low & middle income,2008,2009,12,0.8461538462
Nicaragua,2008,2009,12,0.0909090909
Middle income,2008,2009,12,0.8461538462
"Bahamas, The",2008,2009,12,0.0000000000
Sierra Leone,2008,2009,12,0.2000000000
Sub-Saharan Africa,2008,2009,12,0.2631578947
Europe & Central Asia (excluding high income),2008,2009,12,0.0000000000
Upper middle income,2008,2009,12,0.8461538462
Latin America & Caribbean (excluding high income),2008,2009,12,0.2000000000
Other small states,2008,2009,12,0.1428571429
Grenada,2008,2009,12,0.1428571429
Zambia,2008,2009,12,0.0000000000
Rwanda,2008,2009,12,0.0000000000
Finland,2008,2009,12,0.0434782609
Guatemala,2008,2009,12,0.0909090909
Nigeria,2008,2009,12,0.0000000000
Post-demographic dividend,2008,2009,12,1.0000000000
Lesotho,2008,2009,12,0.0000000000
Spain,2008,2009,12,0.2631578947
West Bank and Gaza,2008,2009,12,0.0434782609
Least developed countries: UN classification,2008,2009,12,0.0434782609
Barbados,2008,2009,12,0.0434782609
"Middle East, North Africa, Afghanistan & Pakistan",2008,2009,12,0.2000000000
Sub-Saharan Africa (excluding high income),2008,2009,12,0.2631578947
Early-demographic dividend,2008,2009,12,0.2000000000
Botswana,2008,2009,12,0.0909090909
Bulgaria,2008,2009,12,0.0909090909
"Iran, Islamic Rep.",2008,2009,12,0.0000000000
Mozambique,2008,2009,12,0.0434782609
North America,2008,2009,12,0.8461538462
Angola,2008,2009,12,0.0909090909
Japan,2008,2009,12,0.3333333333
Liberia,2008,2009,12,0.0000000000
Northern Mariana Islands,2008,2009,12,0.0434782609
"Yemen, Rep.",2008,2009,12,0.0000000000
Liechtenstein,2008,2009,12,0.0434782609
Switzerland,2008,2009,12,0.0434782609
San Marino,2008,2009,12,0.0434782609
United Arab Emirates,2008,2009,12,0.0909090909
United Kingdom,2008,2009,12,0.4117647059
North Macedonia,2008,2009,12,0.0434782609
Malaysia,2008,2009,12,0.0000000000
Argentina,2008,2009,12,0.0000000000
Cayman Islands,2008,2009,12,0.0909090909
Singapore,2008,2009,12,0.0434782609
Virgin Islands (U.S.),2008,2009,12,0.0434782609
Eswatini,2008,2009,12,0.0000000000
Russian Federation,2008,2009,12,0.0434782609
Bolivia,2008,2009,12,0.0434782609
Myanmar,2008,2009,12,0.0909090909
Arab World,2008,2009,12,0.0000000000
Belarus,2008,2009,12,0.0909090909
Ireland,2008,2009,12,0.0909090909
Burkina Faso,2008,2009,12,0.0000000000
Georgia,2008,2009,12,0.0000000000
Ecuador,2008,2009,12,0.0000000000
Namibia,2008,2009,12,0.0000000000
Kosovo,2008,2009,12,0.0434782609
Armenia,2008,2009,12,0.0000000000
Sweden,2008,2009,12,0.0000000000
Andorra,2008,2009,12,0.0000000000
IDA & IBRD total,2008,2009,12,0.8461538462
Jordan,2008,2009,12,0.0000000000
Libya,2008,2009,12,0.2000000000
Cameroon,2008,2009,12,0.0434782609
Curacao,2008,2009,12,0.0434782609
Chile,2008,2009,12,0.0434782609
Peru,2008,2009,12,0.0000000000
Mexico,2008,2009,12,0.0000000000
Africa Eastern and Southern,2008,2009,12,0.0909090909
Central African Republic,2008,2009,12,0.0000000000
Latin America & the Caribbean (IDA & IBRD countries),2008,2009,12,0.2000000000
Canada,2008,2009,12,0.0000000000
OECD members,2008,2009,12,1.0000000000
IDA blend,2008,2009,12,0.2000000000
Norway,2008,2009,12,0.0909090909
Benin,2008,2009,12,0.2000000000
Europe & Central Asia (IDA & IBRD countries),2008,2009,12,0.0434782609
Chad,2008,2009,12,0.0434782609
Hungary,2008,2009,12,0.0434782609
Moldova,2008,2009,12,0.0000000000
Tajikistan,2008,2009,12,0.0434782609
Kiribati,2008,2009,12,0.0000000000
Central Europe and the Baltics,2008,2009,12,0.0434782609
"Middle East, North Africa, Afghanistan & Pakistan (IDA & IBRD)",2008,2009,12,0.0909090909
IDA total,2008,2009,12,0.1428571429
Guinea,2008,2009,12,0.0434782609
Iraq,2008,2009,12,0.0434782609
Netherlands,2008,2009,12,0.1428571429
Belize,2008,2009,12,0.0000000000
Algeria,2008,2009,12,0.0434782609
Saudi Arabia,2008,2009,12,0.0000000000
Guinea-Bissau,2008,2009,12,0.2000000000
Lithuania,2008,2009,12,0.0434782609
Cuba,2008,2009,12,0.1428571429
Qatar,2008,2009,12,0.2000000000
United States,2008,2009,12,0.8461538462
Papua New Guinea,2008,2009,12,0.0000000000
Serbia,2008,2009,12,0.0000000000
Heavily indebted poor countries (HIPC),2008,2009,12,0.1428571429
Indonesia,2008,2009,12,0.0000000000
Haiti,2008,2009,12,0.0434782609
Portugal,2008,2009,12,0.0000000000
Thailand,2008,2009,12,0.0434782609
Dominican Republic,2008,2009,12,0.1428571429
Nepal,2008,2009,12,0.0909090909
Cote d'Ivoire,2008,2009,12,0.0434782609
Uzbekistan,2008,2009,12,0.0434782609
"Micronesia, Fed. Sts.",2008,2009,12,0.0000000000
Paraguay,2008,2009,12,0.0434782609
Malawi,2008,2009,12,0.0434782609
Equatorial Guinea,2008,2009,12,0.0909090909
Mongolia,2008,2009,12,0.0434782609
Isle of Man,2008,2009,12,0.0909090909
Albania,2008,2009,12,0.0000000000
Italy,2008,2009,12,0.2000000000
"Egypt, Arab Rep.",2008,2009,12,0.0434782609
Low income,2008,2009,12,0.0000000000
Tunisia,2008,2009,12,0.2631578947
Uganda,2008,2009,12,0.0434782609
Azerbaijan,2008,2009,12,0.0434782609
Luxembourg,2008,2009,12,0.0000000000
"Venezuela, RB",2008,2009,12,0.0000000000
Oman,2008,2009,12,0.0000000000
Tuvalu,2008,2009,12,0.0000000000
Estonia,2008,2009,12,0.0434782609
New Caledonia,2008,2009,12,0.0000000000
Malta,2008,2009,12,0.0909090909
Honduras,2008,2009,12,0.0434782609
Bermuda,2008,2009,12,0.0434782609
India,2008,2009,12,0.1428571429
St. Vincent and the Grenadines,2008,2009,12,0.0000000000
Uruguay,2008,2009,12,0.0434782609
Sudan,2008,2009,12,0.0000000000
East Asia & Pacific (IDA & IBRD countries),2008,2009,12,0.0909090909
Kyrgyz Republic,2009,2010,12,0.0000000000
Mali,2009,2010,12,0.1428571429
IBRD only,2009,2010,12,1.0000000000
Denmark,2009,2010,12,0.0000000000
Tonga,2009,2010,12,0.0434782609
Bosnia and Herzegovina,2009,2010,12,0.0434782609
Europe & Central Asia,2009,2010,12,0.7142857143
Guam,2009,2010,12,0.0434782609
"Macao SAR, China",2009,2010,12,0.0000000000
Madagascar,2009,2010,12,0.0434782609
Ethiopia,2009,2010,12,0.2000000000
Brunei Darussalam,2009,2010,12,0.0434782609
Iceland,2009,2010,12,0.0434782609
Pacific island small states,2009,2010,12,0.0000000000
Burundi,2009,2010,12,0.0000000000
Bahrain,2009,2010,12,0.0000000000
Ghana,2009,2010,12,0.0909090909
Kazakhstan,2009,2010,12,0.0000000000
Gabon,2009,2010,12,0.0000000000
IDA only,2009,2010,12,0.3333333333
Croatia,2009,2010,12,0.0434782609
New Zealand,2009,2010,12,0.0909090909
Samoa,2009,2010,12,0.0434782609
Kenya,2009,2010,12,0.0909090909
Brazil,2009,2010,12,0.0000000000
Euro area,2009,2010,12,0.6000000000
Greece,2009,2010,12,0.2000000000
Lebanon,2009,2010,12,0.0000000000
Romania,2009,2010,12,0.0434782609
American Samoa,2009,2010,12,0.0000000000
Niger,2009,2010,12,0.0909090909
Panama,2009,2010,12,0.1428571429
Seychelles,2009,2010,12,0.0434782609
Zimbabwe,2009,2010,12,0.2000000000
Germany,2009,2010,12,0.1428571429
"Hong Kong SAR, China",2009,2010,12,0.0000000000
Sub-Saharan Africa (IDA & IBRD countries),2009,2010,12,0.1428571429
France,2009,2010,12,0.0000000000
Suriname,2009,2010,12,0.1428571429
Montenegro,2009,2010,12,0.0000000000
Poland,2009,2010,12,0.0434782609
Slovak Republic,2009,2010,12,0.0434782609
Sri Lanka,2009,2010,12,0.0434782609
"Middle East, North Africa, Afghanistan & Pakistan (excluding high income)",2009,2010,12,0.1428571429
"Congo, Dem. Rep.",2009,2010,12,0.0434782609
South Asia,2009,2010,12,0.1428571429
Trinidad and Tobago,2009,2010,12,0.0000000000
Ukraine,2009,2010,12,0.0000000000
El Salvador,2009,2010,12,0.0000000000
Fiji,2009,2010,12,0.0909090909
French Polynesia,2009,2010,12,0.1428571429
Palau,2009,2010,12,0.0909090909
Pakistan,2009,2010,12,0.0000000000
Austria,2009,2010,12,0.0000000000
Maldives,2009,2010,12,0.0000000000
South Africa,2009,2010,12,0.0000000000
Guyana,2009,2010,12,0.0434782609
Turkiye,2009,2010,12,0.0434782609
Channel Islands,2009,2010,12,0.0000000000
Aruba,2009,2010,12,0.0909090909
Solomon Islands,2009,2010,12,0.0909090909
Kuwait,2009,2010,12,0.0909090909
Marshall Islands,2009,2010,12,0.0000000000
Morocco,2009,2010,12,0.0000000000
Puerto Rico (US),2009,2010,12,0.0434782609
Philippines,2009,2010,12,0.0434782609
Syrian Arab Republic,2009,2010,12,0.0909090909
Cyprus,2009,2010,12,0.0000000000
Caribbean small states,2009,2010,12,0.0000000000
Mauritius,2009,2010,12,0.0909090909
Jamaica,2009,2010,12,0.0909090909
Lao PDR,2009,2010,12,0.0434782609
Bhutan,2009,2010,12,0.0434782609
Senegal,2009,2010,12,0.0434782609
"Somalia, Fed. Rep.",2009,2010,12,0.1428571429
"Korea, Rep.",2009,2010,12,0.0000000000
St. Lucia,2009,2010,12,0.0434782609
World,2009,2010,12,1.0000000000
Eritrea,2009,2010,12,0.0909090909
Sao Tome and Principe,2009,2010,12,0.0000000000
Monaco,2009,2010,12,0.0000000000
Turks and Caicos Islands,2009,2010,12,0.0434782609
Greenland,2009,2010,12,0.0000000000
Timor-Leste,2009,2010,12,0.2000000000
Belgium,2009,2010,12,0.0000000000
European Union,2009,2010,12,0.6000000000
Cambodia,2009,2010,12,0.0434782609
Togo,2009,2010,12,0.2000000000
Bangladesh,2009,2010,12,0.0434782609
Afghanistan,2009,2010,12,0.0434782609
Colombia,2009,2010,12,0.0000000000
"Gambia, The",2009,2010,12,0.2000000000
Faroe Islands,2009,2010,12,0.0000000000
East Asia & Pacific (excluding high income),2009,2010,12,0.0909090909
Viet Nam,2009,2010,12,0.0000000000
China,2009,2010,12,0.0909090909
Pre-demographic dividend,2009,2010,12,0.2631578947
Israel,2009,2010,12,0.0434782609
Slovenia,2009,2010,12,0.0000000000
South Asia (IDA & IBRD),2009,2010,12,0.1428571429
Djibouti,2009,2010,12,0.0434782609
High income,2009,2010,12,0.8461538462
Turkmenistan,2009,2010,12,0.0434782609
East Asia & Pacific,2009,2010,12,0.8461538462
Vanuatu,2009,2010,12,0.0000000000
Comoros,2009,2010,12,0.1428571429
Cabo Verde,2009,2010,12,0.0000000000
Dominica,2009,2010,12,0.0434782609
Mauritania,2009,2010,12,0.0909090909
Late-demographic dividend,2009,2010,12,0.8461538462
South Sudan,2009,2010,12,0.0000000000
Africa Western and Central,2009,2010,12,0.1428571429
Latin America & Caribbean,2009,2010,12,0.2631578947
Lower middle income,2009,2010,12,0.1428571429
Tanzania,2009,2010,12,0.2000000000
Costa Rica,2009,2010,12,0.0909090909
"Congo, Rep.",2009,2010,12,0.2000000000
Fragile and conflict affected situations,2009,2010,12,0.0000000000
Nauru,2009,2010,12,0.1428571429
Australia,2009,2010,12,0.0434782609
Latvia,2009,2010,12,0.0434782609
St. Kitts and Nevis,2009,2010,12,0.0909090909
Czechia,2009,2010,12,0.0000000000
Small states,2009,2010,12,0.0000000000
Antigua and Barbuda,2009,2010,12,0.0000000000
Low & middle income,2009,2010,12,1.0000000000
Nicaragua,2009,2010,12,0.0434782609
Middle income,2009,2010,12,1.0000000000
"Bahamas, The",2009,2010,12,0.0434782609
Sierra Leone,2009,2010,12,0.0434782609
Sub-Saharan Africa,2009,2010,12,0.2000000000
Europe & Central Asia (excluding high income),2009,2010,12,0.0000000000
Upper middle income,2009,2010,12,1.0000000000
Latin America & Caribbean (excluding high income),2009,2010,12,0.2000000000
Other small states,2009,2010,12,0.0434782609
Grenada,2009,2010,12,0.2000000000
Zambia,2009,2010,12,0.0434782609
Rwanda,2009,2010,12,0.1428571429
Finland,2009,2010,12,0.0000000000
Guatemala,2009,2010,12,0.0434782609
Nigeria,2009,2010,12,0.0909090909
Post-demographic dividend,2009,2010,12,0.8461538462
Lesotho,2009,2010,12,0.0000000000
Spain,2009,2010,12,0.0434782609
West Bank and Gaza,2009,2010,12,0.0434782609
Least developed countries: UN classification,2009,2010,12,0.3333333333
Barbados,2009,2010,12,0.0909090909
"Middle East, North Africa, Afghanistan & Pakistan",2009,2010,12,0.2000000000
Sint Maarten (Dutch part),2009,2010,12,0.0434782609
Sub-Saharan Africa (excluding high income),2009,2010,12,0.1428571429
Early-demographic dividend,2009,2010,12,0.2000000000
Botswana,2009,2010,12,0.0434782609
Bulgaria,2009,2010,12,0.0434782609
"Iran, Islamic Rep.",2009,2010,12,0.0434782609
Mozambique,2009,2010,12,0.0909090909
North America,2009,2010,12,0.4117647059
Angola,2009,2010,12,0.0434782609
Japan,2009,2010,12,0.2631578947
Liberia,2009,2010,12,0.0909090909
Northern Mariana Islands,2009,2010,12,0.0434782609
"Yemen, Rep.",2009,2010,12,0.0434782609
Liechtenstein,2009,2010,12,0.0909090909
Switzerland,2009,2010,12,0.0909090909
San Marino,2009,2010,12,0.0434782609
United Arab Emirates,2009,2010,12,0.0000000000
United Kingdom,2009,2010,12,0.3333333333
North Macedonia,2009,2010,12,0.0434782609
Malaysia,2009,2010,12,0.0434782609
Argentina,2009,2010,12,0.0000000000
Cayman Islands,2009,2010,12,0.2000000000
Singapore,2009,2010,12,0.0000000000
Virgin Islands (U.S.),2009,2010,12,0.0000000000
Eswatini,2009,2010,12,0.0434782609
Russian Federation,2009,2010,12,0.0000000000
Bolivia,2009,2010,12,0.0434782609
Myanmar,2009,2010,12,0.2000000000
Arab World,2009,2010,12,0.0000000000
Belarus,2009,2010,12,0.0909090909
Ireland,2009,2010,12,0.0434782609
Burkina Faso,2009,2010,12,0.0909090909
Georgia,2009,2010,12,0.0000000000
Ecuador,2009,2010,12,0.0909090909
Namibia,2009,2010,12,0.0909090909
Kosovo,2009,2010,12,0.0434782609
Armenia,2009,2010,12,0.0000000000
Sweden,2009,2010,12,0.0000000000
Andorra,2009,2010,12,0.0434782609
IDA & IBRD total,2009,2010,12,1.0000000000
Jordan,2009,2010,12,0.0909090909
Libya,2009,2010,12,0.0000000000
Cameroon,2009,2010,12,0.0434782609
Curacao,2009,2010,12,0.0909090909
Chile,2009,2010,12,0.0909090909
Peru,2009,2010,12,0.0434782609
Mexico,2009,2010,12,0.0000000000
Africa Eastern and Southern,2009,2010,12,0.0909090909
Central African Republic,2009,2010,12,0.0000000000
Latin America & the Caribbean (IDA & IBRD countries),2009,2010,12,0.2631578947
Canada,2009,2010,12,0.1428571429
OECD members,2009,2010,12,0.8461538462
IDA blend,2009,2010,12,0.2000000000
Norway,2009,2010,12,0.0000000000
Benin,2009,2010,12,0.0000000000
Europe & Central Asia (IDA & IBRD countries),2009,2010,12,0.0434782609
Chad,2009,2010,12,0.0000000000
Hungary,2009,2010,12,0.0000000000
Moldova,2009,2010,12,0.0000000000
Tajikistan,2009,2010,12,0.0434782609
Kiribati,2009,2010,12,0.0909090909
Central Europe and the Baltics,2009,2010,12,0.0434782609
"Middle East, North Africa, Afghanistan & Pakistan (IDA & IBRD)",2009,2010,12,0.1428571429
IDA total,2009,2010,12,0.3333333333
Guinea,2009,2010,12,0.0909090909
Iraq,2009,2010,12,0.0909090909
Netherlands,2009,2010,12,0.0000000000
Belize,2009,2010,12,0.0434782609
Algeria,2009,2010,12,0.0000000000
Saudi Arabia,2009,2010,12,0.0909090909
Guinea-Bissau,2009,2010,12,0.0434782609
Lithuania,2009,2010,12,0.0000000000
Cuba,2009,2010,12,0.0000000000
Qatar,2009,2010,12,0.2000000000
United States,2009,2010,12,0.4117647059
Papua New Guinea,2009,2010,12,0.0909090909
Serbia,2009,2010,12,0.0909090909
Heavily indebted poor countries (HIPC),2009,2010,12,0.2631578947
Indonesia,2009,2010,12,0.0000000000
Haiti,2009,2010,12,0.0000000000
Portugal,2009,2010,12,0.0000000000
Thailand,2009,2010,12,0.0909090909
Dominican Republic,2009,2010,12,0.0000000000
Nepal,2009,2010,12,0.0434782609
Cote d'Ivoire,2009,2010,12,0.0909090909
Uzbekistan,2009,2010,12,0.0909090909
"Micronesia, Fed. Sts.",2009,2010,12,0.0000000000
Paraguay,2009,2010,12,0.0000000000
Malawi,2009,2010,12,0.0000000000
Equatorial Guinea,2009,2010,12,0.0000000000
Mongolia,2009,2010,12,0.0000000000
Isle of Man,2009,2010,12,0.0909090909
Albania,2009,2010,12,0.0434782609
Italy,2009,2010,12,0.0909090909
"Egypt, Arab Rep.",2009,2010,12,0.0434782609
Low income,2009,2010,12,0.0909090909
Tunisia,2009,2010,12,0.0909090909
Uganda,2009,2010,12,0.0909090909
Azerbaijan,2009,2010,12,0.0000000000
Luxembourg,2009,2010,12,0.0000000000
"Venezuela, RB",2009,2010,12,0.0434782609
Oman,2009,2010,12,0.0000000000
Tuvalu,2009,2010,12,0.1428571429
Estonia,2009,2010,12,0.0434782609
New Caledonia,2009,2010,12,0.0000000000
Malta,2009,2010,12,0.0000000000
Honduras,2009,2010,12,0.0000000000
Bermuda,2009,2010,12,0.0909090909
India,2009,2010,12,0.1428571429
St. Vincent and the Grenadines,2009,2010,12,0.0000000000
Uruguay,2009,2010,12,0.0434782609
Sudan,2009,2010,12,0.0909090909
East Asia & Pacific (IDA & IBRD countries),2009,2010,12,0.0909090909
Kyrgyz Republic,2010,2011,12,0.0000000000
Mali,2010,2011,12,0.0434782609
IBRD only,2010,2011,12,0.8461538462
Denmark,2010,2011,12,0.0909090909
Tonga,2010,2011,12,0.0000000000
Bosnia and Herzegovina,2010,2011,12,0.0909090909
Europe & Central Asia,2010,2011,12,0.6000000000
Guam,2010,2011,12,0.0000000000
"Macao SAR, China",2010,2011,12,0.1428571429
Madagascar,2010,2011,12,0.0000000000
Ethiopia,2010,2011,12,0.0434782609
Brunei Darussalam,2010,2011,12,0.0909090909
Iceland,2010,2011,12,0.0000000000
Pacific island small states,2010,2011,12,0.0434782609
Burundi,2010,2011,12,0.0000000000
Bahrain,2010,2011,12,0.0434782609
Ghana,2010,2011,12,0.0000000000
Kazakhstan,2010,2011,12,0.0909090909
Gabon,2010,2011,12,0.0434782609
IDA only,2010,2011,12,0.3333333333
Croatia,2010,2011,12,0.0000000000
New Zealand,2010,2011,12,0.0434782609
Samoa,2010,2011,12,0.0000000000
Kenya,2010,2011,12,0.0909090909
Brazil,2010,2011,12,0.0000000000
Euro area,2010,2011,12,0.5000000000
Greece,2010,2011,12,0.1428571429
Lebanon,2010,2011,12,0.0000000000
Romania,2010,2011,12,0.0000000000
American Samoa,2010,2011,12,0.0909090909
Niger,2010,2011,12,0.0000000000
Panama,2010,2011,12,0.0434782609
Seychelles,2010,2011,12,0.0434782609
Zimbabwe,2010,2011,12,0.1428571429
Germany,2010,2011,12,0.0434782609
"Hong Kong SAR, China",2010,2011,12,0.0000000000
Sub-Saharan Africa (IDA & IBRD countries),2010,2011,12,0.3333333333
France,2010,2011,12,0.1428571429
Suriname,2010,2011,12,0.0000000000
Montenegro,2010,2011,12,0.0434782609
Poland,2010,2011,12,0.0909090909
Slovak Republic,2010,2011,12,0.0000000000
Sri Lanka,2010,2011,12,0.0000000000
"Middle East, North Africa, Afghanistan & Pakistan (excluding high income)",2010,2011,12,0.0434782609
"Congo, Dem. Rep.",2010,2011,12,0.0909090909
South Asia,2010,2011,12,0.6000000000
Trinidad and Tobago,2010,2011,12,0.0000000000
Ukraine,2010,2011,12,0.0434782609
El Salvador,2010,2011,12,0.0000000000
Fiji,2010,2011,12,0.1428571429
French Polynesia,2010,2011,12,0.0434782609
Palau,2010,2011,12,0.0434782609
Pakistan,2010,2011,12,0.0000000000
Austria,2010,2011,12,0.0909090909
Maldives,2010,2011,12,0.0434782609
South Africa,2010,2011,12,0.0909090909
Guyana,2010,2011,12,0.0000000000
Turkiye,2010,2011,12,0.0000000000
Channel Islands,2010,2011,12,0.0000000000
Aruba,2010,2011,12,0.0000000000
Solomon Islands,2010,2011,12,0.0434782609
Kuwait,2010,2011,12,0.0000000000
Marshall Islands,2010,2011,12,0.0000000000
Morocco,2010,2011,12,0.0909090909
Puerto Rico (US),2010,2011,12,0.0434782609
Philippines,2010,2011,12,0.0909090909
Syrian Arab Republic,2010,2011,12,0.0000000000
Cyprus,2010,2011,12,0.0434782609
Caribbean small states,2010,2011,12,0.0909090909
Mauritius,2010,2011,12,0.0909090909
Jamaica,2010,2011,12,0.0000000000
Lao PDR,2010,2011,12,0.0434782609
Bhutan,2010,2011,12,0.0000000000
Senegal,2010,2011,12,0.0000000000
"Somalia, Fed. Rep.",2010,2011,12,0.0000000000
"Korea, Rep.",2010,2011,12,0.0000000000
St. Lucia,2010,2011,12,0.0000000000
World,2010,2011,12,0.7142857143
Eritrea,2010,2011,12,0.0000000000
Sao Tome and Principe,2010,2011,12,0.0434782609
Monaco,2010,2011,12,0.0000000000
Turks and Caicos Islands,2010,2011,12,0.0000000000
Greenland,2010,2011,12,0.0000000000
Timor-Leste,2010,2011,12,0.0434782609
Belgium,2010,2011,12,0.0909090909
European Union,2010,2011,12,0.6000000000
Cambodia,2010,2011,12,0.0434782609
Togo,2010,2011,12,0.0000000000
Bangladesh,2010,2011,12,0.0434782609
Afghanistan,2010,2011,12,0.0000000000
Colombia,2010,2011,12,0.0000000000
"Gambia, The",2010,2011,12,0.0000000000
Faroe Islands,2010,2011,12,0.0000000000
East Asia & Pacific (excluding high income),2010,2011,12,0.7142857143
Viet Nam,2010,2011,12,0.0434782609
China,2010,2011,12,0.6000000000
Pre-demographic dividend,2010,2011,12,0.2000000000
Israel,2010,2011,12,0.0434782609
Slovenia,2010,2011,12,0.0434782609
South Asia (IDA & IBRD),2010,2011,12,0.7142857143
Djibouti,2010,2011,12,0.0434782609
High income,2010,2011,12,0.7142857143
Turkmenistan,2010,2011,12,0.0434782609
East Asia & Pacific,2010,2011,12,0.6000000000
Vanuatu,2010,2011,12,0.0000000000
Comoros,2010,2011,12,0.0434782609
Cabo Verde,2010,2011,12,0.0434782609
Dominica,2010,2011,12,0.0434782609
Mauritania,2010,2011,12,0.0434782609
Late-demographic dividend,2010,2011,12,0.5000000000
South Sudan,2010,2011,12,0.0909090909
Africa Western and Central,2010,2011,12,0.1428571429
Latin America & Caribbean,2010,2011,12,0.6000000000
Lower middle income,2010,2011,12,0.8461538462
Tanzania,2010,2011,12,0.1428571429
Costa Rica,2010,2011,12,0.0434782609
"Congo, Rep.",2010,2011,12,0.0000000000
Fragile and conflict affected situations,2010,2011,12,0.0000000000
Nauru,2010,2011,12,0.0000000000
Australia,2010,2011,12,0.0909090909
Latvia,2010,2011,12,0.0000000000
St. Kitts and Nevis,2010,2011,12,0.0000000000
Czechia,2010,2011,12,0.0434782609
Small states,2010,2011,12,0.1428571429
Antigua and Barbuda,2010,2011,12,0.0000000000
Low & middle income,2010,2011,12,0.8461538462
Nicaragua,2010,2011,12,0.0909090909
Middle income,2010,2011,12,0.8461538462
"Bahamas, The",2010,2011,12,0.0434782609
Sierra Leone,2010,2011,12,0.1428571429
Sub-Saharan Africa,2010,2011,12,0.3333333333
Europe & Central Asia (excluding high income),2010,2011,12,0.0434782609
Upper middle income,2010,2011,12,0.4117647059
Latin America & Caribbean (excluding high income),2010,2011,12,0.7142857143
Other small states,2010,2011,12,0.0434782609
Grenada,2010,2011,12,0.0000000000
Zambia,2010,2011,12,0.0434782609
Rwanda,2010,2011,12,0.0909090909
Finland,2010,2011,12,0.0909090909
Guatemala,2010,2011,12,0.0909090909
Nigeria,2010,2011,12,0.0434782609
Post-demographic dividend,2010,2011,12,0.7142857143
Lesotho,2010,2011,12,0.0000000000
Spain,2010,2011,12,0.0434782609
West Bank and Gaza,2010,2011,12,0.0000000000
Least developed countries: UN classification,2010,2011,12,0.3333333333
Barbados,2010,2011,12,0.0000000000
"Middle East, North Africa, Afghanistan & Pakistan",2010,2011,12,0.2000000000
Sint Maarten (Dutch part),2010,2011,12,0.0000000000
Sub-Saharan Africa (excluding high income),2010,2011,12,0.4117647059
Early-demographic dividend,2010,2011,12,0.6000000000
Botswana,2010,2011,12,0.0434782609
Bulgaria,2010,2011,12,0.0434782609
"Iran, Islamic Rep.",2010,2011,12,0.0000000000
Mozambique,2010,2011,12,0.1428571429
North America,2010,2011,12,0.5000000000
Angola,2010,2011,12,0.0000000000
Japan,2010,2011,12,0.0434782609
Liberia,2010,2011,12,0.1428571429
Northern Mariana Islands,2010,2011,12,0.0000000000
"Yemen, Rep.",2010,2011,12,0.0434782609
Liechtenstein,2010,2011,12,0.2000000000
Switzerland,2010,2011,12,0.0000000000
San Marino,2010,2011,12,0.0000000000
United Arab Emirates,2010,2011,12,0.0000000000
United Kingdom,2010,2011,12,0.0000000000
North Macedonia,2010,2011,12,0.0434782609
Malaysia,2010,2011,12,0.0909090909
Argentina,2010,2011,12,0.0434782609
Cayman Islands,2010,2011,12,0.0000000000
Singapore,2010,2011,12,0.0434782609
Virgin Islands (U.S.),2010,2011,12,0.0000000000
Eswatini,2010,2011,12,0.0000000000
Russian Federation,2010,2011,12,0.1428571429
Bolivia,2010,2011,12,0.0000000000
Myanmar,2010,2011,12,0.0434782609
Arab World,2010,2011,12,0.0000000000
Belarus,2010,2011,12,0.0000000000
Ireland,2010,2011,12,0.0434782609
Burkina Faso,2010,2011,12,0.0000000000
Georgia,2010,2011,12,0.0434782609
Ecuador,2010,2011,12,0.0909090909
Namibia,2010,2011,12,0.0434782609
Kosovo,2010,2011,12,0.0909090909
Armenia,2010,2011,12,0.0000000000
Sweden,2010,2011,12,0.0909090909
Andorra,2010,2011,12,0.0000000000
IDA & IBRD total,2010,2011,12,0.7142857143
Jordan,2010,2011,12,0.0434782609
Libya,2010,2011,12,0.0909090909
Cameroon,2010,2011,12,0.0909090909
Curacao,2010,2011,12,0.0000000000
Chile,2010,2011,12,0.0434782609
Peru,2010,2011,12,0.0909090909
Mexico,2010,2011,12,0.3333333333
Africa Eastern and Southern,2010,2011,12,0.0000000000
Central African Republic,2010,2011,12,0.0000000000
Latin America & the Caribbean (IDA & IBRD countries),2010,2011,12,0.6000000000
Canada,2010,2011,12,0.0434782609
OECD members,2010,2011,12,0.8461538462
IDA blend,2010,2011,12,0.2631578947
Norway,2010,2011,12,0.0909090909
Benin,2010,2011,12,0.0434782609
Europe & Central Asia (IDA & IBRD countries),2010,2011,12,0.4117647059
Chad,2010,2011,12,0.0000000000
Hungary,2010,2011,12,0.0434782609
Moldova,2010,2011,12,0.2000000000
Tajikistan,2010,2011,12,0.0000000000
Kiribati,2010,2011,12,0.0000000000
Central Europe and the Baltics,2010,2011,12,0.0000000000
"Middle East, North Africa, Afghanistan & Pakistan (IDA & IBRD)",2010,2011,12,0.0434782609
IDA total,2010,2011,12,0.3333333333
Guinea,2010,2011,12,0.0909090909
Iraq,2010,2011,12,0.0434782609
Netherlands,2010,2011,12,0.0909090909
Belize,2010,2011,12,0.0000000000
Algeria,2010,2011,12,0.0000000000
Saudi Arabia,2010,2011,12,0.0000000000
Guinea-Bissau,2010,2011,12,0.2000000000
Lithuania,2010,2011,12,0.0000000000
Cuba,2010,2011,12,0.0909090909
Qatar,2010,2011,12,0.1428571429
United States,2010,2011,12,0.5000000000
Papua New Guinea,2010,2011,12,0.0000000000
Serbia,2010,2011,12,0.0434782609
Heavily indebted poor countries (HIPC),2010,2011,12,0.3333333333
Indonesia,2010,2011,12,0.0000000000
Haiti,2010,2011,12,0.0000000000
Portugal,2010,2011,12,0.0909090909
Thailand,2010,2011,12,0.0000000000
Dominican Republic,2010,2011,12,0.0000000000
Nepal,2010,2011,12,0.0434782609
Cote d'Ivoire,2010,2011,12,0.0434782609
Uzbekistan,2010,2011,12,0.0434782609
"Micronesia, Fed. Sts.",2010,2011,12,0.1428571429
Paraguay,2010,2011,12,0.0000000000
Malawi,2010,2011,12,0.0909090909
Equatorial Guinea,2010,2011,12,0.0434782609
Mongolia,2010,2011,12,0.0000000000
Isle of Man,2010,2011,12,0.0434782609
Albania,2010,2011,12,0.1428571429
Italy,2010,2011,12,0.0434782609
"Egypt, Arab Rep.",2010,2011,12,0.0434782609
Low income,2010,2011,12,0.0000000000
Tunisia,2010,2011,12,0.0000000000
Uganda,2010,2011,12,0.1428571429
Azerbaijan,2010,2011,12,0.0434782609
Luxembourg,2010,2011,12,0.0000000000
"Venezuela, RB",2010,2011,12,0.0000000000
Oman,2010,2011,12,0.1428571429
Tuvalu,2010,2011,12,0.0434782609
Estonia,2010,2011,12,0.0000000000
New Caledonia,2010,2011,12,0.0434782609
Malta,2010,2011,12,0.0434782609
Honduras,2010,2011,12,0.0909090909
Bermuda,2010,2011,12,0.0909090909
India,2010,2011,12,0.7142857143
St. Vincent and the Grenadines,2010,2011,12,0.0909090909
Uruguay,2010,2011,12,0.0434782609
Sudan,2010,2011,12,0.0909090909
East Asia & Pacific (IDA & IBRD countries),2010,2011,12,0.7142857143
Kyrgyz Republic,2011,2012,12,0.0434782609
Mali,2011,2012,12,0.0000000000
IBRD only,2011,2012,12,0.7142857143
Denmark,2011,2012,12,0.0434782609
Tonga,2011,2012,12,0.0000000000
Bosnia and Herzegovina,2011,2012,12,0.0909090909
Europe & Central Asia,2011,2012,12,0.6000000000
Guam,2011,2012,12,0.0000000000
"Macao SAR, China",2011,2012,12,0.2000000000
Madagascar,2011,2012,12,0.0000000000
Ethiopia,2011,2012,12,0.0434782609
Brunei Darussalam,2011,2012,12,0.0909090909
Iceland,2011,2012,12,0.1428571429
Pacific island small states,2011,2012,12,0.0434782609
Burundi,2011,2012,12,0.0909090909
Bahrain,2011,2012,12,0.0434782609
Ghana,2011,2012,12,0.2631578947
Kazakhstan,2011,2012,12,0.0000000000
Gabon,2011,2012,12,0.0000000000
IDA only,2011,2012,12,0.1428571429
Croatia,2011,2012,12,0.0000000000
New Zealand,2011,2012,12,0.0434782609
Samoa,2011,2012,12,0.0000000000
Kenya,2011,2012,12,0.1428571429
Brazil,2011,2012,12,0.0909090909
Euro area,2011,2012,12,0.4117647059
Greece,2011,2012,12,0.0909090909
Lebanon,2011,2012,12,0.0909090909
Romania,2011,2012,12,0.0909090909
American Samoa,2011,2012,12,0.0434782609
Niger,2011,2012,12,0.0000000000
Panama,2011,2012,12,0.0434782609
Seychelles,2011,2012,12,0.0000000000
Zimbabwe,2011,2012,12,0.2000000000
Germany,2011,2012,12,0.0909090909
"Hong Kong SAR, China",2011,2012,12,0.0909090909
Sub-Saharan Africa (IDA & IBRD countries),2011,2012,12,0.5000000000
France,2011,2012,12,0.0000000000
Suriname,2011,2012,12,0.0434782609
Montenegro,2011,2012,12,0.0000000000
Poland,2011,2012,12,0.0909090909
Slovak Republic,2011,2012,12,0.0000000000
Sri Lanka,2011,2012,12,0.2000000000
"Middle East, North Africa, Afghanistan & Pakistan (excluding high income)",2011,2012,12,0.0434782609
"Congo, Dem. Rep.",2011,2012,12,0.0434782609
South Asia,2011,2012,12,0.5000000000
Trinidad and Tobago,2011,2012,12,0.0000000000
Ukraine,2011,2012,12,0.0000000000
El Salvador,2011,2012,12,0.0909090909
Fiji,2011,2012,12,0.0434782609
French Polynesia,2011,2012,12,0.0000000000
Palau,2011,2012,12,0.0434782609
Pakistan,2011,2012,12,0.0000000000
Austria,2011,2012,12,0.0434782609
Maldives,2011,2012,12,0.0000000000
South Africa,2011,2012,12,0.0000000000
Guyana,2011,2012,12,0.0909090909
Turkiye,2011,2012,12,0.0000000000
Channel Islands,2011,2012,12,0.0000000000
Aruba,2011,2012,12,0.0000000000
Solomon Islands,2011,2012,12,0.0000000000
Kuwait,2011,2012,12,0.1428571429
Marshall Islands,2011,2012,12,0.0434782609
Morocco,2011,2012,12,0.0909090909
Puerto Rico (US),2011,2012,12,0.0434782609
Philippines,2011,2012,12,0.0909090909
Syrian Arab Republic,2011,2012,12,0.0434782609
Cyprus,2011,2012,12,0.1428571429
Caribbean small states,2011,2012,12,0.0000000000
Mauritius,2011,2012,12,0.1428571429
Jamaica,2011,2012,12,0.0909090909
Lao PDR,2011,2012,12,0.0909090909
Bhutan,2011,2012,12,0.1428571429
Senegal,2011,2012,12,0.0434782609
"Somalia, Fed. Rep.",2011,2012,12,0.0434782609
"Korea, Rep.",2011,2012,12,0.0909090909
St. Lucia,2011,2012,12,0.0000000000
World,2011,2012,12,0.8461538462
Eritrea,2011,2012,12,0.0000000000
Sao Tome and Principe,2011,2012,12,0.0000000000
Monaco,2011,2012,12,0.0000000000
Turks and Caicos Islands,2011,2012,12,0.0000000000
Greenland,2011,2012,12,0.0000000000
Timor-Leste,2011,2012,12,0.0434782609
Belgium,2011,2012,12,0.0909090909
European Union,2011,2012,12,0.3333333333
Cambodia,2011,2012,12,0.0000000000
Togo,2011,2012,12,0.0434782609
Bangladesh,2011,2012,12,0.0909090909
Afghanistan,2011,2012,12,0.0000000000
Colombia,2011,2012,12,0.1428571429
"Gambia, The",2011,2012,12,0.0000000000
Faroe Islands,2011,2012,12,0.0000000000
East Asia & Pacific (excluding high income),2011,2012,12,0.5000000000
Viet Nam,2011,2012,12,0.0434782609
China,2011,2012,12,0.5000000000
Pre-demographic dividend,2011,2012,12,0.1428571429
Israel,2011,2012,12,0.0000000000
Slovenia,2011,2012,12,0.1428571429
South Asia (IDA & IBRD),2011,2012,12,0.4117647059
Djibouti,2011,2012,12,0.0000000000
High income,2011,2012,12,0.8461538462
Turkmenistan,2011,2012,12,0.3333333333
East Asia & Pacific,2011,2012,12,0.7142857143
Vanuatu,2011,2012,12,0.0000000000
Comoros,2011,2012,12,0.0434782609
Cabo Verde,2011,2012,12,0.0434782609
Dominica,2011,2012,12,0.0434782609
Mauritania,2011,2012,12,0.0909090909
Late-demographic dividend,2011,2012,12,0.7142857143
South Sudan,2011,2012,12,0.2631578947
Africa Western and Central,2011,2012,12,0.2000000000
Latin America & Caribbean,2011,2012,12,0.3333333333
Lower middle income,2011,2012,12,0.5000000000
Tanzania,2011,2012,12,0.0434782609
Costa Rica,2011,2012,12,0.0000000000
"Congo, Rep.",2011,2012,12,0.0000000000
Fragile and conflict affected situations,2011,2012,12,0.0000000000
Nauru,2011,2012,12,0.2631578947
Australia,2011,2012,12,0.0000000000
Latvia,2011,2012,12,0.0000000000
St. Kitts and Nevis,2011,2012,12,0.0909090909
Czechia,2011,2012,12,0.1428571429
Small states,2011,2012,12,0.0909090909
Antigua and Barbuda,2011,2012,12,0.1428571429
Low & middle income,2011,2012,12,0.6000000000
Nicaragua,2011,2012,12,0.0434782609
Middle income,2011,2012,12,0.6000000000
"Bahamas, The",2011,2012,12,0.0000000000
Sierra Leone,2011,2012,12,0.0909090909
Sub-Saharan Africa,2011,2012,12,0.5000000000
Europe & Central Asia (excluding high income),2011,2012,12,0.0000000000
Upper middle income,2011,2012,12,0.5000000000
Latin America & Caribbean (excluding high income),2011,2012,12,0.4117647059
Other small states,2011,2012,12,0.0000000000
Grenada,2011,2012,12,0.1428571429
Zambia,2011,2012,12,0.0909090909
Rwanda,2011,2012,12,0.1428571429
Finland,2011,2012,12,0.0434782609
Guatemala,2011,2012,12,0.0909090909
Nigeria,2011,2012,12,0.0909090909
Post-demographic dividend,2011,2012,12,0.8461538462
Lesotho,2011,2012,12,0.0000000000
Spain,2011,2012,12,0.0434782609
West Bank and Gaza,2011,2012,12,0.0434782609
Least developed countries: UN classification,2011,2012,12,0.2000000000
Barbados,2011,2012,12,0.0434782609
"Middle East, North Africa, Afghanistan & Pakistan",2011,2012,12,0.4117647059
Sint Maarten (Dutch part),2011,2012,12,0.1428571429
Sub-Saharan Africa (excluding high income),2011,2012,12,0.5000000000
Early-demographic dividend,2011,2012,12,0.0000000000
Botswana,2011,2012,12,0.0000000000
Bulgaria,2011,2012,12,0.0434782609
"Iran, Islamic Rep.",2011,2012,12,0.0434782609
Mozambique,2011,2012,12,0.0434782609
North America,2011,2012,12,0.5000000000
Angola,2011,2012,12,0.0434782609
Japan,2011,2012,12,0.0000000000
Liberia,2011,2012,12,0.0434782609
Northern Mariana Islands,2011,2012,12,0.0000000000
"Yemen, Rep.",2011,2012,12,0.0000000000
Liechtenstein,2011,2012,12,0.0434782609
Switzerland,2011,2012,12,0.0909090909
San Marino,2011,2012,12,0.1428571429
United Arab Emirates,2011,2012,12,0.0000000000
United Kingdom,2011,2012,12,0.0434782609
North Macedonia,2011,2012,12,0.0000000000
Malaysia,2011,2012,12,0.0000000000
Argentina,2011,2012,12,0.0000000000
Cayman Islands,2011,2012,12,0.1428571429
Singapore,2011,2012,12,0.0000000000
Virgin Islands (U.S.),2011,2012,12,0.0434782609
Eswatini,2011,2012,12,0.0000000000
Russian Federation,2011,2012,12,0.2000000000
Bolivia,2011,2012,12,0.0000000000
Myanmar,2011,2012,12,0.0434782609
Arab World,2011,2012,12,0.0000000000
Belarus,2011,2012,12,0.1428571429
Ireland,2011,2012,12,0.0434782609
Burkina Faso,2011,2012,12,0.0909090909
Georgia,2011,2012,12,0.1428571429
Ecuador,2011,2012,12,0.2000000000
Namibia,2011,2012,12,0.0909090909
Kosovo,2011,2012,12,0.0434782609
Armenia,2011,2012,12,0.0000000000
Sweden,2011,2012,12,0.0434782609
Andorra,2011,2012,12,0.0909090909
IDA & IBRD total,2011,2012,12,0.8461538462
Jordan,2011,2012,12,0.1428571429
Libya,2011,2012,12,0.0000000000
Cameroon,2011,2012,12,0.0434782609
Curacao,2011,2012,12,0.0434782609
Chile,2011,2012,12,0.0000000000
Peru,2011,2012,12,0.0000000000
Mexico,2011,2012,12,0.2000000000
Africa Eastern and Southern,2011,2012,12,0.0434782609
Central African Republic,2011,2012,12,0.0909090909
Latin America & the Caribbean (IDA & IBRD countries),2011,2012,12,0.4117647059
Canada,2011,2012,12,0.1428571429
OECD members,2011,2012,12,0.7142857143
IDA blend,2011,2012,12,0.2000000000
Norway,2011,2012,12,0.0000000000
Benin,2011,2012,12,0.0434782609
Europe & Central Asia (IDA & IBRD countries),2011,2012,12,0.4117647059
Chad,2011,2012,12,0.0000000000
Hungary,2011,2012,12,0.0909090909
Moldova,2011,2012,12,0.0000000000
Tajikistan,2011,2012,12,0.1428571429
Kiribati,2011,2012,12,0.0000000000
Central Europe and the Baltics,2011,2012,12,0.0909090909
"Middle East, North Africa, Afghanistan & Pakistan (IDA & IBRD)",2011,2012,12,0.0434782609
IDA total,2011,2012,12,0.2631578947
Guinea,2011,2012,12,0.0434782609
Iraq,2011,2012,12,0.0000000000
Netherlands,2011,2012,12,0.0434782609
Belize,2011,2012,12,0.0000000000
Algeria,2011,2012,12,0.0000000000
Saudi Arabia,2011,2012,12,0.0434782609
Guinea-Bissau,2011,2012,12,0.0000000000
Lithuania,2011,2012,12,0.0434782609
Cuba,2011,2012,12,0.0434782609
Qatar,2011,2012,12,0.0434782609
United States,2011,2012,12,0.6000000000
Papua New Guinea,2011,2012,12,0.0434782609
Serbia,2011,2012,12,0.0000000000
Heavily indebted poor countries (HIPC),2011,2012,12,0.2000000000
Indonesia,2011,2012,12,0.0000000000
Haiti,2011,2012,12,0.0434782609
Portugal,2011,2012,12,0.0434782609
Thailand,2011,2012,12,0.0000000000
Dominican Republic,2011,2012,12,0.0000000000
Nepal,2011,2012,12,0.0000000000
Cote d'Ivoire,2011,2012,12,0.0000000000
Uzbekistan,2011,2012,12,0.0000000000
"Micronesia, Fed. Sts.",2011,2012,12,0.0000000000
Paraguay,2011,2012,12,0.0909090909
Malawi,2011,2012,12,0.0000000000
Equatorial Guinea,2011,2012,12,0.0434782609
Mongolia,2011,2012,12,0.3333333333
Isle of Man,2011,2012,12,0.0000000000
Albania,2011,2012,12,0.0000000000
Italy,2011,2012,12,0.0909090909
"Egypt, Arab Rep.",2011,2012,12,0.0434782609
Low income,2011,2012,12,0.0434782609
Tunisia,2011,2012,12,0.0000000000
Uganda,2011,2012,12,0.0434782609
Azerbaijan,2011,2012,12,0.0000000000
Luxembourg,2011,2012,12,0.0434782609
"Venezuela, RB",2011,2012,12,0.0434782609
Oman,2011,2012,12,0.0434782609
Tuvalu,2011,2012,12,0.0000000000
Estonia,2011,2012,12,0.0909090909
New Caledonia,2011,2012,12,0.1428571429
Malta,2011,2012,12,0.0000000000
Honduras,2011,2012,12,0.0000000000
Bermuda,2011,2012,12,0.1428571429
India,2011,2012,12,0.4117647059
St. Vincent and the Grenadines,2011,2012,12,0.0000000000
Uruguay,2011,2012,12,0.0909090909
Sudan,2011,2012,12,0.1428571429
East Asia & Pacific (IDA & IBRD countries),2011,2012,12,0.5000000000
Kyrgyz Republic,2012,2013,12,0.0434782609
Mali,2012,2013,12,0.0434782609
IBRD only,2012,2013,12,0.8461538462
Denmark,2012,2013,12,0.1428571429
Tonga,2012,2013,12,0.0434782609
Bosnia and Herzegovina,2012,2013,12,0.0434782609
Europe & Central Asia,2012,2013,12,0.8461538462
Guam,2012,2013,12,0.0000000000
"Macao SAR, China",2012,2013,12,0.1428571429
Madagascar,2012,2013,12,0.0434782609
Ethiopia,2012,2013,12,0.0000000000
Brunei Darussalam,2012,2013,12,0.0909090909
Iceland,2012,2013,12,0.0000000000
Pacific island small states,2012,2013,12,0.2631578947
Burundi,2012,2013,12,0.0909090909
Bahrain,2012,2013,12,0.0000000000
Ghana,2012,2013,12,0.0434782609
Kazakhstan,2012,2013,12,0.5000000000
Gabon,2012,2013,12,0.1428571429
IDA only,2012,2013,12,0.1428571429
Croatia,2012,2013,12,0.0434782609
New Zealand,2012,2013,12,0.0909090909
Samoa,2012,2013,12,0.0909090909
Kenya,2012,2013,12,0.0434782609
Brazil,2012,2013,12,0.0434782609
Euro area,2012,2013,12,0.6000000000
Greece,2012,2013,12,0.0909090909
Lebanon,2012,2013,12,0.1428571429
Romania,2012,2013,12,0.0000000000
American Samoa,2012,2013,12,0.0434782609
Niger,2012,2013,12,0.0909090909
Panama,2012,2013,12,0.0909090909
Seychelles,2012,2013,12,0.0000000000
Zimbabwe,2012,2013,12,0.0000000000
Germany,2012,2013,12,0.6000000000
"Hong Kong SAR, China",2012,2013,12,0.0434782609
Sub-Saharan Africa (IDA & IBRD countries),2012,2013,12,0.4117647059
France,2012,2013,12,0.0000000000
Suriname,2012,2013,12,0.0909090909
Montenegro,2012,2013,12,0.0434782609
Poland,2012,2013,12,0.1428571429
Slovak Republic,2012,2013,12,0.0909090909
Sri Lanka,2012,2013,12,0.0000000000
"Middle East, North Africa, Afghanistan & Pakistan (excluding high income)",2012,2013,12,0.2000000000
"Congo, Dem. Rep.",2012,2013,12,0.1428571429
South Asia,2012,2013,12,0.5000000000
Trinidad and Tobago,2012,2013,12,0.0434782609
Ukraine,2012,2013,12,0.0909090909
El Salvador,2012,2013,12,0.0000000000
Fiji,2012,2013,12,0.0000000000
French Polynesia,2012,2013,12,0.0434782609
Palau,2012,2013,12,0.1428571429
Pakistan,2012,2013,12,0.1428571429
Austria,2012,2013,12,0.0434782609
Maldives,2012,2013,12,0.0434782609
South Africa,2012,2013,12,0.0434782609
Guyana,2012,2013,12,0.0000000000
Turkiye,2012,2013,12,0.0000000000
Channel Islands,2012,2013,12,0.0000000000
Aruba,2012,2013,12,0.0434782609
Solomon Islands,2012,2013,12,0.0434782609
Kuwait,2012,2013,12,0.0000000000
Marshall Islands,2012,2013,12,0.0000000000
Morocco,2012,2013,12,0.0909090909
Puerto Rico (US),2012,2013,12,0.2000000000
Philippines,2012,2013,12,0.2000000000
Syrian Arab Republic,2012,2013,12,0.1428571429
Cyprus,2012,2013,12,0.0434782609
Caribbean small states,2012,2013,12,0.0434782609
Mauritius,2012,2013,12,0.0909090909
Jamaica,2012,2013,12,0.0434782609
Lao PDR,2012,2013,12,0.0434782609
Bhutan,2012,2013,12,0.0434782609
Senegal,2012,2013,12,0.0434782609
"Somalia, Fed. Rep.",2012,2013,12,0.0434782609
"Korea, Rep.",2012,2013,12,0.0434782609
St. Lucia,2012,2013,12,0.0000000000
World,2012,2013,12,0.8461538462
Eritrea,2012,2013,12,0.0909090909
Sao Tome and Principe,2012,2013,12,0.0909090909
Monaco,2012,2013,12,0.0000000000
Turks and Caicos Islands,2012,2013,12,0.0000000000
Greenland,2012,2013,12,0.0909090909
Timor-Leste,2012,2013,12,0.0909090909
Belgium,2012,2013,12,0.4117647059
European Union,2012,2013,12,0.7142857143
Cambodia,2012,2013,12,0.0909090909
Togo,2012,2013,12,0.0000000000
Bangladesh,2012,2013,12,0.0909090909
Afghanistan,2012,2013,12,0.0000000000
Colombia,2012,2013,12,0.0000000000
"Gambia, The",2012,2013,12,0.0000000000
Faroe Islands,2012,2013,12,0.0000000000
East Asia & Pacific (excluding high income),2012,2013,12,0.7142857143
Viet Nam,2012,2013,12,0.0909090909
China,2012,2013,12,0.6000000000
Pre-demographic dividend,2012,2013,12,0.3333333333
Israel,2012,2013,12,0.0909090909
Slovenia,2012,2013,12,0.0909090909
South Asia (IDA & IBRD),2012,2013,12,0.5000000000
Djibouti,2012,2013,12,0.0000000000
High income,2012,2013,12,0.8461538462
Turkmenistan,2012,2013,12,0.0909090909
East Asia & Pacific,2012,2013,12,0.7142857143
Vanuatu,2012,2013,12,0.1428571429
Comoros,2012,2013,12,0.0000000000
Cabo Verde,2012,2013,12,0.0909090909
Dominica,2012,2013,12,0.3333333333
Mauritania,2012,2013,12,0.0434782609
Late-demographic dividend,2012,2013,12,0.7142857143
South Sudan,2012,2013,12,0.0000000000
Africa Western and Central,2012,2013,12,0.1428571429
Latin America & Caribbean,2012,2013,12,0.4117647059
Lower middle income,2012,2013,12,0.6000000000
Tanzania,2012,2013,12,0.2631578947
Costa Rica,2012,2013,12,0.0000000000
"Congo, Rep.",2012,2013,12,0.0434782609
Fragile and conflict affected situations,2012,2013,12,0.0909090909
Nauru,2012,2013,12,0.0000000000
Australia,2012,2013,12,0.4117647059
Latvia,2012,2013,12,0.0909090909
St. Kitts and Nevis,2012,2013,12,0.0434782609
Czechia,2012,2013,12,0.2000000000
Small states,2012,2013,12,0.1428571429
Antigua and Barbuda,2012,2013,12,0.0000000000
Low & middle income,2012,2013,12,0.8461538462
Nicaragua,2012,2013,12,0.0434782609
Middle income,2012,2013,12,0.8461538462
"Bahamas, The",2012,2013,12,0.0000000000
Sierra Leone,2012,2013,12,0.0434782609
Sub-Saharan Africa,2012,2013,12,0.5000000000
Europe & Central Asia (excluding high income),2012,2013,12,0.3333333333
Upper middle income,2012,2013,12,0.7142857143
Latin America & Caribbean (excluding high income),2012,2013,12,0.4117647059
Other small states,2012,2013,12,0.2000000000
Grenada,2012,2013,12,0.0000000000
Zambia,2012,2013,12,0.0000000000
Rwanda,2012,2013,12,0.0909090909
Finland,2012,2013,12,0.0000000000
Guatemala,2012,2013,12,0.2000000000
Nigeria,2012,2013,12,0.1428571429
Post-demographic dividend,2012,2013,12,0.8461538462
Lesotho,2012,2013,12,0.0000000000
Spain,2012,2013,12,0.0909090909
West Bank and Gaza,2012,2013,12,0.0909090909
Least developed countries: UN classification,2012,2013,12,0.2631578947
Barbados,2012,2013,12,0.2000000000
"Middle East, North Africa, Afghanistan & Pakistan",2012,2013,12,0.3333333333
Sint Maarten (Dutch part),2012,2013,12,0.0434782609
Sub-Saharan Africa (excluding high income),2012,2013,12,0.5000000000
Early-demographic dividend,2012,2013,12,0.5000000000
Botswana,2012,2013,12,0.0000000000
Bulgaria,2012,2013,12,0.0909090909
"Iran, Islamic Rep.",2012,2013,12,0.2000000000
Mozambique,2012,2013,12,0.2000000000
North America,2012,2013,12,0.7142857143
Angola,2012,2013,12,0.1428571429
Japan,2012,2013,12,0.7142857143
Liberia,2012,2013,12,0.2000000000
Northern Mariana Islands,2012,2013,12,0.2000000000
"Yemen, Rep.",2012,2013,12,0.0000000000
Liechtenstein,2012,2013,12,0.0909090909
Switzerland,2012,2013,12,0.2631578947
San Marino,2012,2013,12,0.0434782609
United Arab Emirates,2012,2013,12,0.0000000000
United Kingdom,2012,2013,12,0.0000000000
North Macedonia,2012,2013,12,0.0000000000
Malaysia,2012,2013,12,0.0000000000
Argentina,2012,2013,12,0.0000000000
Cayman Islands,2012,2013,12,0.1428571429
Singapore,2012,2013,12,0.0434782609
Virgin Islands (U.S.),2012,2013,12,0.0909090909
Eswatini,2012,2013,12,0.0909090909
Russian Federation,2012,2013,12,0.0909090909
Bolivia,2012,2013,12,0.0434782609
Myanmar,2012,2013,12,0.2000000000
Arab World,2012,2013,12,0.0909090909
Belarus,2012,2013,12,0.0434782609
Ireland,2012,2013,12,0.0434782609
Burkina Faso,2012,2013,12,0.0000000000
Georgia,2012,2013,12,0.0434782609
Ecuador,2012,2013,12,0.3333333333
Namibia,2012,2013,12,0.0434782609
Kosovo,2012,2013,12,0.0909090909
Armenia,2012,2013,12,0.0000000000
Sweden,2012,2013,12,0.0909090909
Andorra,2012,2013,12,0.1428571429
IDA & IBRD total,2012,2013,12,0.8461538462
Jordan,2012,2013,12,0.2000000000
Libya,2012,2013,12,0.0434782609
Cameroon,2012,2013,12,0.0000000000
Curacao,2012,2013,12,0.2000000000
Chile,2012,2013,12,0.0434782609
Peru,2012,2013,12,0.4117647059
Mexico,2012,2013,12,0.0000000000
Africa Eastern and Southern,2012,2013,12,0.0000000000
Central African Republic,2012,2013,12,0.0000000000
Latin America & the Caribbean (IDA & IBRD countries),2012,2013,12,0.3333333333
Canada,2012,2013,12,0.5000000000
OECD members,2012,2013,12,0.8461538462
IDA blend,2012,2013,12,0.1428571429
Norway,2012,2013,12,0.0434782609
Benin,2012,2013,12,0.1428571429
Europe & Central Asia (IDA & IBRD countries),2012,2013,12,0.2631578947
Chad,2012,2013,12,0.0434782609
Hungary,2012,2013,12,0.0000000000
Moldova,2012,2013,12,0.0434782609
Tajikistan,2012,2013,12,0.1428571429
Kiribati,2012,2013,12,0.0434782609
Central Europe and the Baltics,2012,2013,12,0.0000000000
"Middle East, North Africa, Afghanistan & Pakistan (IDA & IBRD)",2012,2013,12,0.2631578947
IDA total,2012,2013,12,0.4117647059
Guinea,2012,2013,12,0.0434782609
Iraq,2012,2013,12,0.0909090909
Netherlands,2012,2013,12,0.0434782609
Belize,2012,2013,12,0.0434782609
Algeria,2012,2013,12,0.0909090909
Saudi Arabia,2012,2013,12,0.1428571429
Guinea-Bissau,2012,2013,12,0.0434782609
Lithuania,2012,2013,12,0.0434782609
Cuba,2012,2013,12,0.0434782609
Qatar,2012,2013,12,0.0434782609
United States,2012,2013,12,0.6000000000
Papua New Guinea,2012,2013,12,0.0434782609
Serbia,2012,2013,12,0.0434782609
Heavily indebted poor countries (HIPC),2012,2013,12,0.3333333333
Indonesia,2012,2013,12,0.1428571429
Haiti,2012,2013,12,0.0000000000
Portugal,2012,2013,12,0.0000000000
Thailand,2012,2013,12,0.0434782609
Dominican Republic,2012,2013,12,0.0909090909
Nepal,2012,2013,12,0.1428571429
Cote d'Ivoire,2012,2013,12,0.1428571429
Uzbekistan,2012,2013,12,0.0000000000
"Micronesia, Fed. Sts.",2012,2013,12,0.0434782609
Paraguay,2012,2013,12,0.0000000000
Malawi,2012,2013,12,0.0434782609
Equatorial Guinea,2012,2013,12,0.0000000000
Mongolia,2012,2013,12,0.1428571429
Isle of Man,2012,2013,12,0.0434782609
Albania,2012,2013,12,0.0000000000
Italy,2012,2013,12,0.0434782609
"Egypt, Arab Rep.",2012,2013,12,0.0434782609
Low income,2012,2013,12,0.0434782609
Tunisia,2012,2013,12,0.0909090909
Uganda,2012,2013,12,0.0000000000
Azerbaijan,2012,2013,12,0.0000000000
Luxembourg,2012,2013,12,0.2000000000
"Venezuela, RB",2012,2013,12,0.0000000000
Oman,2012,2013,12,0.0434782609
Tuvalu,2012,2013,12,0.0000000000
Estonia,2012,2013,12,0.0000000000
New Caledonia,2012,2013,12,0.1428571429
Malta,2012,2013,12,0.0909090909
Honduras,2012,2013,12,0.0000000000
Bermuda,2012,2013,12,0.0909090909
India,2012,2013,12,0.5000000000
St. Vincent and the Grenadines,2012,2013,12,0.1428571429
Uruguay,2012,2013,12,0.1428571429
Sudan,2012,2013,12,0.0434782609
East Asia & Pacific (IDA & IBRD countries),2012,2013,12,0.7142857143
Kyrgyz Republic,2013,2014,12,0.0909090909
Mali,2013,2014,12,0.0434782609
IBRD only,2013,2014,12,1.0000000000
Denmark,2013,2014,12,0.1428571429
Tonga,2013,2014,12,0.0000000000
Bosnia and Herzegovina,2013,2014,12,0.0434782609
Europe & Central Asia,2013,2014,12,0.8461538462
Guam,2013,2014,12,0.1428571429
"Macao SAR, China",2013,2014,12,0.0000000000
Madagascar,2013,2014,12,0.0909090909
Ethiopia,2013,2014,12,0.2000000000
Brunei Darussalam,2013,2014,12,0.1428571429
Iceland,2013,2014,12,0.0000000000
Pacific island small states,2013,2014,12,0.0434782609
Burundi,2013,2014,12,0.0434782609
Bahrain,2013,2014,12,0.0909090909
Ghana,2013,2014,12,0.0000000000
Kazakhstan,2013,2014,12,0.0000000000
Gabon,2013,2014,12,0.0000000000
IDA only,2013,2014,12,0.3333333333
Croatia,2013,2014,12,0.0434782609
New Zealand,2013,2014,12,0.0434782609
Samoa,2013,2014,12,0.0434782609
Kenya,2013,2014,12,0.0909090909
Brazil,2013,2014,12,0.0909090909
Euro area,2013,2014,12,0.4117647059
Greece,2013,2014,12,0.0434782609
Lebanon,2013,2014,12,0.0000000000
Romania,2013,2014,12,0.0434782609
American Samoa,2013,2014,12,0.0000000000
Niger,2013,2014,12,0.0434782609
Panama,2013,2014,12,0.0000000000
Seychelles,2013,2014,12,0.0000000000
Zimbabwe,2013,2014,12,0.0434782609
Germany,2013,2014,12,0.2631578947
"Hong Kong SAR, China",2013,2014,12,0.0909090909
Sub-Saharan Africa (IDA & IBRD countries),2013,2014,12,0.3333333333
France,2013,2014,12,0.0909090909
Suriname,2013,2014,12,0.0434782609
Montenegro,2013,2014,12,0.1428571429
Poland,2013,2014,12,0.1428571429
Slovak Republic,2013,2014,12,0.1428571429
Sri Lanka,2013,2014,12,0.0000000000
"Middle East, North Africa, Afghanistan & Pakistan (excluding high income)",2013,2014,12,0.3333333333
"Congo, Dem. Rep.",2013,2014,12,0.1428571429
South Asia,2013,2014,12,0.4117647059
Trinidad and Tobago,2013,2014,12,0.0000000000
Ukraine,2013,2014,12,0.0000000000
El Salvador,2013,2014,12,0.0000000000
Fiji,2013,2014,12,0.0434782609
French Polynesia,2013,2014,12,0.0909090909
Palau,2013,2014,12,0.0000000000
Pakistan,2013,2014,12,0.0909090909
Austria,2013,2014,12,0.0909090909
Maldives,2013,2014,12,0.0000000000
South Africa,2013,2014,12,0.0434782609
Guyana,2013,2014,12,0.0000000000
Turkiye,2013,2014,12,0.0000000000
Channel Islands,2013,2014,12,0.0434782609
Aruba,2013,2014,12,0.0434782609
Solomon Islands,2013,2014,12,0.0000000000
Kuwait,2013,2014,12,0.0909090909
Marshall Islands,2013,2014,12,0.0434782609
Morocco,2013,2014,12,0.0000000000
Puerto Rico (US),2013,2014,12,0.0909090909
Philippines,2013,2014,12,0.0434782609
Syrian Arab Republic,2013,2014,12,0.0909090909
Cyprus,2013,2014,12,0.0000000000
Caribbean small states,2013,2014,12,0.0434782609
Mauritius,2013,2014,12,0.0000000000
Jamaica,2013,2014,12,0.0000000000
Lao PDR,2013,2014,12,0.0909090909
Bhutan,2013,2014,12,0.0000000000
Senegal,2013,2014,12,0.0434782609
"Somalia, Fed. Rep.",2013,2014,12,0.2631578947
"Korea, Rep.",2013,2014,12,0.0000000000
St. Lucia,2013,2014,12,0.0434782609
World,2013,2014,12,1.0000000000
Eritrea,2013,2014,12,0.2000000000
Sao Tome and Principe,2013,2014,12,0.0909090909
Monaco,2013,2014,12,0.0909090909
Turks and Caicos Islands,2013,2014,12,0.0000000000
Greenland,2013,2014,12,0.0000000000
Timor-Leste,2013,2014,12,0.0909090909
Belgium,2013,2014,12,0.0434782609
European Union,2013,2014,12,0.7142857143
Cambodia,2013,2014,12,0.0000000000
Togo,2013,2014,12,0.0909090909
Bangladesh,2013,2014,12,0.0000000000
Afghanistan,2013,2014,12,0.0000000000
Colombia,2013,2014,12,0.0909090909
"Gambia, The",2013,2014,12,0.0000000000
Faroe Islands,2013,2014,12,0.1428571429
East Asia & Pacific (excluding high income),2013,2014,12,0.6000000000
Viet Nam,2013,2014,12,0.0000000000
China,2013,2014,12,0.8461538462
Pre-demographic dividend,2013,2014,12,0.4117647059
Israel,2013,2014,12,0.0434782609
Slovenia,2013,2014,12,0.0434782609
South Asia (IDA & IBRD),2013,2014,12,0.4117647059
Djibouti,2013,2014,12,0.0000000000
High income,2013,2014,12,0.8461538462
Turkmenistan,2013,2014,12,0.2000000000
East Asia & Pacific,2013,2014,12,0.7142857143
Vanuatu,2013,2014,12,0.0000000000
Comoros,2013,2014,12,0.0000000000
Cabo Verde,2013,2014,12,0.0434782609
Dominica,2013,2014,12,0.0434782609
Mauritania,2013,2014,12,0.0909090909
Late-demographic dividend,2013,2014,12,0.7142857143
South Sudan,2013,2014,12,0.0000000000
Africa Western and Central,2013,2014,12,0.4117647059
Latin America & Caribbean,2013,2014,12,0.6000000000
Lower middle income,2013,2014,12,0.7142857143
Tanzania,2013,2014,12,0.1428571429
Costa Rica,2013,2014,12,0.0000000000
"Congo, Rep.",2013,2014,12,0.0000000000
Fragile and conflict affected situations,2013,2014,12,0.2000000000
Nauru,2013,2014,12,0.0909090909
Australia,2013,2014,12,0.0000000000
Latvia,2013,2014,12,0.0909090909
St. Kitts and Nevis,2013,2014,12,0.0000000000
Czechia,2013,2014,12,0.0909090909
Small states,2013,2014,12,0.0909090909
Antigua and Barbuda,2013,2014,12,0.0000000000
Low & middle income,2013,2014,12,1.0000000000
Nicaragua,2013,2014,12,0.0909090909
Middle income,2013,2014,12,1.0000000000
"Bahamas, The",2013,2014,12,0.0000000000
Sierra Leone,2013,2014,12,0.0000000000
Sub-Saharan Africa,2013,2014,12,0.2631578947
Europe & Central Asia (excluding high income),2013,2014,12,0.2631578947
Upper middle income,2013,2014,12,0.7142857143
Latin America & Caribbean (excluding high income),2013,2014,12,0.6000000000
Other small states,2013,2014,12,0.0434782609
Grenada,2013,2014,12,0.0434782609
Zambia,2013,2014,12,0.0909090909
Rwanda,2013,2014,12,0.0909090909
Finland,2013,2014,12,0.0909090909
Guatemala,2013,2014,12,0.0434782609
Nigeria,2013,2014,12,0.3333333333
Post-demographic dividend,2013,2014,12,0.7142857143
Lesotho,2013,2014,12,0.0000000000
Spain,2013,2014,12,0.0434782609
West Bank and Gaza,2013,2014,12,0.0000000000
Least developed countries: UN classification,2013,2014,12,0.4117647059
Barbados,2013,2014,12,0.0434782609
"Middle East, North Africa, Afghanistan & Pakistan",2013,2014,12,0.3333333333
Sint Maarten (Dutch part),2013,2014,12,0.0000000000
Sub-Saharan Africa (excluding high income),2013,2014,12,0.3333333333
Early-demographic dividend,2013,2014,12,0.5000000000
Botswana,2013,2014,12,0.0434782609
Bulgaria,2013,2014,12,0.0434782609
"Iran, Islamic Rep.",2013,2014,12,0.0000000000
Mozambique,2013,2014,12,0.0434782609
North America,2013,2014,12,0.7142857143
Angola,2013,2014,12,0.0434782609
Japan,2013,2014,12,0.7142857143
Liberia,2013,2014,12,0.0000000000
Northern Mariana Islands,2013,2014,12,0.0000000000
"Yemen, Rep.",2013,2014,12,0.0000000000
Liechtenstein,2013,2014,12,0.0434782609
Switzerland,2013,2014,12,0.0434782609
San Marino,2013,2014,12,0.0909090909
United Arab Emirates,2013,2014,12,0.1428571429
United Kingdom,2013,2014,12,0.6000000000
North Macedonia,2013,2014,12,0.1428571429
Malaysia,2013,2014,12,0.0434782609
Argentina,2013,2014,12,0.0434782609
Cayman Islands,2013,2014,12,0.0000000000
Singapore,2013,2014,12,0.0000000000
Virgin Islands (U.S.),2013,2014,12,0.0434782609
Eswatini,2013,2014,12,0.0000000000
Russian Federation,2013,2014,12,0.0909090909
Bolivia,2013,2014,12,0.0909090909
Myanmar,2013,2014,12,0.2000000000
Arab World,2013,2014,12,0.0909090909
Belarus,2013,2014,12,0.0434782609
Ireland,2013,2014,12,0.0000000000
Burkina Faso,2013,2014,12,0.0000000000
Georgia,2013,2014,12,0.0434782609
Ecuador,2013,2014,12,0.0434782609
Namibia,2013,2014,12,0.0909090909
Kosovo,2013,2014,12,0.0434782609
Armenia,2013,2014,12,0.0909090909
Sweden,2013,2014,12,0.1428571429
Andorra,2013,2014,12,0.0000000000
IDA & IBRD total,2013,2014,12,1.0000000000
Jordan,2013,2014,12,0.1428571429
Libya,2013,2014,12,0.1428571429
Cameroon,2013,2014,12,0.0909090909
Curacao,2013,2014,12,0.0434782609
Chile,2013,2014,12,0.0000000000
Peru,2013,2014,12,0.0000000000
Mexico,2013,2014,12,0.0434782609
Africa Eastern and Southern,2013,2014,12,0.0000000000
Central African Republic,2013,2014,12,0.0000000000
Latin America & the Caribbean (IDA & IBRD countries),2013,2014,12,0.5000000000
Canada,2013,2014,12,0.4117647059
OECD members,2013,2014,12,1.0000000000
IDA blend,2013,2014,12,0.4117647059
Norway,2013,2014,12,0.0000000000
Benin,2013,2014,12,0.2000000000
Europe & Central Asia (IDA & IBRD countries),2013,2014,12,0.4117647059
Chad,2013,2014,12,0.0000000000
Hungary,2013,2014,12,0.1428571429
Moldova,2013,2014,12,0.0434782609
Tajikistan,2013,2014,12,0.1428571429
Kiribati,2013,2014,12,0.0000000000
Central Europe and the Baltics,2013,2014,12,0.1428571429
"Middle East, North Africa, Afghanistan & Pakistan (IDA & IBRD)",2013,2014,12,0.4117647059
IDA total,2013,2014,12,0.4117647059
Guinea,2013,2014,12,0.0434782609
Iraq,2013,2014,12,0.0000000000
Netherlands,2013,2014,12,0.0434782609
Belize,2013,2014,12,0.0909090909
Algeria,2013,2014,12,0.1428571429
Saudi Arabia,2013,2014,12,0.0434782609
Guinea-Bissau,2013,2014,12,0.0000000000
Lithuania,2013,2014,12,0.0909090909
Cuba,2013,2014,12,0.0000000000
Qatar,2013,2014,12,0.0434782609
United States,2013,2014,12,0.6000000000
Papua New Guinea,2013,2014,12,0.0000000000
Serbia,2013,2014,12,0.0000000000
Heavily indebted poor countries (HIPC),2013,2014,12,0.4117647059
Indonesia,2013,2014,12,0.0434782609
Haiti,2013,2014,12,0.0000000000
Portugal,2013,2014,12,0.0434782609
Thailand,2013,2014,12,0.0434782609
Dominican Republic,2013,2014,12,0.0000000000
Nepal,2013,2014,12,0.0000000000
Cote d'Ivoire,2013,2014,12,0.3333333333
Uzbekistan,2013,2014,12,0.2000000000
"Micronesia, Fed. Sts.",2013,2014,12,0.0909090909
Paraguay,2013,2014,12,0.0909090909
Malawi,2013,2014,12,0.1428571429
Equatorial Guinea,2013,2014,12,0.0909090909
Mongolia,2013,2014,12,0.1428571429
Isle of Man,2013,2014,12,0.0434782609
Albania,2013,2014,12,0.0434782609
Italy,2013,2014,12,0.1428571429
"Egypt, Arab Rep.",2013,2014,12,0.0000000000
Low income,2013,2014,12,0.1428571429
Tunisia,2013,2014,12,0.0000000000
Uganda,2013,2014,12,0.0434782609
Azerbaijan,2013,2014,12,0.0434782609
Luxembourg,2013,2014,12,0.1428571429
"Venezuela, RB",2013,2014,12,0.0000000000
Oman,2013,2014,12,0.0000000000
Tuvalu,2013,2014,12,0.0434782609
Estonia,2013,2014,12,0.0434782609
New Caledonia,2013,2014,12,0.0000000000
Malta,2013,2014,12,0.1428571429
Honduras,2013,2014,12,0.0909090909
Bermuda,2013,2014,12,0.0434782609
India,2013,2014,12,0.3333333333
St. Vincent and the Grenadines,2013,2014,12,0.0000000000
Uruguay,2013,2014,12,0.0000000000
Sudan,2013,2014,12,0.0000000000
East Asia & Pacific (IDA & IBRD countries),2013,2014,12,0.7142857143
Kyrgyz Republic,2014,2015,12,0.0434782609
Mali,2014,2015,12,0.2631578947
IBRD only,2014,2015,12,1.0000000000
Denmark,2014,2015,12,0.0434782609
Tonga,2014,2015,12,0.0909090909
Bosnia and Herzegovina,2014,2015,12,0.0434782609
Europe & Central Asia,2014,2015,12,0.8461538462
Guam,2014,2015,12,0.0434782609
"Macao SAR, China",2014,2015,12,0.0000000000
Madagascar,2014,2015,12,0.0434782609
Ethiopia,2014,2015,12,0.0909090909
Brunei Darussalam,2014,2015,12,0.0434782609
Iceland,2014,2015,12,0.0434782609
Pacific island small states,2014,2015,12,0.0000000000
Burundi,2014,2015,12,0.0434782609
Bahrain,2014,2015,12,0.0000000000
Ghana,2014,2015,12,0.0434782609
Kazakhstan,2014,2015,12,0.0434782609
Gabon,2014,2015,12,0.0434782609
IDA only,2014,2015,12,0.0909090909
Croatia,2014,2015,12,0.0000000000
New Zealand,2014,2015,12,0.0909090909
Samoa,2014,2015,12,0.0000000000
Kenya,2014,2015,12,0.0000000000
Brazil,2014,2015,12,0.0434782609
Euro area,2014,2015,12,0.6000000000
Greece,2014,2015,12,0.0000000000
Lebanon,2014,2015,12,0.0909090909
Romania,2014,2015,12,0.0000000000
American Samoa,2014,2015,12,0.0000000000
Niger,2014,2015,12,0.0000000000
Panama,2014,2015,12,0.0000000000
Seychelles,2014,2015,12,0.0434782609
Zimbabwe,2014,2015,12,0.0000000000
Germany,2014,2015,12,0.1428571429
"Hong Kong SAR, China",2014,2015,12,0.1428571429
Sub-Saharan Africa (IDA & IBRD countries),2014,2015,12,0.0909090909
France,2014,2015,12,0.0000000000
Suriname,2014,2015,12,0.0434782609
Montenegro,2014,2015,12,0.1428571429
Poland,2014,2015,12,0.0434782609
Slovak Republic,2014,2015,12,0.0434782609
Sri Lanka,2014,2015,12,0.0000000000
"Middle East, North Africa, Afghanistan & Pakistan (excluding high income)",2014,2015,12,0.1428571429
"Congo, Dem. Rep.",2014,2015,12,0.1428571429
South Asia,2014,2015,12,0.1428571429
Trinidad and Tobago,2014,2015,12,0.0434782609
Ukraine,2014,2015,12,0.1428571429
El Salvador,2014,2015,12,0.0909090909
Fiji,2014,2015,12,0.0000000000
French Polynesia,2014,2015,12,0.0000000000
Palau,2014,2015,12,0.0434782609
Pakistan,2014,2015,12,0.0000000000
Austria,2014,2015,12,0.0434782609
Maldives,2014,2015,12,0.0434782609
South Africa,2014,2015,12,0.0434782609
Guyana,2014,2015,12,0.0000000000
Turkiye,2014,2015,12,0.0434782609
Channel Islands,2014,2015,12,0.0909090909
Aruba,2014,2015,12,0.0434782609
Solomon Islands,2014,2015,12,0.1428571429
Kuwait,2014,2015,12,0.0434782609
Marshall Islands,2014,2015,12,0.0000000000
Morocco,2014,2015,12,0.0000000000
Puerto Rico (US),2014,2015,12,0.0434782609
Philippines,2014,2015,12,0.0434782609
Syrian Arab Republic,2014,2015,12,0.1428571429
Cyprus,2014,2015,12,0.0909090909
Caribbean small states,2014,2015,12,0.0434782609
Mauritius,2014,2015,12,0.0434782609
Jamaica,2014,2015,12,0.0909090909
Lao PDR,2014,2015,12,0.0909090909
Bhutan,2014,2015,12,0.0000000000
Senegal,2014,2015,12,0.1428571429
"Somalia, Fed. Rep.",2014,2015,12,0.2631578947
"Korea, Rep.",2014,2015,12,0.0000000000
St. Lucia,2014,2015,12,0.0909090909
World,2014,2015,12,0.8461538462
Sao Tome and Principe,2014,2015,12,0.0000000000
Turks and Caicos Islands,2014,2015,12,0.1428571429
Monaco,2014,2015,12,0.0434782609
Greenland,2014,2015,12,0.0000000000
Timor-Leste,2014,2015,12,0.0000000000
Belgium,2014,2015,12,0.0909090909
European Union,2014,2015,12,0.8461538462
Cambodia,2014,2015,12,0.0909090909
Togo,2014,2015,12,0.0434782609
Bangladesh,2014,2015,12,0.0434782609
Afghanistan,2014,2015,12,0.0909090909
Colombia,2014,2015,12,0.0434782609
"Gambia, The",2014,2015,12,0.0000000000
Faroe Islands,2014,2015,12,0.0000000000
East Asia & Pacific (excluding high income),2014,2015,12,0.7142857143
Viet Nam,2014,2015,12,0.1428571429
China,2014,2015,12,0.6000000000
Pre-demographic dividend,2014,2015,12,0.2000000000
Israel,2014,2015,12,0.0909090909
Slovenia,2014,2015,12,0.0434782609
South Asia (IDA & IBRD),2014,2015,12,0.1428571429
Djibouti,2014,2015,12,0.0000000000
High income,2014,2015,12,0.8461538462
Turkmenistan,2014,2015,12,0.0434782609
East Asia & Pacific,2014,2015,12,0.8461538462
Vanuatu,2014,2015,12,0.0000000000
Comoros,2014,2015,12,0.0434782609
Cabo Verde,2014,2015,12,0.0909090909
Dominica,2014,2015,12,0.0000000000
Mauritania,2014,2015,12,0.0434782609
Late-demographic dividend,2014,2015,12,0.6000000000
South Sudan,2014,2015,12,0.0434782609
Africa Western and Central,2014,2015,12,0.1428571429
Latin America & Caribbean,2014,2015,12,0.3333333333
Lower middle income,2014,2015,12,0.1428571429
Tanzania,2014,2015,12,0.0909090909
Costa Rica,2014,2015,12,0.0434782609
"Congo, Rep.",2014,2015,12,0.0000000000
Fragile and conflict affected situations,2014,2015,12,0.0909090909
Nauru,2014,2015,12,0.0000000000
Australia,2014,2015,12,0.0000000000
Latvia,2014,2015,12,0.0909090909
St. Kitts and Nevis,2014,2015,12,0.0000000000
Czechia,2014,2015,12,0.2000000000
Small states,2014,2015,12,0.0000000000
Antigua and Barbuda,2014,2015,12,0.0434782609
Low & middle income,2014,2015,12,1.0000000000
Nicaragua,2014,2015,12,0.0434782609
Middle income,2014,2015,12,1.0000000000
"Bahamas, The",2014,2015,12,0.0000000000
Sierra Leone,2014,2015,12,0.1428571429
Sub-Saharan Africa,2014,2015,12,0.0909090909
Europe & Central Asia (excluding high income),2014,2015,12,0.0434782609
Upper middle income,2014,2015,12,0.8461538462
Latin America & Caribbean (excluding high income),2014,2015,12,0.2631578947
Other small states,2014,2015,12,0.0000000000
Grenada,2014,2015,12,0.1428571429
Zambia,2014,2015,12,0.0000000000
Rwanda,2014,2015,12,0.0434782609
Finland,2014,2015,12,0.0434782609
Guatemala,2014,2015,12,0.0909090909
Nigeria,2014,2015,12,0.0434782609
Post-demographic dividend,2014,2015,12,0.7142857143
Lesotho,2014,2015,12,0.0000000000
Spain,2014,2015,12,0.0909090909
West Bank and Gaza,2014,2015,12,0.0000000000
Least developed countries: UN classification,2014,2015,12,0.1428571429
Barbados,2014,2015,12,0.0000000000
"Middle East, North Africa, Afghanistan & Pakistan",2014,2015,12,0.2000000000
Sint Maarten (Dutch part),2014,2015,12,0.0000000000
Sub-Saharan Africa (excluding high income),2014,2015,12,0.0909090909
Early-demographic dividend,2014,2015,12,0.4117647059
Botswana,2014,2015,12,0.0434782609
Bulgaria,2014,2015,12,0.0434782609
"Iran, Islamic Rep.",2014,2015,12,0.0000000000
Mozambique,2014,2015,12,0.1428571429
North America,2014,2015,12,0.7142857143
Angola,2014,2015,12,0.0000000000
Japan,2014,2015,12,0.0434782609
Liberia,2014,2015,12,0.0000000000
Northern Mariana Islands,2014,2015,12,0.0000000000
"Yemen, Rep.",2014,2015,12,0.0434782609
Liechtenstein,2014,2015,12,0.0000000000
Switzerland,2014,2015,12,0.0909090909
San Marino,2014,2015,12,0.0000000000
United Arab Emirates,2014,2015,12,0.0000000000
United Kingdom,2014,2015,12,0.2000000000
North Macedonia,2014,2015,12,0.0909090909
Malaysia,2014,2015,12,0.0000000000
Argentina,2014,2015,12,0.0000000000
Cayman Islands,2014,2015,12,0.0434782609
Singapore,2014,2015,12,0.0000000000
Virgin Islands (U.S.),2014,2015,12,0.0434782609
Eswatini,2014,2015,12,0.0434782609
Russian Federation,2014,2015,12,0.0434782609
Bolivia,2014,2015,12,0.0434782609
Myanmar,2014,2015,12,0.1428571429
Arab World,2014,2015,12,0.0000000000
Belarus,2014,2015,12,0.0000000000
Ireland,2014,2015,12,0.0909090909
Burkina Faso,2014,2015,12,0.0000000000
Georgia,2014,2015,12,0.0000000000
Ecuador,2014,2015,12,0.0434782609
Namibia,2014,2015,12,0.0434782609
Kosovo,2014,2015,12,0.0434782609
Armenia,2014,2015,12,0.0909090909
Sweden,2014,2015,12,0.0434782609
Andorra,2014,2015,12,0.2000000000
IDA & IBRD total,2014,2015,12,1.0000000000
Jordan,2014,2015,12,0.0000000000
Libya,2014,2015,12,0.0434782609
Cameroon,2014,2015,12,0.0909090909
Curacao,2014,2015,12,0.0000000000
Chile,2014,2015,12,0.0000000000
Peru,2014,2015,12,0.0000000000
Mexico,2014,2015,12,0.0000000000
Africa Eastern and Southern,2014,2015,12,0.1428571429
Central African Republic,2014,2015,12,0.0000000000
Latin America & the Caribbean (IDA & IBRD countries),2014,2015,12,0.2631578947
Canada,2014,2015,12,0.1428571429
OECD members,2014,2015,12,1.0000000000
IDA blend,2014,2015,12,0.2631578947
Norway,2014,2015,12,0.2000000000
Benin,2014,2015,12,0.0434782609
Europe & Central Asia (IDA & IBRD countries),2014,2015,12,0.2631578947
Chad,2014,2015,12,0.0000000000
Hungary,2014,2015,12,0.0434782609
Moldova,2014,2015,12,0.0434782609
Tajikistan,2014,2015,12,0.2631578947
Kiribati,2014,2015,12,0.0000000000
Central Europe and the Baltics,2014,2015,12,0.0434782609
"Middle East, North Africa, Afghanistan & Pakistan (IDA & IBRD)",2014,2015,12,0.2000000000
IDA total,2014,2015,12,0.2631578947
Guinea,2014,2015,12,0.0434782609
Iraq,2014,2015,12,0.0000000000
Netherlands,2014,2015,12,0.0000000000
Belize,2014,2015,12,0.0909090909
Algeria,2014,2015,12,0.0000000000
Saudi Arabia,2014,2015,12,0.0000000000
Guinea-Bissau,2014,2015,12,0.0000000000
Lithuania,2014,2015,12,0.0434782609
Cuba,2014,2015,12,0.0000000000
Qatar,2014,2015,12,0.0434782609
United States,2014,2015,12,1.0000000000
Papua New Guinea,2014,2015,12,0.0909090909
Serbia,2014,2015,12,0.0909090909
Heavily indebted poor countries (HIPC),2014,2015,12,0.0909090909
Indonesia,2014,2015,12,0.0434782609
Haiti,2014,2015,12,0.0909090909
Portugal,2014,2015,12,0.0434782609
Thailand,2014,2015,12,0.1428571429
Dominican Republic,2014,2015,12,0.2631578947
Nepal,2014,2015,12,0.0000000000
Cote d'Ivoire,2014,2015,12,0.2000000000
Uzbekistan,2014,2015,12,0.3333333333
"Micronesia, Fed. Sts.",2014,2015,12,0.0000000000
Paraguay,2014,2015,12,0.0000000000
Malawi,2014,2015,12,0.0434782609
Equatorial Guinea,2014,2015,12,0.0000000000
Mongolia,2014,2015,12,0.0000000000
Isle of Man,2014,2015,12,0.0000000000
Albania,2014,2015,12,0.1428571429
Italy,2014,2015,12,0.0000000000
"Egypt, Arab Rep.",2014,2015,12,0.0000000000
Low income,2014,2015,12,0.0434782609
Tunisia,2014,2015,12,0.0909090909
Uganda,2014,2015,12,0.0434782609
Azerbaijan,2014,2015,12,0.1428571429
Luxembourg,2014,2015,12,0.0434782609
"Venezuela, RB",2014,2015,12,0.0000000000
Oman,2014,2015,12,0.0434782609
Tuvalu,2014,2015,12,0.0000000000
Estonia,2014,2015,12,0.0000000000
New Caledonia,2014,2015,12,0.0000000000
Malta,2014,2015,12,0.0000000000
Honduras,2014,2015,12,0.0434782609
Bermuda,2014,2015,12,0.0000000000
India,2014,2015,12,0.1428571429
St. Martin (French part),2014,2015,12,0.0434782609
St. Vincent and the Grenadines,2014,2015,12,0.0000000000
Uruguay,2014,2015,12,0.0000000000
Sudan,2014,2015,12,0.0434782609
East Asia & Pacific (IDA & IBRD countries),2014,2015,12,0.6000000000
Kyrgyz Republic,2015,2016,12,0.0434782609
Mali,2015,2016,12,0.2631578947
IBRD only,2015,2016,12,1.0000000000
Denmark,2015,2016,12,0.0000000000
Tonga,2015,2016,12,0.0000000000
Bosnia and Herzegovina,2015,2016,12,0.0434782609
Europe & Central Asia,2015,2016,12,0.7142857143
Guam,2015,2016,12,0.1428571429
"Macao SAR, China",2015,2016,12,0.0909090909
Madagascar,2015,2016,12,0.0909090909
Ethiopia,2015,2016,12,0.0909090909
Brunei Darussalam,2015,2016,12,0.0434782609
Iceland,2015,2016,12,0.0434782609
Pacific island small states,2015,2016,12,0.2000000000
Burundi,2015,2016,12,0.0909090909
Bahrain,2015,2016,12,0.0434782609
Ghana,2015,2016,12,0.0434782609
Kazakhstan,2015,2016,12,0.0434782609
Gabon,2015,2016,12,0.0000000000
IDA only,2015,2016,12,0.1428571429
Croatia,2015,2016,12,0.0909090909
New Zealand,2015,2016,12,0.0000000000
Samoa,2015,2016,12,0.0434782609
Kenya,2015,2016,12,0.0434782609
Brazil,2015,2016,12,0.0434782609
Euro area,2015,2016,12,0.7142857143
Greece,2015,2016,12,0.0000000000
Lebanon,2015,2016,12,0.0434782609
Romania,2015,2016,12,0.0434782609
American Samoa,2015,2016,12,0.0434782609
Niger,2015,2016,12,0.0909090909
Panama,2015,2016,12,0.0434782609
Seychelles,2015,2016,12,0.0909090909
Zimbabwe,2015,2016,12,0.0000000000
Germany,2015,2016,12,0.0000000000
"Hong Kong SAR, China",2015,2016,12,0.0434782609
Sub-Saharan Africa (IDA & IBRD countries),2015,2016,12,0.0909090909
France,2015,2016,12,0.0909090909
Suriname,2015,2016,12,0.2000000000
Montenegro,2015,2016,12,0.0434782609
Poland,2015,2016,12,0.2000000000
Slovak Republic,2015,2016,12,0.0000000000
Sri Lanka,2015,2016,12,0.1428571429
"Middle East, North Africa, Afghanistan & Pakistan (excluding high income)",2015,2016,12,0.1428571429
"Congo, Dem. Rep.",2015,2016,12,0.0000000000
South Asia,2015,2016,12,0.2631578947
Trinidad and Tobago,2015,2016,12,0.0909090909
Ukraine,2015,2016,12,0.0000000000
El Salvador,2015,2016,12,0.0434782609
Fiji,2015,2016,12,0.0000000000
French Polynesia,2015,2016,12,0.0434782609
Palau,2015,2016,12,0.0000000000
Pakistan,2015,2016,12,0.0000000000
Austria,2015,2016,12,0.0000000000
Maldives,2015,2016,12,0.0000000000
South Africa,2015,2016,12,0.0000000000
Guyana,2015,2016,12,0.0000000000
Turkiye,2015,2016,12,0.0000000000
Channel Islands,2015,2016,12,0.0909090909
Aruba,2015,2016,12,0.0000000000
Solomon Islands,2015,2016,12,0.0000000000
Kuwait,2015,2016,12,0.0000000000
Marshall Islands,2015,2016,12,0.0000000000
Morocco,2015,2016,12,0.0000000000
Puerto Rico (US),2015,2016,12,0.0434782609
Philippines,2015,2016,12,0.0000000000
Syrian Arab Republic,2015,2016,12,0.2000000000
Cyprus,2015,2016,12,0.0000000000
Caribbean small states,2015,2016,12,0.0909090909
Mauritius,2015,2016,12,0.0434782609
Jamaica,2015,2016,12,0.0000000000
Lao PDR,2015,2016,12,0.0434782609
Bhutan,2015,2016,12,0.0434782609
Senegal,2015,2016,12,0.3333333333
"Somalia, Fed. Rep.",2015,2016,12,0.0000000000
"Korea, Rep.",2015,2016,12,0.0434782609
St. Lucia,2015,2016,12,0.0000000000
World,2015,2016,12,0.7142857143
Sao Tome and Principe,2015,2016,12,0.0000000000
Turks and Caicos Islands,2015,2016,12,0.0909090909
Monaco,2015,2016,12,0.0434782609
Greenland,2015,2016,12,0.0000000000
Timor-Leste,2015,2016,12,0.0000000000
Belgium,2015,2016,12,0.0000000000
European Union,2015,2016,12,0.7142857143
Cambodia,2015,2016,12,0.2000000000
Togo,2015,2016,12,0.0909090909
Bangladesh,2015,2016,12,0.0000000000
Afghanistan,2015,2016,12,0.0000000000
Colombia,2015,2016,12,0.0434782609
"Gambia, The",2015,2016,12,0.0000000000
Faroe Islands,2015,2016,12,0.0434782609
East Asia & Pacific (excluding high income),2015,2016,12,0.8461538462
Viet Nam,2015,2016,12,0.0909090909
China,2015,2016,12,0.8461538462
Pre-demographic dividend,2015,2016,12,0.0434782609
Israel,2015,2016,12,0.1428571429
Slovenia,2015,2016,12,0.0434782609
South Asia (IDA & IBRD),2015,2016,12,0.2631578947
Djibouti,2015,2016,12,0.0909090909
High income,2015,2016,12,1.0000000000
Turkmenistan,2015,2016,12,0.0000000000
East Asia & Pacific,2015,2016,12,0.7142857143
Vanuatu,2015,2016,12,0.1428571429
Comoros,2015,2016,12,0.0909090909
Cabo Verde,2015,2016,12,0.0000000000
Dominica,2015,2016,12,0.0000000000
Mauritania,2015,2016,12,0.0000000000
Late-demographic dividend,2015,2016,12,0.7142857143
South Sudan,2015,2016,12,0.1428571429
Africa Western and Central,2015,2016,12,0.0000000000
Latin America & Caribbean,2015,2016,12,0.2631578947
Lower middle income,2015,2016,12,0.0434782609
Tanzania,2015,2016,12,0.1428571429
Costa Rica,2015,2016,12,0.2000000000
"Congo, Rep.",2015,2016,12,0.0909090909
Fragile and conflict affected situations,2015,2016,12,0.1428571429
Nauru,2015,2016,12,0.0000000000
Australia,2015,2016,12,0.1428571429
Latvia,2015,2016,12,0.0909090909
St. Kitts and Nevis,2015,2016,12,0.0000000000
Czechia,2015,2016,12,0.0434782609
Small states,2015,2016,12,0.0434782609
Antigua and Barbuda,2015,2016,12,0.0909090909
Low & middle income,2015,2016,12,1.0000000000
Nicaragua,2015,2016,12,0.0909090909
Middle income,2015,2016,12,1.0000000000
"Bahamas, The",2015,2016,12,0.0909090909
Sierra Leone,2015,2016,12,0.0000000000
Sub-Saharan Africa,2015,2016,12,0.0909090909
Europe & Central Asia (excluding high income),2015,2016,12,0.0909090909
Upper middle income,2015,2016,12,1.0000000000
Latin America & Caribbean (excluding high income),2015,2016,12,0.2000000000
Other small states,2015,2016,12,0.0434782609
Grenada,2015,2016,12,0.0000000000
Zambia,2015,2016,12,0.0000000000
Rwanda,2015,2016,12,0.3333333333
Finland,2015,2016,12,0.0000000000
Guatemala,2015,2016,12,0.1428571429
Nigeria,2015,2016,12,0.0434782609
Post-demographic dividend,2015,2016,12,0.8461538462
Lesotho,2015,2016,12,0.0434782609
Spain,2015,2016,12,0.0909090909
West Bank and Gaza,2015,2016,12,0.0434782609
Least developed countries: UN classification,2015,2016,12,0.1428571429
Barbados,2015,2016,12,0.0434782609
"Middle East, North Africa, Afghanistan & Pakistan",2015,2016,12,0.2631578947
Sint Maarten (Dutch part),2015,2016,12,0.0434782609
Sub-Saharan Africa (excluding high income),2015,2016,12,0.0909090909
Early-demographic dividend,2015,2016,12,0.3333333333
Botswana,2015,2016,12,0.0000000000
Bulgaria,2015,2016,12,0.2000000000
"Iran, Islamic Rep.",2015,2016,12,0.0000000000
Mozambique,2015,2016,12,0.0000000000
North America,2015,2016,12,0.7142857143
Angola,2015,2016,12,0.0000000000
Japan,2015,2016,12,0.0434782609
Liberia,2015,2016,12,0.1428571429
Northern Mariana Islands,2015,2016,12,0.0000000000
"Yemen, Rep.",2015,2016,12,0.2000000000
Liechtenstein,2015,2016,12,0.0434782609
Switzerland,2015,2016,12,0.0000000000
San Marino,2015,2016,12,0.1428571429
United Arab Emirates,2015,2016,12,0.0000000000
United Kingdom,2015,2016,12,0.0000000000
North Macedonia,2015,2016,12,0.0909090909
Malaysia,2015,2016,12,0.0000000000
Argentina,2015,2016,12,0.0434782609
Cayman Islands,2015,2016,12,0.0909090909
Singapore,2015,2016,12,0.0434782609
Virgin Islands (U.S.),2015,2016,12,0.0000000000
Eswatini,2015,2016,12,0.0434782609
Russian Federation,2015,2016,12,0.0434782609
Bolivia,2015,2016,12,0.2000000000
Myanmar,2015,2016,12,0.2000000000
Arab World,2015,2016,12,0.0909090909
Belarus,2015,2016,12,0.1428571429
Ireland,2015,2016,12,0.0000000000
Burkina Faso,2015,2016,12,0.0434782609
Georgia,2015,2016,12,0.1428571429
Ecuador,2015,2016,12,0.0000000000
Namibia,2015,2016,12,0.0000000000
Kosovo,2015,2016,12,0.1428571429
Armenia,2015,2016,12,0.0434782609
Sweden,2015,2016,12,0.0434782609
Andorra,2015,2016,12,0.0909090909
IDA & IBRD total,2015,2016,12,0.8461538462
Jordan,2015,2016,12,0.1428571429
Libya,2015,2016,12,0.0909090909
Cameroon,2015,2016,12,0.1428571429
Curacao,2015,2016,12,0.0434782609
Chile,2015,2016,12,0.0909090909
Peru,2015,2016,12,0.0434782609
Mexico,2015,2016,12,0.0909090909
Africa Eastern and Southern,2015,2016,12,0.2000000000
Central African Republic,2015,2016,12,0.0434782609
Latin America & the Caribbean (IDA & IBRD countries),2015,2016,12,0.2631578947
Canada,2015,2016,12,0.0434782609
OECD members,2015,2016,12,0.8461538462
IDA blend,2015,2016,12,0.0434782609
Norway,2015,2016,12,0.0000000000
Benin,2015,2016,12,0.0434782609
Europe & Central Asia (IDA & IBRD countries),2015,2016,12,0.2631578947
Chad,2015,2016,12,0.0000000000
Hungary,2015,2016,12,0.0434782609
Moldova,2015,2016,12,0.0000000000
Tajikistan,2015,2016,12,0.2000000000
Kiribati,2015,2016,12,0.0909090909
Central Europe and the Baltics,2015,2016,12,0.0909090909
"Middle East, North Africa, Afghanistan & Pakistan (IDA & IBRD)",2015,2016,12,0.1428571429
IDA total,2015,2016,12,0.0909090909
Guinea,2015,2016,12,0.0434782609
Iraq,2015,2016,12,0.0434782609
Netherlands,2015,2016,12,0.0434782609
Belize,2015,2016,12,0.0434782609
Algeria,2015,2016,12,0.0000000000
Saudi Arabia,2015,2016,12,0.0434782609
Guinea-Bissau,2015,2016,12,0.2000000000
Lithuania,2015,2016,12,0.2000000000
Cuba,2015,2016,12,0.0000000000
Qatar,2015,2016,12,0.1428571429
United States,2015,2016,12,0.7142857143
Papua New Guinea,2015,2016,12,0.2000000000
Serbia,2015,2016,12,0.0434782609
Heavily indebted poor countries (HIPC),2015,2016,12,0.0909090909
Indonesia,2015,2016,12,0.0909090909
Haiti,2015,2016,12,0.0434782609
Portugal,2015,2016,12,0.0000000000
Thailand,2015,2016,12,0.1428571429
Dominican Republic,2015,2016,12,0.4117647059
Nepal,2015,2016,12,0.0000000000
Cote d'Ivoire,2015,2016,12,0.0434782609
Uzbekistan,2015,2016,12,0.4117647059
"Micronesia, Fed. Sts.",2015,2016,12,0.0000000000
Paraguay,2015,2016,12,0.0434782609
Malawi,2015,2016,12,0.0434782609
Equatorial Guinea,2015,2016,12,0.0000000000
Mongolia,2015,2016,12,0.0434782609
Isle of Man,2015,2016,12,0.0000000000
Albania,2015,2016,12,0.0909090909
Italy,2015,2016,12,0.0434782609
"Egypt, Arab Rep.",2015,2016,12,0.0434782609
Low income,2015,2016,12,0.0909090909
Tunisia,2015,2016,12,0.0434782609
Uganda,2015,2016,12,0.0434782609
Azerbaijan,2015,2016,12,0.0000000000
Luxembourg,2015,2016,12,0.0000000000
"Venezuela, RB",2015,2016,12,0.5000000000
Oman,2015,2016,12,0.0434782609
Tuvalu,2015,2016,12,0.0909090909
Estonia,2015,2016,12,0.0434782609
New Caledonia,2015,2016,12,0.2000000000
Malta,2015,2016,12,0.0000000000
Honduras,2015,2016,12,0.0909090909
Bermuda,2015,2016,12,0.0909090909
India,2015,2016,12,0.2000000000
St. Martin (French part),2015,2016,12,0.2631578947
St. Vincent and the Grenadines,2015,2016,12,0.0434782609
Uruguay,2015,2016,12,0.0000000000
Sudan,2015,2016,12,0.0434782609
East Asia & Pacific (IDA & IBRD countries),2015,2016,12,0.8461538462
Kyrgyz Republic,2016,2017,12,0.0000000000
Mali,2016,2017,12,0.0909090909
IBRD only,2016,2017,12,0.8461538462
Denmark,2016,2017,12,0.0000000000
Tonga,2016,2017,12,0.0434782609
Bosnia and Herzegovina,2016,2017,12,0.0000000000
Europe & Central Asia,2016,2017,12,0.5000000000
Guam,2016,2017,12,0.0000000000
"Macao SAR, China",2016,2017,12,0.0000000000
Madagascar,2016,2017,12,0.2000000000
Ethiopia,2016,2017,12,0.2000000000
Brunei Darussalam,2016,2017,12,0.0000000000
Iceland,2016,2017,12,0.0434782609
Pacific island small states,2016,2017,12,0.1428571429
Burundi,2016,2017,12,0.0434782609
Bahrain,2016,2017,12,0.1428571429
Ghana,2016,2017,12,0.0000000000
Kazakhstan,2016,2017,12,0.0000000000
Gabon,2016,2017,12,0.0434782609
IDA only,2016,2017,12,0.2631578947
Croatia,2016,2017,12,0.0434782609
New Zealand,2016,2017,12,0.0000000000
Samoa,2016,2017,12,0.0434782609
Kenya,2016,2017,12,0.1428571429
Brazil,2016,2017,12,0.0000000000
Euro area,2016,2017,12,0.3333333333
Greece,2016,2017,12,0.2631578947
Lebanon,2016,2017,12,0.0909090909
Romania,2016,2017,12,0.0000000000
American Samoa,2016,2017,12,0.2000000000
Niger,2016,2017,12,0.0000000000
Panama,2016,2017,12,0.0434782609
Seychelles,2016,2017,12,0.0434782609
Zimbabwe,2016,2017,12,0.0000000000
Germany,2016,2017,12,0.0434782609
"Hong Kong SAR, China",2016,2017,12,0.0434782609
Sub-Saharan Africa (IDA & IBRD countries),2016,2017,12,0.5000000000
France,2016,2017,12,0.0909090909
Suriname,2016,2017,12,0.0000000000
Montenegro,2016,2017,12,0.0909090909
Poland,2016,2017,12,0.1428571429
Slovak Republic,2016,2017,12,0.1428571429
Sri Lanka,2016,2017,12,0.0434782609
"Middle East, North Africa, Afghanistan & Pakistan (excluding high income)",2016,2017,12,0.1428571429
"Congo, Dem. Rep.",2016,2017,12,0.0909090909
South Asia,2016,2017,12,0.1428571429
Trinidad and Tobago,2016,2017,12,0.2000000000
Ukraine,2016,2017,12,0.0000000000
El Salvador,2016,2017,12,0.0434782609
Fiji,2016,2017,12,0.0000000000
French Polynesia,2016,2017,12,0.0000000000
Palau,2016,2017,12,0.0434782609
Pakistan,2016,2017,12,0.0434782609
Austria,2016,2017,12,0.0909090909
Maldives,2016,2017,12,0.1428571429
South Africa,2016,2017,12,0.0000000000
Guyana,2016,2017,12,0.0434782609
Turkiye,2016,2017,12,0.0000000000
Channel Islands,2016,2017,12,0.1428571429
Aruba,2016,2017,12,0.0434782609
Solomon Islands,2016,2017,12,0.0000000000
Kuwait,2016,2017,12,0.0909090909
Marshall Islands,2016,2017,12,0.0909090909
Morocco,2016,2017,12,0.0909090909
Puerto Rico (US),2016,2017,12,0.0434782609
Philippines,2016,2017,12,0.2000000000
Syrian Arab Republic,2016,2017,12,0.0000000000
Cyprus,2016,2017,12,0.0000000000
Caribbean small states,2016,2017,12,0.0909090909
Mauritius,2016,2017,12,0.0434782609
Jamaica,2016,2017,12,0.0909090909
Lao PDR,2016,2017,12,0.1428571429
Bhutan,2016,2017,12,0.0000000000
Senegal,2016,2017,12,0.0434782609
"Somalia, Fed. Rep.",2016,2017,12,0.1428571429
"Korea, Rep.",2016,2017,12,0.0000000000
St. Lucia,2016,2017,12,0.1428571429
World,2016,2017,12,0.7142857143
Sao Tome and Principe,2016,2017,12,0.0000000000
Turks and Caicos Islands,2016,2017,12,0.0000000000
Monaco,2016,2017,12,0.0434782609
Greenland,2016,2017,12,0.0434782609
Timor-Leste,2016,2017,12,0.0434782609
Belgium,2016,2017,12,0.1428571429
European Union,2016,2017,12,0.5000000000
Cambodia,2016,2017,12,0.0434782609
Togo,2016,2017,12,0.0000000000
Bangladesh,2016,2017,12,0.0909090909
Afghanistan,2016,2017,12,0.1428571429
Colombia,2016,2017,12,0.1428571429
"Gambia, The",2016,2017,12,0.0434782609
Faroe Islands,2016,2017,12,0.0000000000
East Asia & Pacific (excluding high income),2016,2017,12,0.5000000000
Viet Nam,2016,2017,12,0.2000000000
China,2016,2017,12,0.5000000000
Pre-demographic dividend,2016,2017,12,0.0909090909
Israel,2016,2017,12,0.1428571429
Slovenia,2016,2017,12,0.0000000000
South Asia (IDA & IBRD),2016,2017,12,0.1428571429
Djibouti,2016,2017,12,0.0000000000
High income,2016,2017,12,1.0000000000
Turkmenistan,2016,2017,12,0.1428571429
East Asia & Pacific,2016,2017,12,0.6000000000
Vanuatu,2016,2017,12,0.1428571429
Comoros,2016,2017,12,0.0000000000
Cabo Verde,2016,2017,12,0.2000000000
Dominica,2016,2017,12,0.0434782609
Mauritania,2016,2017,12,0.0434782609
Late-demographic dividend,2016,2017,12,0.7142857143
South Sudan,2016,2017,12,0.0000000000
Africa Western and Central,2016,2017,12,0.0434782609
Latin America & Caribbean,2016,2017,12,0.4117647059
Lower middle income,2016,2017,12,0.0434782609
Tanzania,2016,2017,12,0.2000000000
Costa Rica,2016,2017,12,0.2631578947
"Congo, Rep.",2016,2017,12,0.2000000000
Fragile and conflict affected situations,2016,2017,12,0.0000000000
Nauru,2016,2017,12,0.0000000000
Australia,2016,2017,12,0.0434782609
Latvia,2016,2017,12,0.0909090909
St. Kitts and Nevis,2016,2017,12,0.0434782609
Czechia,2016,2017,12,0.0434782609
Small states,2016,2017,12,0.0434782609
Antigua and Barbuda,2016,2017,12,0.0434782609
Low & middle income,2016,2017,12,0.8461538462
Nicaragua,2016,2017,12,0.0000000000
Middle income,2016,2017,12,0.8461538462
"Bahamas, The",2016,2017,12,0.0434782609
Sierra Leone,2016,2017,12,0.0909090909
Sub-Saharan Africa,2016,2017,12,0.4117647059
Europe & Central Asia (excluding high income),2016,2017,12,0.0000000000
Upper middle income,2016,2017,12,0.8461538462
Latin America & Caribbean (excluding high income),2016,2017,12,0.4117647059
Other small states,2016,2017,12,0.0434782609
Grenada,2016,2017,12,0.0909090909
Zambia,2016,2017,12,0.0000000000
Rwanda,2016,2017,12,0.0909090909
Finland,2016,2017,12,0.0434782609
Guatemala,2016,2017,12,0.0909090909
Nigeria,2016,2017,12,0.0000000000
Post-demographic dividend,2016,2017,12,0.7142857143
Lesotho,2016,2017,12,0.0000000000
Spain,2016,2017,12,0.0909090909
West Bank and Gaza,2016,2017,12,0.0909090909
Least developed countries: UN classification,2016,2017,12,0.2000000000
Barbados,2016,2017,12,0.0909090909
"Middle East, North Africa, Afghanistan & Pakistan",2016,2017,12,0.0434782609
Sint Maarten (Dutch part),2016,2017,12,0.0000000000
Sub-Saharan Africa (excluding high income),2016,2017,12,0.4117647059
Early-demographic dividend,2016,2017,12,0.2000000000
Botswana,2016,2017,12,0.0000000000
Bulgaria,2016,2017,12,0.0000000000
"Iran, Islamic Rep.",2016,2017,12,0.0909090909
Mozambique,2016,2017,12,0.0434782609
North America,2016,2017,12,0.6000000000
Angola,2016,2017,12,0.0000000000
Japan,2016,2017,12,0.0434782609
Liberia,2016,2017,12,0.0434782609
Northern Mariana Islands,2016,2017,12,0.1428571429
"Yemen, Rep.",2016,2017,12,0.1428571429
Liechtenstein,2016,2017,12,0.2000000000
Switzerland,2016,2017,12,0.0000000000
San Marino,2016,2017,12,0.0434782609
United Arab Emirates,2016,2017,12,0.0909090909
United Kingdom,2016,2017,12,0.0434782609
North Macedonia,2016,2017,12,0.0000000000
Malaysia,2016,2017,12,0.0000000000
Argentina,2016,2017,12,0.0000000000
Cayman Islands,2016,2017,12,0.0909090909
Singapore,2016,2017,12,0.0000000000
Virgin Islands (U.S.),2016,2017,12,0.0000000000
Eswatini,2016,2017,12,0.0000000000
Russian Federation,2016,2017,12,0.5000000000
Bolivia,2016,2017,12,0.2631578947
Myanmar,2016,2017,12,0.1428571429
Arab World,2016,2017,12,0.0434782609
Belarus,2016,2017,12,0.0434782609
Ireland,2016,2017,12,0.0000000000
Burkina Faso,2016,2017,12,0.0909090909
Georgia,2016,2017,12,0.0000000000
Ecuador,2016,2017,12,0.0000000000
Namibia,2016,2017,12,0.0909090909
Kosovo,2016,2017,12,0.0909090909
Armenia,2016,2017,12,0.0000000000
Sweden,2016,2017,12,0.0000000000
Andorra,2016,2017,12,0.0000000000
IDA & IBRD total,2016,2017,12,0.7142857143
Jordan,2016,2017,12,0.0434782609
Libya,2016,2017,12,0.0000000000
Cameroon,2016,2017,12,0.0000000000
Curacao,2016,2017,12,0.0909090909
Chile,2016,2017,12,0.2000000000
Peru,2016,2017,12,0.0000000000
Mexico,2016,2017,12,0.1428571429
Africa Eastern and Southern,2016,2017,12,0.0434782609
Central African Republic,2016,2017,12,0.0909090909
Latin America & the Caribbean (IDA & IBRD countries),2016,2017,12,0.4117647059
Canada,2016,2017,12,0.2000000000
OECD members,2016,2017,12,0.8461538462
IDA blend,2016,2017,12,0.0909090909
Norway,2016,2017,12,0.0000000000
Benin,2016,2017,12,0.0000000000
Europe & Central Asia (IDA & IBRD countries),2016,2017,12,0.5000000000
Chad,2016,2017,12,0.0434782609
Hungary,2016,2017,12,0.0909090909
Moldova,2016,2017,12,0.0000000000
Tajikistan,2016,2017,12,0.1428571429
Kiribati,2016,2017,12,0.0000000000
Central Europe and the Baltics,2016,2017,12,0.1428571429
"Middle East, North Africa, Afghanistan & Pakistan (IDA & IBRD)",2016,2017,12,0.1428571429
IDA total,2016,2017,12,0.2000000000
Guinea,2016,2017,12,0.2000000000
Iraq,2016,2017,12,0.0000000000
Netherlands,2016,2017,12,0.0434782609
Belize,2016,2017,12,0.0434782609
Algeria,2016,2017,12,0.0000000000
Saudi Arabia,2016,2017,12,0.0909090909
Guinea-Bissau,2016,2017,12,0.0909090909
Lithuania,2016,2017,12,0.0434782609
Cuba,2016,2017,12,0.0909090909
Qatar,2016,2017,12,0.0000000000
United States,2016,2017,12,0.7142857143
Papua New Guinea,2016,2017,12,0.0000000000
Serbia,2016,2017,12,0.0000000000
Heavily indebted poor countries (HIPC),2016,2017,12,0.0909090909
Indonesia,2016,2017,12,0.1428571429
Haiti,2016,2017,12,0.0909090909
Portugal,2016,2017,12,0.1428571429
Thailand,2016,2017,12,0.2000000000
Dominican Republic,2016,2017,12,0.0909090909
Nepal,2016,2017,12,0.0000000000
Cote d'Ivoire,2016,2017,12,0.2000000000
Uzbekistan,2016,2017,12,0.0000000000
"Micronesia, Fed. Sts.",2016,2017,12,0.0909090909
Paraguay,2016,2017,12,0.0909090909
Malawi,2016,2017,12,0.0434782609
Equatorial Guinea,2016,2017,12,0.0434782609
Mongolia,2016,2017,12,0.0000000000
Isle of Man,2016,2017,12,0.0434782609
Albania,2016,2017,12,0.0909090909
Italy,2016,2017,12,0.0434782609
"Egypt, Arab Rep.",2016,2017,12,0.0909090909
Low income,2016,2017,12,0.0909090909
Tunisia,2016,2017,12,0.0000000000
Uganda,2016,2017,12,0.0434782609
Azerbaijan,2016,2017,12,0.0909090909
Luxembourg,2016,2017,12,0.0000000000
"Venezuela, RB",2016,2017,12,0.0000000000
Oman,2016,2017,12,0.0909090909
Tuvalu,2016,2017,12,0.0434782609
Estonia,2016,2017,12,0.0909090909
New Caledonia,2016,2017,12,0.0000000000
Malta,2016,2017,12,0.0434782609
Honduras,2016,2017,12,0.1428571429
Bermuda,2016,2017,12,0.0434782609
India,2016,2017,12,0.1428571429
St. Martin (French part),2016,2017,12,0.0000000000
St. Vincent and the Grenadines,2016,2017,12,0.0000000000
Uruguay,2016,2017,12,0.0000000000
Sudan,2016,2017,12,0.0000000000
East Asia & Pacific (IDA & IBRD countries),2016,2017,12,0.4117647059
Kyrgyz Republic,2017,2018,12,0.0000000000
Mali,2017,2018,12,0.0909090909
IBRD only,2017,2018,12,0.7142857143
Denmark,2017,2018,12,0.0909090909
Tonga,2017,2018,12,0.0000000000
Bosnia and Herzegovina,2017,2018,12,0.0434782609
Europe & Central Asia,2017,2018,12,0.8461538462
Guam,2017,2018,12,0.1428571429
"Macao SAR, China",2017,2018,12,0.2631578947
Madagascar,2017,2018,12,0.0909090909
Ethiopia,2017,2018,12,0.2631578947
Brunei Darussalam,2017,2018,12,0.0909090909
Iceland,2017,2018,12,0.1428571429
Pacific island small states,2017,2018,12,0.2000000000
Burundi,2017,2018,12,0.1428571429
Bahrain,2017,2018,12,0.1428571429
Ghana,2017,2018,12,0.2000000000
Kazakhstan,2017,2018,12,0.2000000000
Gabon,2017,2018,12,0.0434782609
IDA only,2017,2018,12,0.3333333333
Croatia,2017,2018,12,0.0434782609
New Zealand,2017,2018,12,0.0909090909
Samoa,2017,2018,12,0.0909090909
Kenya,2017,2018,12,0.0000000000
Brazil,2017,2018,12,0.0909090909
Euro area,2017,2018,12,0.3333333333
Greece,2017,2018,12,0.0434782609
Lebanon,2017,2018,12,0.0434782609
Romania,2017,2018,12,0.0909090909
American Samoa,2017,2018,12,0.0434782609
Niger,2017,2018,12,0.0909090909
Panama,2017,2018,12,0.2000000000
Seychelles,2017,2018,12,0.0000000000
Zimbabwe,2017,2018,12,0.0000000000
Germany,2017,2018,12,0.0909090909
"Hong Kong SAR, China",2017,2018,12,0.0909090909
Sub-Saharan Africa (IDA & IBRD countries),2017,2018,12,0.2631578947
France,2017,2018,12,0.0000000000
Suriname,2017,2018,12,0.0000000000
Montenegro,2017,2018,12,0.3333333333
Poland,2017,2018,12,0.2631578947
Slovak Republic,2017,2018,12,0.0434782609
Sri Lanka,2017,2018,12,0.0000000000
"Middle East, North Africa, Afghanistan & Pakistan (excluding high income)",2017,2018,12,0.0434782609
"Congo, Dem. Rep.",2017,2018,12,0.0000000000
South Asia,2017,2018,12,0.0909090909
Trinidad and Tobago,2017,2018,12,0.1428571429
Ukraine,2017,2018,12,0.0434782609
El Salvador,2017,2018,12,0.0434782609
Fiji,2017,2018,12,0.1428571429
French Polynesia,2017,2018,12,0.0000000000
Palau,2017,2018,12,0.0434782609
Pakistan,2017,2018,12,0.0434782609
Austria,2017,2018,12,0.0909090909
Maldives,2017,2018,12,0.1428571429
South Africa,2017,2018,12,0.0000000000
Guyana,2017,2018,12,0.2631578947
Turkiye,2017,2018,12,0.0434782609
Channel Islands,2017,2018,12,0.0000000000
Aruba,2017,2018,12,0.1428571429
Solomon Islands,2017,2018,12,0.0434782609
Kuwait,2017,2018,12,0.0000000000
Marshall Islands,2017,2018,12,0.3333333333
Morocco,2017,2018,12,0.0434782609
Puerto Rico (US),2017,2018,12,0.2631578947
Philippines,2017,2018,12,0.0909090909
Syrian Arab Republic,2017,2018,12,0.0909090909
Cyprus,2017,2018,12,0.1428571429
Caribbean small states,2017,2018,12,0.0909090909
Mauritius,2017,2018,12,0.2000000000
Jamaica,2017,2018,12,0.0000000000
Lao PDR,2017,2018,12,0.1428571429
Bhutan,2017,2018,12,0.0909090909
Senegal,2017,2018,12,0.2631578947
"Somalia, Fed. Rep.",2017,2018,12,0.0000000000
"Korea, Rep.",2017,2018,12,0.0434782609
St. Lucia,2017,2018,12,0.1428571429
World,2017,2018,12,1.0000000000
Sao Tome and Principe,2017,2018,12,0.0434782609
Turks and Caicos Islands,2017,2018,12,0.0434782609
Monaco,2017,2018,12,0.0000000000
Greenland,2017,2018,12,0.1428571429
Timor-Leste,2017,2018,12,0.0434782609
Belgium,2017,2018,12,0.0434782609
European Union,2017,2018,12,0.4117647059
Cambodia,2017,2018,12,0.2000000000
Togo,2017,2018,12,0.0434782609
Bangladesh,2017,2018,12,0.0434782609
Afghanistan,2017,2018,12,0.0000000000
Colombia,2017,2018,12,0.1428571429
"Gambia, The",2017,2018,12,0.0434782609
Faroe Islands,2017,2018,12,0.3333333333
East Asia & Pacific (excluding high income),2017,2018,12,0.6000000000
Viet Nam,2017,2018,12,0.2000000000
China,2017,2018,12,0.6000000000
Pre-demographic dividend,2017,2018,12,0.2000000000
Israel,2017,2018,12,0.1428571429
Slovenia,2017,2018,12,0.0909090909
South Asia (IDA & IBRD),2017,2018,12,0.0909090909
Djibouti,2017,2018,12,0.0000000000
High income,2017,2018,12,0.8461538462
Turkmenistan,2017,2018,12,0.3333333333
East Asia & Pacific,2017,2018,12,0.7142857143
Vanuatu,2017,2018,12,0.2631578947
Comoros,2017,2018,12,0.0000000000
Cabo Verde,2017,2018,12,0.2631578947
Dominica,2017,2018,12,0.0909090909
Mauritania,2017,2018,12,0.0434782609
Late-demographic dividend,2017,2018,12,0.7142857143
South Sudan,2017,2018,12,0.7142857143
Africa Western and Central,2017,2018,12,0.2631578947
Latin America & Caribbean,2017,2018,12,0.7142857143
Lower middle income,2017,2018,12,0.4117647059
Tanzania,2017,2018,12,0.0434782609
Costa Rica,2017,2018,12,0.0000000000
"Congo, Rep.",2017,2018,12,0.0434782609
Fragile and conflict affected situations,2017,2018,12,0.2000000000
Nauru,2017,2018,12,0.2000000000
Australia,2017,2018,12,0.0000000000
Latvia,2017,2018,12,0.2631578947
St. Kitts and Nevis,2017,2018,12,0.0434782609
Czechia,2017,2018,12,0.1428571429
Small states,2017,2018,12,0.0434782609
Antigua and Barbuda,2017,2018,12,0.0434782609
Low & middle income,2017,2018,12,0.8461538462
Nicaragua,2017,2018,12,0.0000000000
Middle income,2017,2018,12,0.8461538462
"Bahamas, The",2017,2018,12,0.0434782609
Sierra Leone,2017,2018,12,0.0000000000
Sub-Saharan Africa,2017,2018,12,0.2631578947
Europe & Central Asia (excluding high income),2017,2018,12,0.0434782609
Upper middle income,2017,2018,12,0.8461538462
Latin America & Caribbean (excluding high income),2017,2018,12,0.7142857143
Other small states,2017,2018,12,0.0434782609
Grenada,2017,2018,12,0.1428571429
Zambia,2017,2018,12,0.0434782609
Rwanda,2017,2018,12,0.0000000000
Finland,2017,2018,12,0.0434782609
Guatemala,2017,2018,12,0.0434782609
Nigeria,2017,2018,12,0.0434782609
Post-demographic dividend,2017,2018,12,0.8461538462
Lesotho,2017,2018,12,0.0909090909
Spain,2017,2018,12,0.1428571429
West Bank and Gaza,2017,2018,12,0.0909090909
Least developed countries: UN classification,2017,2018,12,0.3333333333
Barbados,2017,2018,12,0.1428571429
"Middle East, North Africa, Afghanistan & Pakistan",2017,2018,12,0.5000000000
Sint Maarten (Dutch part),2017,2018,12,0.2000000000
Sub-Saharan Africa (excluding high income),2017,2018,12,0.4117647059
Early-demographic dividend,2017,2018,12,0.6000000000
Botswana,2017,2018,12,0.0909090909
Bulgaria,2017,2018,12,0.0000000000
"Iran, Islamic Rep.",2017,2018,12,0.0000000000
Mozambique,2017,2018,12,0.0909090909
North America,2017,2018,12,0.8461538462
Angola,2017,2018,12,0.0434782609
Japan,2017,2018,12,0.6000000000
Liberia,2017,2018,12,0.0000000000
Northern Mariana Islands,2017,2018,12,0.0000000000
"Yemen, Rep.",2017,2018,12,0.0434782609
Liechtenstein,2017,2018,12,0.0909090909
Switzerland,2017,2018,12,0.2631578947
San Marino,2017,2018,12,0.0909090909
United Arab Emirates,2017,2018,12,0.0909090909
United Kingdom,2017,2018,12,0.0434782609
North Macedonia,2017,2018,12,0.0000000000
Malaysia,2017,2018,12,0.1428571429
Argentina,2017,2018,12,0.0434782609
Cayman Islands,2017,2018,12,0.2631578947
Singapore,2017,2018,12,0.0434782609
Virgin Islands (U.S.),2017,2018,12,0.0434782609
Eswatini,2017,2018,12,0.0000000000
Russian Federation,2017,2018,12,0.5000000000
Bolivia,2017,2018,12,0.0434782609
Myanmar,2017,2018,12,0.4117647059
Arab World,2017,2018,12,0.3333333333
Belarus,2017,2018,12,0.0434782609
Ireland,2017,2018,12,0.0000000000
Burkina Faso,2017,2018,12,0.1428571429
Georgia,2017,2018,12,0.0434782609
Ecuador,2017,2018,12,0.0000000000
Namibia,2017,2018,12,0.2000000000
Kosovo,2017,2018,12,0.0909090909
Armenia,2017,2018,12,0.0909090909
Sweden,2017,2018,12,0.2000000000
Andorra,2017,2018,12,0.0909090909
IDA & IBRD total,2017,2018,12,0.8461538462
Jordan,2017,2018,12,0.0909090909
Libya,2017,2018,12,0.1428571429
Cameroon,2017,2018,12,0.0909090909
Curacao,2017,2018,12,0.0434782609
Chile,2017,2018,12,0.0000000000
Peru,2017,2018,12,0.0000000000
Mexico,2017,2018,12,0.0909090909
Africa Eastern and Southern,2017,2018,12,0.0000000000
Central African Republic,2017,2018,12,0.0909090909
Latin America & the Caribbean (IDA & IBRD countries),2017,2018,12,0.7142857143
Canada,2017,2018,12,0.2631578947
OECD members,2017,2018,12,0.8461538462
IDA blend,2017,2018,12,0.2000000000
Norway,2017,2018,12,0.0909090909
Benin,2017,2018,12,0.1428571429
Europe & Central Asia (IDA & IBRD countries),2017,2018,12,0.6000000000
Chad,2017,2018,12,0.0000000000
Hungary,2017,2018,12,0.0000000000
Moldova,2017,2018,12,0.0434782609
Tajikistan,2017,2018,12,0.2631578947
Kiribati,2017,2018,12,0.0000000000
Central Europe and the Baltics,2017,2018,12,0.2631578947
"Middle East, North Africa, Afghanistan & Pakistan (IDA & IBRD)",2017,2018,12,0.0434782609
IDA total,2017,2018,12,0.2631578947
Guinea,2017,2018,12,0.1428571429
Iraq,2017,2018,12,0.0000000000
Netherlands,2017,2018,12,0.0434782609
Belize,2017,2018,12,0.0909090909
Algeria,2017,2018,12,0.0434782609
Saudi Arabia,2017,2018,12,0.2000000000
Guinea-Bissau,2017,2018,12,0.0434782609
Lithuania,2017,2018,12,0.0909090909
Cuba,2017,2018,12,0.0000000000
Qatar,2017,2018,12,0.0434782609
United States,2017,2018,12,0.6000000000
Papua New Guinea,2017,2018,12,0.0434782609
Serbia,2017,2018,12,0.0434782609
Heavily indebted poor countries (HIPC),2017,2018,12,0.2631578947
Indonesia,2017,2018,12,0.1428571429
Haiti,2017,2018,12,0.0000000000
Portugal,2017,2018,12,0.0000000000
Thailand,2017,2018,12,0.2631578947
Dominican Republic,2017,2018,12,0.0000000000
Nepal,2017,2018,12,0.2631578947
Cote d'Ivoire,2017,2018,12,0.0909090909
Uzbekistan,2017,2018,12,0.0434782609
"Micronesia, Fed. Sts.",2017,2018,12,0.0909090909
Paraguay,2017,2018,12,0.0434782609
Malawi,2017,2018,12,0.0000000000
Equatorial Guinea,2017,2018,12,0.3333333333
Mongolia,2017,2018,12,0.0909090909
Isle of Man,2017,2018,12,0.0434782609
Albania,2017,2018,12,0.0909090909
Italy,2017,2018,12,0.0000000000
"Egypt, Arab Rep.",2017,2018,12,0.0000000000
Low income,2017,2018,12,0.1428571429
Tunisia,2017,2018,12,0.0909090909
Uganda,2017,2018,12,0.0000000000
Azerbaijan,2017,2018,12,0.0909090909
Luxembourg,2017,2018,12,0.0434782609
Oman,2017,2018,12,0.0434782609
Tuvalu,2017,2018,12,0.0000000000
Estonia,2017,2018,12,0.2000000000
New Caledonia,2017,2018,12,0.0000000000
Malta,2017,2018,12,0.1428571429
Honduras,2017,2018,12,0.2000000000
Bermuda,2017,2018,12,0.0434782609
India,2017,2018,12,0.0909090909
St. Martin (French part),2017,2018,12,0.7142857143
St. Vincent and the Grenadines,2017,2018,12,0.0000000000
Uruguay,2017,2018,12,0.1428571429
Sudan,2017,2018,12,0.0000000000
East Asia & Pacific (IDA & IBRD countries),2017,2018,12,0.5000000000
Kyrgyz Republic,2018,2019,12,0.0000000000
Mali,2018,2019,12,0.2000000000
IBRD only,2018,2019,12,0.8461538462
Denmark,2018,2019,12,0.1428571429
Tonga,2018,2019,12,0.0000000000
Bosnia and Herzegovina,2018,2019,12,0.2631578947
Europe & Central Asia,2018,2019,12,0.6000000000
Guam,2018,2019,12,0.0000000000
"Macao SAR, China",2018,2019,12,0.0000000000
Madagascar,2018,2019,12,0.0434782609
Ethiopia,2018,2019,12,0.3333333333
Brunei Darussalam,2018,2019,12,0.0434782609
Iceland,2018,2019,12,0.0434782609
Pacific island small states,2018,2019,12,0.0434782609
Burundi,2018,2019,12,0.0909090909
Bahrain,2018,2019,12,0.2000000000
Ghana,2018,2019,12,0.0909090909
Kazakhstan,2018,2019,12,0.0434782609
Gabon,2018,2019,12,0.0434782609
IDA only,2018,2019,12,0.3333333333
Croatia,2018,2019,12,0.0909090909
New Zealand,2018,2019,12,0.0434782609
Samoa,2018,2019,12,0.0000000000
Kenya,2018,2019,12,0.0434782609
Brazil,2018,2019,12,0.1428571429
Euro area,2018,2019,12,0.6000000000
Greece,2018,2019,12,0.1428571429
Lebanon,2018,2019,12,0.2000000000
Romania,2018,2019,12,0.0000000000
American Samoa,2018,2019,12,0.0909090909
Niger,2018,2019,12,0.2000000000
Panama,2018,2019,12,0.0909090909
Seychelles,2018,2019,12,0.0434782609
Zimbabwe,2018,2019,12,0.0000000000
Germany,2018,2019,12,0.2000000000
"Hong Kong SAR, China",2018,2019,12,0.0909090909
Sub-Saharan Africa (IDA & IBRD countries),2018,2019,12,0.6000000000
France,2018,2019,12,0.3333333333
Suriname,2018,2019,12,0.0000000000
Montenegro,2018,2019,12,0.2000000000
Poland,2018,2019,12,0.0434782609
Slovak Republic,2018,2019,12,0.0434782609
Sri Lanka,2018,2019,12,0.0434782609
"Middle East, North Africa, Afghanistan & Pakistan (excluding high income)",2018,2019,12,0.5000000000
"Congo, Dem. Rep.",2018,2019,12,0.0434782609
South Asia,2018,2019,12,0.5000000000
Trinidad and Tobago,2018,2019,12,0.0909090909
Ukraine,2018,2019,12,0.0000000000
El Salvador,2018,2019,12,0.0909090909
Fiji,2018,2019,12,0.0000000000
French Polynesia,2018,2019,12,0.0909090909
Palau,2018,2019,12,0.0434782609
Pakistan,2018,2019,12,0.0000000000
Austria,2018,2019,12,0.0000000000
Maldives,2018,2019,12,0.2000000000
South Africa,2018,2019,12,0.0434782609
Guyana,2018,2019,12,0.0434782609
Turkiye,2018,2019,12,0.0909090909
Channel Islands,2018,2019,12,0.0434782609
Aruba,2018,2019,12,0.0909090909
Solomon Islands,2018,2019,12,0.0000000000
Kuwait,2018,2019,12,0.0909090909
Marshall Islands,2018,2019,12,0.0434782609
Morocco,2018,2019,12,0.0909090909
Puerto Rico (US),2018,2019,12,0.0000000000
Philippines,2018,2019,12,0.1428571429
Syrian Arab Republic,2018,2019,12,0.0909090909
Cyprus,2018,2019,12,0.0000000000
Caribbean small states,2018,2019,12,0.0434782609
Mauritius,2018,2019,12,0.0909090909
Jamaica,2018,2019,12,0.0434782609
Lao PDR,2018,2019,12,0.0909090909
Bhutan,2018,2019,12,0.0434782609
Senegal,2018,2019,12,0.0434782609
"Somalia, Fed. Rep.",2018,2019,12,0.0909090909
"Korea, Rep.",2018,2019,12,0.1428571429
St. Lucia,2018,2019,12,0.0909090909
World,2018,2019,12,0.8461538462
Sao Tome and Principe,2018,2019,12,0.0000000000
Turks and Caicos Islands,2018,2019,12,0.0434782609
Monaco,2018,2019,12,0.1428571429
Greenland,2018,2019,12,0.0000000000
Timor-Leste,2018,2019,12,0.0000000000
Belgium,2018,2019,12,0.0434782609
European Union,2018,2019,12,0.7142857143
Cambodia,2018,2019,12,0.2631578947
Togo,2018,2019,12,0.2631578947
Bangladesh,2018,2019,12,0.1428571429
Afghanistan,2018,2019,12,0.0434782609
Colombia,2018,2019,12,0.1428571429
"Gambia, The",2018,2019,12,0.0909090909
Faroe Islands,2018,2019,12,0.0434782609
East Asia & Pacific (excluding high income),2018,2019,12,0.6000000000
Viet Nam,2018,2019,12,0.0909090909
China,2018,2019,12,0.6000000000
Pre-demographic dividend,2018,2019,12,0.0909090909
Israel,2018,2019,12,0.0909090909
Slovenia,2018,2019,12,0.0434782609
South Asia (IDA & IBRD),2018,2019,12,0.4117647059
Djibouti,2018,2019,12,0.0000000000
High income,2018,2019,12,0.8461538462
Turkmenistan,2018,2019,12,0.2631578947
East Asia & Pacific,2018,2019,12,0.7142857143
Vanuatu,2018,2019,12,0.1428571429
Comoros,2018,2019,12,0.0909090909
Cabo Verde,2018,2019,12,0.0000000000
Dominica,2018,2019,12,0.0434782609
Mauritania,2018,2019,12,0.0434782609
Late-demographic dividend,2018,2019,12,0.7142857143
South Sudan,2018,2019,12,0.8461538462
Africa Western and Central,2018,2019,12,0.2631578947
Latin America & Caribbean,2018,2019,12,0.7142857143
Lower middle income,2018,2019,12,0.8461538462
Tanzania,2018,2019,12,0.0909090909
Costa Rica,2018,2019,12,0.1428571429
"Congo, Rep.",2018,2019,12,0.0000000000
Fragile and conflict affected situations,2018,2019,12,0.0909090909
Nauru,2018,2019,12,0.0000000000
Australia,2018,2019,12,0.0434782609
Latvia,2018,2019,12,0.0000000000
St. Kitts and Nevis,2018,2019,12,0.0000000000
Czechia,2018,2019,12,0.2000000000
Small states,2018,2019,12,0.0434782609
Antigua and Barbuda,2018,2019,12,0.0000000000
Low & middle income,2018,2019,12,0.7142857143
Nicaragua,2018,2019,12,0.0434782609
Middle income,2018,2019,12,0.6000000000
"Bahamas, The",2018,2019,12,0.0434782609
Sierra Leone,2018,2019,12,0.0000000000
Sub-Saharan Africa,2018,2019,12,0.6000000000
Europe & Central Asia (excluding high income),2018,2019,12,0.0434782609
Upper middle income,2018,2019,12,0.5000000000
Latin America & Caribbean (excluding high income),2018,2019,12,0.8461538462
Other small states,2018,2019,12,0.0909090909
Grenada,2018,2019,12,0.0000000000
Zambia,2018,2019,12,0.0434782609
Rwanda,2018,2019,12,0.2000000000
Finland,2018,2019,12,0.1428571429
Guatemala,2018,2019,12,0.0000000000
Nigeria,2018,2019,12,0.0909090909
Post-demographic dividend,2018,2019,12,0.8461538462
Lesotho,2018,2019,12,0.1428571429
Spain,2018,2019,12,0.1428571429
West Bank and Gaza,2018,2019,12,0.2000000000
Least developed countries: UN classification,2018,2019,12,0.3333333333
Barbados,2018,2019,12,0.0434782609
"Middle East, North Africa, Afghanistan & Pakistan",2018,2019,12,0.3333333333
Sint Maarten (Dutch part),2018,2019,12,0.0000000000
Sub-Saharan Africa (excluding high income),2018,2019,12,0.6000000000
Early-demographic dividend,2018,2019,12,0.6000000000
Botswana,2018,2019,12,0.0000000000
Bulgaria,2018,2019,12,0.0000000000
"Iran, Islamic Rep.",2018,2019,12,0.2000000000
Mozambique,2018,2019,12,0.0000000000
North America,2018,2019,12,0.6000000000
Angola,2018,2019,12,0.0434782609
Japan,2018,2019,12,0.6000000000
Liberia,2018,2019,12,0.0909090909
Northern Mariana Islands,2018,2019,12,0.1428571429
Liechtenstein,2018,2019,12,0.0000000000
Switzerland,2018,2019,12,0.0434782609
San Marino,2018,2019,12,0.0000000000
United Arab Emirates,2018,2019,12,0.0434782609
United Kingdom,2018,2019,12,0.2000000000
North Macedonia,2018,2019,12,0.0434782609
Malaysia,2018,2019,12,0.2000000000
Argentina,2018,2019,12,0.0909090909
Cayman Islands,2018,2019,12,0.1428571429
Singapore,2018,2019,12,0.0000000000
Virgin Islands (U.S.),2018,2019,12,0.0909090909
Eswatini,2018,2019,12,0.0000000000
Russian Federation,2018,2019,12,0.3333333333
Bolivia,2018,2019,12,0.0434782609
Myanmar,2018,2019,12,0.2631578947
Arab World,2018,2019,12,0.5000000000
Belarus,2018,2019,12,0.0434782609
Ireland,2018,2019,12,0.0909090909
Burkina Faso,2018,2019,12,0.0909090909
Georgia,2018,2019,12,0.0000000000
Ecuador,2018,2019,12,0.0000000000
Namibia,2018,2019,12,0.0434782609
Kosovo,2018,2019,12,0.0000000000
Armenia,2018,2019,12,0.0000000000
Sweden,2018,2019,12,0.0000000000
Andorra,2018,2019,12,0.0434782609
IDA & IBRD total,2018,2019,12,0.8461538462
Jordan,2018,2019,12,0.0909090909
Libya,2018,2019,12,0.0000000000
Cameroon,2018,2019,12,0.1428571429
Curacao,2018,2019,12,0.1428571429
Chile,2018,2019,12,0.0909090909
Peru,2018,2019,12,0.0909090909
Mexico,2018,2019,12,0.0434782609
Africa Eastern and Southern,2018,2019,12,0.2000000000
Central African Republic,2018,2019,12,0.1428571429
Latin America & the Caribbean (IDA & IBRD countries),2018,2019,12,0.6000000000
Canada,2018,2019,12,0.4117647059
OECD members,2018,2019,12,0.8461538462
IDA blend,2018,2019,12,0.2631578947
Norway,2018,2019,12,0.0434782609
Benin,2018,2019,12,0.0909090909
Europe & Central Asia (IDA & IBRD countries),2018,2019,12,0.6000000000
Chad,2018,2019,12,0.1428571429
Hungary,2018,2019,12,0.0000000000
Moldova,2018,2019,12,0.0434782609
Tajikistan,2018,2019,12,0.2631578947
Kiribati,2018,2019,12,0.0434782609
Central Europe and the Baltics,2018,2019,12,0.0909090909
"Middle East, North Africa, Afghanistan & Pakistan (IDA & IBRD)",2018,2019,12,0.5000000000
IDA total,2018,2019,12,0.2631578947
Guinea,2018,2019,12,0.0000000000
Iraq,2018,2019,12,0.0000000000
Netherlands,2018,2019,12,0.0434782609
Belize,2018,2019,12,0.0000000000
Algeria,2018,2019,12,0.1428571429
Saudi Arabia,2018,2019,12,0.1428571429
Guinea-Bissau,2018,2019,12,0.0000000000
Lithuania,2018,2019,12,0.0909090909
Cuba,2018,2019,12,0.0434782609
Qatar,2018,2019,12,0.0434782609
United States,2018,2019,12,0.6000000000
Papua New Guinea,2018,2019,12,0.0000000000
Serbia,2018,2019,12,0.0909090909
Heavily indebted poor countries (HIPC),2018,2019,12,0.2631578947
Indonesia,2018,2019,12,0.0909090909
Haiti,2018,2019,12,0.0000000000
Portugal,2018,2019,12,0.0909090909
Thailand,2018,2019,12,0.0000000000
Dominican Republic,2018,2019,12,0.1428571429
Nepal,2018,2019,12,0.2000000000
Cote d'Ivoire,2018,2019,12,0.0000000000
Uzbekistan,2018,2019,12,0.1428571429
"Micronesia, Fed. Sts.",2018,2019,12,0.0000000000
Paraguay,2018,2019,12,0.0000000000
Malawi,2018,2019,12,0.0434782609
Equatorial Guinea,2018,2019,12,0.2000000000
Mongolia,2018,2019,12,0.2000000000
Isle of Man,2018,2019,12,0.0909090909
Albania,2018,2019,12,0.0000000000
Italy,2018,2019,12,0.0909090909
"Egypt, Arab Rep.",2018,2019,12,0.1428571429
Low income,2018,2019,12,0.2631578947
Tunisia,2018,2019,12,0.0909090909
Uganda,2018,2019,12,0.2000000000
Azerbaijan,2018,2019,12,0.0434782609
Luxembourg,2018,2019,12,0.0434782609
Oman,2018,2019,12,0.0000000000
Tuvalu,2018,2019,12,0.0000000000
Estonia,2018,2019,12,0.2000000000
New Caledonia,2018,2019,12,0.0000000000
Malta,2018,2019,12,0.1428571429
Honduras,2018,2019,12,0.1428571429
Bermuda,2018,2019,12,0.0909090909
India,2018,2019,12,0.5000000000
St. Martin (French part),2018,2019,12,0.0000000000
St. Vincent and the Grenadines,2018,2019,12,0.0434782609
Uruguay,2018,2019,12,0.1428571429
Sudan,2018,2019,12,0.2631578947
East Asia & Pacific (IDA & IBRD countries),2018,2019,12,0.6000000000
Kyrgyz Republic,2019,2020,12,0.0000000000
Mali,2019,2020,12,0.2000000000
IBRD only,2019,2020,12,1.0000000000
Denmark,2019,2020,12,0.0000000000
Tonga,2019,2020,12,0.0000000000
Bosnia and Herzegovina,2019,2020,12,0.0434782609
Europe & Central Asia,2019,2020,12,0.6000000000
Guam,2019,2020,12,0.0909090909
"Macao SAR, China",2019,2020,12,0.0000000000
Madagascar,2019,2020,12,0.0000000000
Ethiopia,2019,2020,12,0.2631578947
Brunei Darussalam,2019,2020,12,0.0000000000
Iceland,2019,2020,12,0.0434782609
Pacific island small states,2019,2020,12,0.0000000000
Burundi,2019,2020,12,0.0000000000
Bahrain,2019,2020,12,0.2000000000
Ghana,2019,2020,12,0.0434782609
Kazakhstan,2019,2020,12,0.0909090909
Gabon,2019,2020,12,0.0909090909
IDA only,2019,2020,12,0.3333333333
Croatia,2019,2020,12,0.0434782609
New Zealand,2019,2020,12,0.0434782609
Samoa,2019,2020,12,0.0000000000
Kenya,2019,2020,12,0.0434782609
Brazil,2019,2020,12,0.0000000000
Euro area,2019,2020,12,0.0909090909
Greece,2019,2020,12,0.0909090909
Lebanon,2019,2020,12,0.0909090909
Romania,2019,2020,12,0.0000000000
American Samoa,2019,2020,12,0.0000000000
Niger,2019,2020,12,0.1428571429
Panama,2019,2020,12,0.0000000000
Seychelles,2019,2020,12,0.0000000000
Zimbabwe,2019,2020,12,0.1428571429
Germany,2019,2020,12,0.2000000000
"Hong Kong SAR, China",2019,2020,12,0.0000000000
Sub-Saharan Africa (IDA & IBRD countries),2019,2020,12,0.2000000000
France,2019,2020,12,0.1428571429
Suriname,2019,2020,12,0.0000000000
Montenegro,2019,2020,12,0.0434782609
Poland,2019,2020,12,0.0909090909
Slovak Republic,2019,2020,12,0.0909090909
Sri Lanka,2019,2020,12,0.0000000000
"Middle East, North Africa, Afghanistan & Pakistan (excluding high income)",2019,2020,12,0.2631578947
"Congo, Dem. Rep.",2019,2020,12,0.0434782609
South Asia,2019,2020,12,0.6000000000
Trinidad and Tobago,2019,2020,12,0.0434782609
Ukraine,2019,2020,12,0.0000000000
El Salvador,2019,2020,12,0.0000000000
Fiji,2019,2020,12,0.0000000000
French Polynesia,2019,2020,12,0.0909090909
Palau,2019,2020,12,0.0434782609
Pakistan,2019,2020,12,0.0000000000
Austria,2019,2020,12,0.0434782609
Maldives,2019,2020,12,0.0434782609
South Africa,2019,2020,12,0.0000000000
Guyana,2019,2020,12,0.0434782609
Turkiye,2019,2020,12,0.0000000000
Channel Islands,2019,2020,12,0.0000000000
Aruba,2019,2020,12,0.1428571429
Solomon Islands,2019,2020,12,0.0000000000
Kuwait,2019,2020,12,0.0000000000
Marshall Islands,2019,2020,12,0.0000000000
Morocco,2019,2020,12,0.0909090909
Puerto Rico (US),2019,2020,12,0.0434782609
Philippines,2019,2020,12,0.0000000000
Syrian Arab Republic,2019,2020,12,0.0000000000
Cyprus,2019,2020,12,0.0000000000
Caribbean small states,2019,2020,12,0.0909090909
Mauritius,2019,2020,12,0.0434782609
Jamaica,2019,2020,12,0.0909090909
Lao PDR,2019,2020,12,0.0434782609
Bhutan,2019,2020,12,0.0000000000
Senegal,2019,2020,12,0.0909090909
"Somalia, Fed. Rep.",2019,2020,12,0.0434782609
"Korea, Rep.",2019,2020,12,0.0909090909
St. Lucia,2019,2020,12,0.1428571429
World,2019,2020,12,0.7142857143
Sao Tome and Principe,2019,2020,12,0.0000000000
Turks and Caicos Islands,2019,2020,12,0.0000000000
Monaco,2019,2020,12,0.0434782609
Greenland,2019,2020,12,0.0000000000
Timor-Leste,2019,2020,12,0.2000000000
Belgium,2019,2020,12,0.1428571429
European Union,2019,2020,12,0.2000000000
Cambodia,2019,2020,12,0.0909090909
Togo,2019,2020,12,0.1428571429
Bangladesh,2019,2020,12,0.0434782609
Afghanistan,2019,2020,12,0.1428571429
Colombia,2019,2020,12,0.0000000000
"Gambia, The",2019,2020,12,0.0909090909
Faroe Islands,2019,2020,12,0.0434782609
East Asia & Pacific (excluding high income),2019,2020,12,0.6000000000
Viet Nam,2019,2020,12,0.0434782609
China,2019,2020,12,0.6000000000
Pre-demographic dividend,2019,2020,12,0.0000000000
Israel,2019,2020,12,0.0000000000
Slovenia,2019,2020,12,0.2000000000
South Asia (IDA & IBRD),2019,2020,12,0.6000000000
Djibouti,2019,2020,12,0.0909090909
High income,2019,2020,12,0.8461538462
Turkmenistan,2019,2020,12,0.2000000000
East Asia & Pacific,2019,2020,12,0.6000000000
Vanuatu,2019,2020,12,0.0000000000
Comoros,2019,2020,12,0.0000000000
Cabo Verde,2019,2020,12,0.0434782609
Dominica,2019,2020,12,0.0434782609
Mauritania,2019,2020,12,0.0909090909
Late-demographic dividend,2019,2020,12,0.5000000000
South Sudan,2019,2020,12,0.0000000000
Africa Western and Central,2019,2020,12,0.2000000000
Latin America & Caribbean,2019,2020,12,0.6000000000
Lower middle income,2019,2020,12,0.6000000000
Tanzania,2019,2020,12,0.2631578947
Costa Rica,2019,2020,12,0.0434782609
"Congo, Rep.",2019,2020,12,0.0434782609
Fragile and conflict affected situations,2019,2020,12,0.0000000000
Nauru,2019,2020,12,0.0434782609
Australia,2019,2020,12,0.0909090909
Latvia,2019,2020,12,0.0434782609
St. Kitts and Nevis,2019,2020,12,0.0434782609
Czechia,2019,2020,12,0.3333333333
Small states,2019,2020,12,0.2000000000
Antigua and Barbuda,2019,2020,12,0.0000000000
Low & middle income,2019,2020,12,0.8461538462
Nicaragua,2019,2020,12,0.0909090909
Middle income,2019,2020,12,0.6000000000
"Bahamas, The",2019,2020,12,0.1428571429
Sierra Leone,2019,2020,12,0.0434782609
Sub-Saharan Africa,2019,2020,12,0.2000000000
Europe & Central Asia (excluding high income),2019,2020,12,0.0434782609
Upper middle income,2019,2020,12,0.6000000000
Latin America & Caribbean (excluding high income),2019,2020,12,0.5000000000
Other small states,2019,2020,12,0.2000000000
Grenada,2019,2020,12,0.0909090909
Zambia,2019,2020,12,0.0434782609
Rwanda,2019,2020,12,0.0000000000
Finland,2019,2020,12,0.0000000000
Guatemala,2019,2020,12,0.2000000000
Nigeria,2019,2020,12,0.0000000000
Post-demographic dividend,2019,2020,12,0.7142857143
Lesotho,2019,2020,12,0.0434782609
Spain,2019,2020,12,0.0909090909
West Bank and Gaza,2019,2020,12,0.0000000000
Least developed countries: UN classification,2019,2020,12,0.2000000000
Barbados,2019,2020,12,0.0434782609
"Middle East, North Africa, Afghanistan & Pakistan",2019,2020,12,0.8461538462
Sint Maarten (Dutch part),2019,2020,12,0.0434782609
Sub-Saharan Africa (excluding high income),2019,2020,12,0.2000000000
Early-demographic dividend,2019,2020,12,0.6000000000
Botswana,2019,2020,12,0.0000000000
Bulgaria,2019,2020,12,0.2000000000
"Iran, Islamic Rep.",2019,2020,12,0.0000000000
Mozambique,2019,2020,12,0.0434782609
North America,2019,2020,12,0.7142857143
Angola,2019,2020,12,0.0909090909
Japan,2019,2020,12,0.0000000000
Liberia,2019,2020,12,0.1428571429
Northern Mariana Islands,2019,2020,12,0.1428571429
Liechtenstein,2019,2020,12,0.0000000000
Switzerland,2019,2020,12,0.0434782609
San Marino,2019,2020,12,0.0000000000
United Arab Emirates,2019,2020,12,0.0909090909
United Kingdom,2019,2020,12,0.0000000000
North Macedonia,2019,2020,12,0.2000000000
Malaysia,2019,2020,12,0.1428571429
Argentina,2019,2020,12,0.0000000000
Cayman Islands,2019,2020,12,0.0000000000
Singapore,2019,2020,12,0.0000000000
Virgin Islands (U.S.),2019,2020,12,0.0000000000
Eswatini,2019,2020,12,0.0000000000
Russian Federation,2019,2020,12,0.0434782609
Bolivia,2019,2020,12,0.0000000000
Myanmar,2019,2020,12,0.0000000000
Arab World,2019,2020,12,0.1428571429
Belarus,2019,2020,12,0.0434782609
Ireland,2019,2020,12,0.0434782609
Burkina Faso,2019,2020,12,0.0909090909
Georgia,2019,2020,12,0.0434782609
Ecuador,2019,2020,12,0.0909090909
Namibia,2019,2020,12,0.0909090909
Kosovo,2019,2020,12,0.0000000000
Armenia,2019,2020,12,0.0000000000
Sweden,2019,2020,12,0.0000000000
Andorra,2019,2020,12,0.0909090909
IDA & IBRD total,2019,2020,12,0.8461538462
Jordan,2019,2020,12,0.0909090909
Libya,2019,2020,12,0.1428571429
Cameroon,2019,2020,12,0.0434782609
Curacao,2019,2020,12,0.1428571429
Chile,2019,2020,12,0.0434782609
Peru,2019,2020,12,0.0000000000
Mexico,2019,2020,12,0.0909090909
Africa Eastern and Southern,2019,2020,12,0.0434782609
Central African Republic,2019,2020,12,0.0434782609
Latin America & the Caribbean (IDA & IBRD countries),2019,2020,12,0.5000000000
Canada,2019,2020,12,0.1428571429
OECD members,2019,2020,12,0.7142857143
IDA blend,2019,2020,12,0.0909090909
Norway,2019,2020,12,0.1428571429
Benin,2019,2020,12,0.0909090909
Europe & Central Asia (IDA & IBRD countries),2019,2020,12,0.6000000000
Chad,2019,2020,12,0.0434782609
Hungary,2019,2020,12,0.0434782609
Moldova,2019,2020,12,0.0000000000
Tajikistan,2019,2020,12,0.2631578947
Kiribati,2019,2020,12,0.1428571429
Central Europe and the Baltics,2019,2020,12,0.1428571429
"Middle East, North Africa, Afghanistan & Pakistan (IDA & IBRD)",2019,2020,12,0.2631578947
IDA total,2019,2020,12,0.2000000000
Guinea,2019,2020,12,0.0000000000
Iraq,2019,2020,12,0.0000000000
Netherlands,2019,2020,12,0.0000000000
Belize,2019,2020,12,0.0434782609
Algeria,2019,2020,12,0.0000000000
Saudi Arabia,2019,2020,12,0.0000000000
Guinea-Bissau,2019,2020,12,0.2000000000
Lithuania,2019,2020,12,0.0000000000
Cuba,2019,2020,12,0.0434782609
Qatar,2019,2020,12,0.0000000000
United States,2019,2020,12,0.7142857143
Papua New Guinea,2019,2020,12,0.0000000000
Serbia,2019,2020,12,0.0909090909
Heavily indebted poor countries (HIPC),2019,2020,12,0.1428571429
Indonesia,2019,2020,12,0.0000000000
Haiti,2019,2020,12,0.1428571429
Portugal,2019,2020,12,0.0434782609
Thailand,2019,2020,12,0.0434782609
Dominican Republic,2019,2020,12,0.0000000000
Nepal,2019,2020,12,0.0434782609
Cote d'Ivoire,2019,2020,12,0.0909090909
Uzbekistan,2019,2020,12,0.0434782609
"Micronesia, Fed. Sts.",2019,2020,12,0.2631578947
Paraguay,2019,2020,12,0.0000000000
Malawi,2019,2020,12,0.2000000000
Equatorial Guinea,2019,2020,12,0.0000000000
Mongolia,2019,2020,12,0.0909090909
Isle of Man,2019,2020,12,0.0000000000
Albania,2019,2020,12,0.0434782609
Italy,2019,2020,12,0.0434782609
"Egypt, Arab Rep.",2019,2020,12,0.0434782609
Low income,2019,2020,12,0.1428571429
Tunisia,2019,2020,12,0.0434782609
Uganda,2019,2020,12,0.2000000000
Azerbaijan,2019,2020,12,0.0434782609
Luxembourg,2019,2020,12,0.0000000000
Oman,2019,2020,12,0.0434782609
Tuvalu,2019,2020,12,0.0000000000
Estonia,2019,2020,12,0.1428571429
New Caledonia,2019,2020,12,0.1428571429
Malta,2019,2020,12,0.0000000000
Honduras,2019,2020,12,0.0434782609
Bermuda,2019,2020,12,0.0000000000
India,2019,2020,12,0.6000000000
St. Martin (French part),2019,2020,12,0.0434782609
St. Vincent and the Grenadines,2019,2020,12,0.0000000000
Uruguay,2019,2020,12,0.0434782609
Sudan,2019,2020,12,0.0000000000
East Asia & Pacific (IDA & IBRD countries),2019,2020,12,0.6000000000
Kyrgyz Republic,2020,2021,12,0.0434782609
Mali,2020,2021,12,0.0000000000
IBRD only,2020,2021,12,1.0000000000
Denmark,2020,2021,12,0.0909090909
Tonga,2020,2021,12,0.0000000000
Bosnia and Herzegovina,2020,2021,12,0.0000000000
Europe & Central Asia,2020,2021,12,0.5000000000
Guam,2020,2021,12,0.0000000000
"Macao SAR, China",2020,2021,12,0.0434782609
Madagascar,2020,2021,12,0.0909090909
Ethiopia,2020,2021,12,0.0434782609
Brunei Darussalam,2020,2021,12,0.0434782609
Iceland,2020,2021,12,0.0434782609
Pacific island small states,2020,2021,12,0.0000000000
Burundi,2020,2021,12,0.0434782609
Bahrain,2020,2021,12,0.4117647059
Ghana,2020,2021,12,0.0909090909
Kazakhstan,2020,2021,12,0.0000000000
Gabon,2020,2021,12,0.0434782609
IDA only,2020,2021,12,0.1428571429
Croatia,2020,2021,12,0.1428571429
New Zealand,2020,2021,12,0.0434782609
Samoa,2020,2021,12,0.0434782609
Kenya,2020,2021,12,0.0434782609
Brazil,2020,2021,12,0.0000000000
Euro area,2020,2021,12,0.1428571429
Greece,2020,2021,12,0.2000000000
Lebanon,2020,2021,12,0.0434782609
Romania,2020,2021,12,0.0434782609
American Samoa,2020,2021,12,0.0000000000
Niger,2020,2021,12,0.0000000000
Panama,2020,2021,12,0.2000000000
Seychelles,2020,2021,12,0.0434782609
Zimbabwe,2020,2021,12,0.0000000000
Germany,2020,2021,12,0.0909090909
"Hong Kong SAR, China",2020,2021,12,0.0000000000
Sub-Saharan Africa (IDA & IBRD countries),2020,2021,12,0.2631578947
France,2020,2021,12,0.1428571429
Suriname,2020,2021,12,0.1428571429
Montenegro,2020,2021,12,0.1428571429
Poland,2020,2021,12,0.1428571429
Slovak Republic,2020,2021,12,0.0434782609
Sri Lanka,2020,2021,12,0.0434782609
"Middle East, North Africa, Afghanistan & Pakistan (excluding high income)",2020,2021,12,0.2631578947
"Congo, Dem. Rep.",2020,2021,12,0.0909090909
South Asia,2020,2021,12,0.6000000000
Trinidad and Tobago,2020,2021,12,0.0000000000
Ukraine,2020,2021,12,0.0909090909
El Salvador,2020,2021,12,0.0909090909
Fiji,2020,2021,12,0.2000000000
French Polynesia,2020,2021,12,0.0000000000
Palau,2020,2021,12,0.0000000000
Pakistan,2020,2021,12,0.1428571429
Austria,2020,2021,12,0.0434782609
Maldives,2020,2021,12,0.2000000000
South Africa,2020,2021,12,0.0909090909
Guyana,2020,2021,12,0.0434782609
Turkiye,2020,2021,12,0.0000000000
Channel Islands,2020,2021,12,0.0909090909
Aruba,2020,2021,12,0.2000000000
Solomon Islands,2020,2021,12,0.0000000000
Kuwait,2020,2021,12,0.0909090909
Marshall Islands,2020,2021,12,0.0434782609
Morocco,2020,2021,12,0.0000000000
Puerto Rico (US),2020,2021,12,0.0000000000
Philippines,2020,2021,12,0.0434782609
Syrian Arab Republic,2020,2021,12,0.0434782609
Cyprus,2020,2021,12,0.0434782609
Caribbean small states,2020,2021,12,0.0000000000
Mauritius,2020,2021,12,0.0000000000
Jamaica,2020,2021,12,0.0434782609
Lao PDR,2020,2021,12,0.0909090909
Bhutan,2020,2021,12,0.0000000000
Senegal,2020,2021,12,0.2000000000
"Somalia, Fed. Rep.",2020,2021,12,0.0000000000
"Korea, Rep.",2020,2021,12,0.0000000000
St. Lucia,2020,2021,12,0.0000000000
World,2020,2021,12,0.8461538462
Sao Tome and Principe,2020,2021,12,0.0000000000
Turks and Caicos Islands,2020,2021,12,0.2000000000
Monaco,2020,2021,12,0.0909090909
Greenland,2020,2021,12,0.0000000000
Timor-Leste,2020,2021,12,0.0434782609
Belgium,2020,2021,12,0.3333333333
European Union,2020,2021,12,0.2631578947
Cambodia,2020,2021,12,0.0434782609
Togo,2020,2021,12,0.1428571429
Bangladesh,2020,2021,12,0.0909090909
Afghanistan,2020,2021,12,0.0434782609
Colombia,2020,2021,12,0.0434782609
"Gambia, The",2020,2021,12,0.0434782609
Faroe Islands,2020,2021,12,0.0000000000
East Asia & Pacific (excluding high income),2020,2021,12,0.7142857143
Viet Nam,2020,2021,12,0.0434782609
China,2020,2021,12,0.6000000000
Pre-demographic dividend,2020,2021,12,0.0909090909
Israel,2020,2021,12,0.0434782609
Slovenia,2020,2021,12,0.0434782609
South Asia (IDA & IBRD),2020,2021,12,0.6000000000
Djibouti,2020,2021,12,0.0434782609
High income,2020,2021,12,0.8461538462
Turkmenistan,2020,2021,12,0.0909090909
East Asia & Pacific,2020,2021,12,0.7142857143
Vanuatu,2020,2021,12,0.0000000000
Comoros,2020,2021,12,0.0000000000
Cabo Verde,2020,2021,12,0.0434782609
Dominica,2020,2021,12,0.0000000000
Mauritania,2020,2021,12,0.0434782609
Late-demographic dividend,2020,2021,12,0.6000000000
South Sudan,2020,2021,12,0.0909090909
Africa Western and Central,2020,2021,12,0.0434782609
Latin America & Caribbean,2020,2021,12,0.6000000000
Lower middle income,2020,2021,12,0.6000000000
Tanzania,2020,2021,12,0.0000000000
Costa Rica,2020,2021,12,0.0000000000
"Congo, Rep.",2020,2021,12,0.0909090909
Fragile and conflict affected situations,2020,2021,12,0.0000000000
Nauru,2020,2021,12,0.0000000000
Australia,2020,2021,12,0.0434782609
Latvia,2020,2021,12,0.0909090909
St. Kitts and Nevis,2020,2021,12,0.0909090909
Czechia,2020,2021,12,0.2631578947
Small states,2020,2021,12,0.0909090909
Antigua and Barbuda,2020,2021,12,0.0434782609
Low & middle income,2020,2021,12,1.0000000000
Nicaragua,2020,2021,12,0.0000000000
Middle income,2020,2021,12,0.8461538462
"Bahamas, The",2020,2021,12,0.2631578947
Sierra Leone,2020,2021,12,0.0909090909
Sub-Saharan Africa,2020,2021,12,0.2631578947
Europe & Central Asia (excluding high income),2020,2021,12,0.0434782609
Upper middle income,2020,2021,12,0.6000000000
Latin America & Caribbean (excluding high income),2020,2021,12,0.5000000000
Other small states,2020,2021,12,0.1428571429
Grenada,2020,2021,12,0.0434782609
Zambia,2020,2021,12,0.0000000000
Rwanda,2020,2021,12,0.0000000000
Finland,2020,2021,12,0.0000000000
Guatemala,2020,2021,12,0.0434782609
Nigeria,2020,2021,12,0.0909090909
Post-demographic dividend,2020,2021,12,0.6000000000
Lesotho,2020,2021,12,0.0000000000
Spain,2020,2021,12,0.0434782609
West Bank and Gaza,2020,2021,12,0.0909090909
Least developed countries: UN classification,2020,2021,12,0.0909090909
Barbados,2020,2021,12,0.1428571429
"Middle East, North Africa, Afghanistan & Pakistan",2020,2021,12,0.6000000000
Sint Maarten (Dutch part),2020,2021,12,0.0434782609
Sub-Saharan Africa (excluding high income),2020,2021,12,0.2631578947
Early-demographic dividend,2020,2021,12,0.7142857143
Botswana,2020,2021,12,0.0909090909
Bulgaria,2020,2021,12,0.1428571429
"Iran, Islamic Rep.",2020,2021,12,0.0000000000
Mozambique,2020,2021,12,0.0434782609
North America,2020,2021,12,0.5000000000
Angola,2020,2021,12,0.0434782609
Japan,2020,2021,12,0.0000000000
Liberia,2020,2021,12,0.0000000000
Northern Mariana Islands,2020,2021,12,0.0000000000
Liechtenstein,2020,2021,12,0.0434782609
Switzerland,2020,2021,12,0.0434782609
San Marino,2020,2021,12,0.0434782609
United Arab Emirates,2020,2021,12,0.0000000000
United Kingdom,2020,2021,12,0.0909090909
North Macedonia,2020,2021,12,0.2000000000
Malaysia,2020,2021,12,0.0434782609
Argentina,2020,2021,12,0.1428571429
Cayman Islands,2020,2021,12,0.0000000000
Singapore,2020,2021,12,0.1428571429
Virgin Islands (U.S.),2020,2021,12,0.0434782609
Eswatini,2020,2021,12,0.0434782609
Russian Federation,2020,2021,12,0.0434782609
Bolivia,2020,2021,12,0.0000000000
Myanmar,2020,2021,12,0.0434782609
Arab World,2020,2021,12,0.1428571429
Belarus,2020,2021,12,0.0000000000
Ireland,2020,2021,12,0.0909090909
Burkina Faso,2020,2021,12,0.2000000000
Georgia,2020,2021,12,0.0000000000
Ecuador,2020,2021,12,0.0434782609
Namibia,2020,2021,12,0.0434782609
Kosovo,2020,2021,12,0.0000000000
Armenia,2020,2021,12,0.0909090909
Sweden,2020,2021,12,0.0909090909
Andorra,2020,2021,12,0.1428571429
IDA & IBRD total,2020,2021,12,1.0000000000
Jordan,2020,2021,12,0.0000000000
Libya,2020,2021,12,0.2631578947
Cameroon,2020,2021,12,0.1428571429
Curacao,2020,2021,12,0.0000000000
Chile,2020,2021,12,0.0000000000
Peru,2020,2021,12,0.0000000000
Mexico,2020,2021,12,0.0434782609
Africa Eastern and Southern,2020,2021,12,0.0434782609
Central African Republic,2020,2021,12,0.0434782609
Latin America & the Caribbean (IDA & IBRD countries),2020,2021,12,0.5000000000
Canada,2020,2021,12,0.0909090909
OECD members,2020,2021,12,0.8461538462
IDA blend,2020,2021,12,0.0909090909
Norway,2020,2021,12,0.0434782609
Benin,2020,2021,12,0.0909090909
Europe & Central Asia (IDA & IBRD countries),2020,2021,12,0.6000000000
Chad,2020,2021,12,0.0434782609
Hungary,2020,2021,12,0.0434782609
Moldova,2020,2021,12,0.0434782609
Tajikistan,2020,2021,12,0.0000000000
Kiribati,2020,2021,12,0.0434782609
Central Europe and the Baltics,2020,2021,12,0.1428571429
"Middle East, North Africa, Afghanistan & Pakistan (IDA & IBRD)",2020,2021,12,0.2631578947
IDA total,2020,2021,12,0.4117647059
Guinea,2020,2021,12,0.0000000000
Iraq,2020,2021,12,0.0000000000
Netherlands,2020,2021,12,0.3333333333
Belize,2020,2021,12,0.0909090909
Algeria,2020,2021,12,0.0434782609
Saudi Arabia,2020,2021,12,0.1428571429
Guinea-Bissau,2020,2021,12,0.0434782609
Lithuania,2020,2021,12,0.0000000000
Cuba,2020,2021,12,0.0000000000
Qatar,2020,2021,12,0.0909090909
United States,2020,2021,12,0.7142857143
Papua New Guinea,2020,2021,12,0.0000000000
Serbia,2020,2021,12,0.0000000000
Heavily indebted poor countries (HIPC),2020,2021,12,0.0434782609
Indonesia,2020,2021,12,0.0000000000
Haiti,2020,2021,12,0.0909090909
Portugal,2020,2021,12,0.0434782609
Thailand,2020,2021,12,0.0434782609
Dominican Republic,2020,2021,12,0.0000000000
Nepal,2020,2021,12,0.0909090909
Cote d'Ivoire,2020,2021,12,0.2000000000
Uzbekistan,2020,2021,12,0.0909090909
"Micronesia, Fed. Sts.",2020,2021,12,0.0000000000
Paraguay,2020,2021,12,0.0434782609
Malawi,2020,2021,12,0.0000000000
Equatorial Guinea,2020,2021,12,0.0434782609
Mongolia,2020,2021,12,0.0909090909
Isle of Man,2020,2021,12,0.0000000000
Albania,2020,2021,12,0.0434782609
Italy,2020,2021,12,0.1428571429
"Egypt, Arab Rep.",2020,2021,12,0.0434782609
Low income,2020,2021,12,0.0434782609
Tunisia,2020,2021,12,0.0000000000
Uganda,2020,2021,12,0.0434782609
Azerbaijan,2020,2021,12,0.0000000000
Luxembourg,2020,2021,12,0.0000000000
Oman,2020,2021,12,0.0434782609
Tuvalu,2020,2021,12,0.0434782609
Estonia,2020,2021,12,0.1428571429
New Caledonia,2020,2021,12,0.0909090909
Malta,2020,2021,12,0.0000000000
Honduras,2020,2021,12,0.1428571429
Bermuda,2020,2021,12,0.0434782609
India,2020,2021,12,0.6000000000
St. Martin (French part),2020,2021,12,0.0000000000
St. Vincent and the Grenadines,2020,2021,12,0.0909090909
Uruguay,2020,2021,12,0.0000000000
Sudan,2020,2021,12,0.0434782609
East Asia & Pacific (IDA & IBRD countries),2020,2021,12,0.7142857143
Kyrgyz Republic,2021,2022,12,0.0434782609
Mali,2021,2022,12,0.0434782609
IBRD only,2021,2022,12,0.7142857143
Denmark,2021,2022,12,0.0000000000
Tonga,2021,2022,12,0.0434782609
Bosnia and Herzegovina,2021,2022,12,0.0909090909
Europe & Central Asia,2021,2022,12,0.6000000000
Guam,2021,2022,12,0.0000000000
"Macao SAR, China",2021,2022,12,0.0000000000
Madagascar,2021,2022,12,0.0000000000
Ethiopia,2021,2022,12,0.0434782609
Brunei Darussalam,2021,2022,12,0.0434782609
Iceland,2021,2022,12,0.0434782609
Pacific island small states,2021,2022,12,0.0000000000
Burundi,2021,2022,12,0.0000000000
Bahrain,2021,2022,12,0.0000000000
Ghana,2021,2022,12,0.0434782609
Kazakhstan,2021,2022,12,0.1428571429
Gabon,2021,2022,12,0.0909090909
IDA only,2021,2022,12,0.6000000000
Croatia,2021,2022,12,0.0434782609
New Zealand,2021,2022,12,0.0909090909
Samoa,2021,2022,12,0.0909090909
Kenya,2021,2022,12,0.1428571429
Brazil,2021,2022,12,0.1428571429
Euro area,2021,2022,12,0.4117647059
Greece,2021,2022,12,0.0434782609
Lebanon,2021,2022,12,0.1428571429
Romania,2021,2022,12,0.0434782609
American Samoa,2021,2022,12,0.0909090909
Niger,2021,2022,12,0.0434782609
Panama,2021,2022,12,0.1428571429
Seychelles,2021,2022,12,0.0434782609
Zimbabwe,2021,2022,12,0.0909090909
Germany,2021,2022,12,0.2000000000
"Hong Kong SAR, China",2021,2022,12,0.0000000000
Sub-Saharan Africa (IDA & IBRD countries),2021,2022,12,0.6000000000
France,2021,2022,12,0.1428571429
Suriname,2021,2022,12,0.0434782609
Montenegro,2021,2022,12,0.0434782609
Poland,2021,2022,12,0.0000000000
Slovak Republic,2021,2022,12,0.0000000000
Sri Lanka,2021,2022,12,0.0434782609
"Middle East, North Africa, Afghanistan & Pakistan (excluding high income)",2021,2022,12,0.5000000000
"Congo, Dem. Rep.",2021,2022,12,0.0000000000
South Asia,2021,2022,12,0.4117647059
Trinidad and Tobago,2021,2022,12,0.1428571429
Ukraine,2021,2022,12,0.0000000000
El Salvador,2021,2022,12,0.0434782609
Fiji,2021,2022,12,0.0434782609
French Polynesia,2021,2022,12,0.0434782609
Palau,2021,2022,12,0.1428571429
Pakistan,2021,2022,12,0.0434782609
Austria,2021,2022,12,0.0434782609
Maldives,2021,2022,12,0.0909090909
South Africa,2021,2022,12,0.2000000000
Guyana,2021,2022,12,0.0909090909
Turkiye,2021,2022,12,0.0434782609
Channel Islands,2021,2022,12,0.0909090909
Aruba,2021,2022,12,0.0434782609
Solomon Islands,2021,2022,12,0.0909090909
Kuwait,2021,2022,12,0.0000000000
Marshall Islands,2021,2022,12,0.0000000000
Morocco,2021,2022,12,0.0000000000
Puerto Rico (US),2021,2022,12,0.0909090909
Philippines,2021,2022,12,0.0909090909
Syrian Arab Republic,2021,2022,12,0.0434782609
Cyprus,2021,2022,12,0.0434782609
Caribbean small states,2021,2022,12,0.0000000000
Mauritius,2021,2022,12,0.0434782609
Jamaica,2021,2022,12,0.0909090909
Lao PDR,2021,2022,12,0.0434782609
Bhutan,2021,2022,12,0.0434782609
Senegal,2021,2022,12,0.0434782609
"Somalia, Fed. Rep.",2021,2022,12,0.0000000000
"Korea, Rep.",2021,2022,12,0.0909090909
St. Lucia,2021,2022,12,0.0000000000
World,2021,2022,12,0.8461538462
Sao Tome and Principe,2021,2022,12,0.0434782609
Turks and Caicos Islands,2021,2022,12,0.0909090909
Monaco,2021,2022,12,0.1428571429
Greenland,2021,2022,12,0.0909090909
Timor-Leste,2021,2022,12,0.0000000000
Belgium,2021,2022,12,0.0434782609
European Union,2021,2022,12,0.3333333333
Cambodia,2021,2022,12,0.0000000000
Togo,2021,2022,12,0.0909090909
Bangladesh,2021,2022,12,0.1428571429
Afghanistan,2021,2022,12,0.0909090909
Colombia,2021,2022,12,0.0434782609
"Gambia, The",2021,2022,12,0.1428571429
Faroe Islands,2021,2022,12,0.0000000000
East Asia & Pacific (excluding high income),2021,2022,12,0.8461538462
Viet Nam,2021,2022,12,0.0434782609
China,2021,2022,12,0.5000000000
Pre-demographic dividend,2021,2022,12,0.0000000000
Israel,2021,2022,12,0.0909090909
Slovenia,2021,2022,12,0.1428571429
South Asia (IDA & IBRD),2021,2022,12,0.5000000000
Djibouti,2021,2022,12,0.0000000000
High income,2021,2022,12,0.8461538462
Turkmenistan,2021,2022,12,0.2631578947
East Asia & Pacific,2021,2022,12,0.5000000000
Vanuatu,2021,2022,12,0.0000000000
Comoros,2021,2022,12,0.0434782609
Cabo Verde,2021,2022,12,0.0000000000
Dominica,2021,2022,12,0.0909090909
Mauritania,2021,2022,12,0.0000000000
Late-demographic dividend,2021,2022,12,0.6000000000
South Sudan,2021,2022,12,0.0434782609
Africa Western and Central,2021,2022,12,0.0909090909
Latin America & Caribbean,2021,2022,12,0.5000000000
Lower middle income,2021,2022,12,0.8461538462
Tanzania,2021,2022,12,0.0000000000
Costa Rica,2021,2022,12,0.0434782609
"Congo, Rep.",2021,2022,12,0.0434782609
Fragile and conflict affected situations,2021,2022,12,0.0434782609
Nauru,2021,2022,12,0.0434782609
Australia,2021,2022,12,0.0434782609
Latvia,2021,2022,12,0.1428571429
St. Kitts and Nevis,2021,2022,12,0.0000000000
Czechia,2021,2022,12,0.0434782609
Small states,2021,2022,12,0.0434782609
Antigua and Barbuda,2021,2022,12,0.0000000000
Low & middle income,2021,2022,12,0.8461538462
Nicaragua,2021,2022,12,0.0000000000
Middle income,2021,2022,12,0.8461538462
"Bahamas, The",2021,2022,12,0.1428571429
Sierra Leone,2021,2022,12,0.1428571429
Sub-Saharan Africa,2021,2022,12,0.5000000000
Europe & Central Asia (excluding high income),2021,2022,12,0.0000000000
Upper middle income,2021,2022,12,0.6000000000
Latin America & Caribbean (excluding high income),2021,2022,12,0.4117647059
Other small states,2021,2022,12,0.0434782609
Grenada,2021,2022,12,0.0434782609
Zambia,2021,2022,12,0.0909090909
Rwanda,2021,2022,12,0.0000000000
Finland,2021,2022,12,0.0434782609
Guatemala,2021,2022,12,0.0000000000
Nigeria,2021,2022,12,0.0000000000
Post-demographic dividend,2021,2022,12,0.6000000000
Lesotho,2021,2022,12,0.0909090909
Spain,2021,2022,12,0.0434782609
West Bank and Gaza,2021,2022,12,0.0000000000
Least developed countries: UN classification,2021,2022,12,0.6000000000
Barbados,2021,2022,12,0.0434782609
"Middle East, North Africa, Afghanistan & Pakistan",2021,2022,12,0.8461538462
Sint Maarten (Dutch part),2021,2022,12,0.0000000000
Sub-Saharan Africa (excluding high income),2021,2022,12,0.5000000000
Early-demographic dividend,2021,2022,12,0.1428571429
Botswana,2021,2022,12,0.1428571429
Bulgaria,2021,2022,12,0.0434782609
"Iran, Islamic Rep.",2021,2022,12,0.0434782609
Mozambique,2021,2022,12,0.0434782609
North America,2021,2022,12,0.6000000000
Angola,2021,2022,12,0.0434782609
Japan,2021,2022,12,0.0000000000
Liberia,2021,2022,12,0.0000000000
Northern Mariana Islands,2021,2022,12,0.0000000000
Liechtenstein,2021,2022,12,0.0434782609
Switzerland,2021,2022,12,0.0000000000
San Marino,2021,2022,12,0.0909090909
United Arab Emirates,2021,2022,12,0.0434782609
United Kingdom,2021,2022,12,0.0000000000
North Macedonia,2021,2022,12,0.0434782609
Malaysia,2021,2022,12,0.0000000000
Argentina,2021,2022,12,0.0000000000
Cayman Islands,2021,2022,12,0.0000000000
Singapore,2021,2022,12,0.0000000000
Virgin Islands (U.S.),2021,2022,12,0.0434782609
Eswatini,2021,2022,12,0.0000000000
Russian Federation,2021,2022,12,0.0000000000
Bolivia,2021,2022,12,0.0000000000
Myanmar,2021,2022,12,0.0000000000
Arab World,2021,2022,12,0.5000000000
Belarus,2021,2022,12,0.0000000000
Ireland,2021,2022,12,0.0434782609
Burkina Faso,2021,2022,12,0.0000000000
Georgia,2021,2022,12,0.0000000000
Ecuador,2021,2022,12,0.0000000000
Namibia,2021,2022,12,0.0000000000
Kosovo,2021,2022,12,0.1428571429
Armenia,2021,2022,12,0.0000000000
Sweden,2021,2022,12,0.0000000000
Andorra,2021,2022,12,0.0000000000
IDA & IBRD total,2021,2022,12,0.8461538462
Jordan,2021,2022,12,0.0000000000
Libya,2021,2022,12,0.0000000000
Cameroon,2021,2022,12,0.0434782609
Curacao,2021,2022,12,0.0434782609
Chile,2021,2022,12,0.0000000000
Peru,2021,2022,12,0.0434782609
Mexico,2021,2022,12,0.0434782609
Africa Eastern and Southern,2021,2022,12,0.0000000000
Central African Republic,2021,2022,12,0.0909090909
Latin America & the Caribbean (IDA & IBRD countries),2021,2022,12,0.4117647059
Canada,2021,2022,12,0.5000000000
OECD members,2021,2022,12,0.8461538462
IDA blend,2021,2022,12,0.0000000000
Norway,2021,2022,12,0.0000000000
Benin,2021,2022,12,0.2631578947
Europe & Central Asia (IDA & IBRD countries),2021,2022,12,0.2000000000
Chad,2021,2022,12,0.0909090909
Hungary,2021,2022,12,0.0000000000
Moldova,2021,2022,12,0.0000000000
Tajikistan,2021,2022,12,0.0000000000
Kiribati,2021,2022,12,0.2000000000
Central Europe and the Baltics,2021,2022,12,0.0434782609
"Middle East, North Africa, Afghanistan & Pakistan (IDA & IBRD)",2021,2022,12,0.5000000000
IDA total,2021,2022,12,0.5000000000
Guinea,2021,2022,12,0.0000000000
Iraq,2021,2022,12,0.0000000000
Netherlands,2021,2022,12,0.0434782609
Belize,2021,2022,12,0.0434782609
Algeria,2021,2022,12,0.0434782609
Saudi Arabia,2021,2022,12,0.0000000000
Guinea-Bissau,2021,2022,12,0.0909090909
Lithuania,2021,2022,12,0.1428571429
Cuba,2021,2022,12,0.2631578947
Qatar,2021,2022,12,0.0434782609
United States,2021,2022,12,0.6000000000
Papua New Guinea,2021,2022,12,0.0000000000
Serbia,2021,2022,12,0.0000000000
Heavily indebted poor countries (HIPC),2021,2022,12,0.0434782609
Indonesia,2021,2022,12,0.0000000000
Haiti,2021,2022,12,0.0434782609
Portugal,2021,2022,12,0.0434782609
Thailand,2021,2022,12,0.1428571429
Dominican Republic,2021,2022,12,0.0000000000
Nepal,2021,2022,12,0.0000000000
Cote d'Ivoire,2021,2022,12,0.2631578947
Uzbekistan,2021,2022,12,0.1428571429
"Micronesia, Fed. Sts.",2021,2022,12,0.0434782609
Paraguay,2021,2022,12,0.0000000000
Malawi,2021,2022,12,0.0000000000
Equatorial Guinea,2021,2022,12,0.0000000000
Mongolia,2021,2022,12,0.0000000000
Isle of Man,2021,2022,12,0.0434782609
Albania,2021,2022,12,0.0909090909
Italy,2021,2022,12,0.0434782609
"Egypt, Arab Rep.",2021,2022,12,0.0000000000
Low income,2021,2022,12,0.0000000000
Tunisia,2021,2022,12,0.0000000000
Uganda,2021,2022,12,0.0000000000
Azerbaijan,2021,2022,12,0.0909090909
Luxembourg,2021,2022,12,0.0909090909
Oman,2021,2022,12,0.0434782609
Tuvalu,2021,2022,12,0.0434782609
Estonia,2021,2022,12,0.0909090909
New Caledonia,2021,2022,12,0.0000000000
Malta,2021,2022,12,0.0434782609
Honduras,2021,2022,12,0.0909090909
Bermuda,2021,2022,12,0.0909090909
India,2021,2022,12,0.5000000000
St. Vincent and the Grenadines,2021,2022,12,0.0000000000
Uruguay,2021,2022,12,0.0434782609
Sudan,2021,2022,12,0.0434782609
East Asia & Pacific (IDA & IBRD countries),2021,2022,12,0.8461538462
Kyrgyz Republic,2022,2023,12,0.0434782609
Mali,2022,2023,12,0.0000000000
IBRD only,2022,2023,12,0.6000000000
Denmark,2022,2023,12,0.0000000000
Tonga,2022,2023,12,0.0434782609
Bosnia and Herzegovina,2022,2023,12,0.0434782609
Europe & Central Asia,2022,2023,12,0.6000000000
"Macao SAR, China",2022,2023,12,0.0000000000
Madagascar,2022,2023,12,0.0000000000
Ethiopia,2022,2023,12,0.0000000000
Brunei Darussalam,2022,2023,12,0.0000000000
Iceland,2022,2023,12,0.0434782609
Pacific island small states,2022,2023,12,0.0000000000
Burundi,2022,2023,12,0.0434782609
Bahrain,2022,2023,12,0.0434782609
Ghana,2022,2023,12,0.0434782609
Kazakhstan,2022,2023,12,0.0000000000
Gabon,2022,2023,12,0.0000000000
IDA only,2022,2023,12,0.4117647059
Croatia,2022,2023,12,0.0434782609
New Zealand,2022,2023,12,0.0909090909
Samoa,2022,2023,12,0.0000000000
Kenya,2022,2023,12,0.0909090909
Brazil,2022,2023,12,0.0909090909
Euro area,2022,2023,12,0.2631578947
Greece,2022,2023,12,0.0909090909
Lebanon,2022,2023,12,0.1428571429
Romania,2022,2023,12,0.0000000000
Seychelles,2022,2023,12,0.0434782609
Niger,2022,2023,12,0.0000000000
Panama,2022,2023,12,0.1428571429
Zimbabwe,2022,2023,12,0.2000000000
Germany,2022,2023,12,0.2631578947
"Hong Kong SAR, China",2022,2023,12,0.0000000000
Sub-Saharan Africa (IDA & IBRD countries),2022,2023,12,0.4117647059
France,2022,2023,12,0.1428571429
Suriname,2022,2023,12,0.0909090909
Montenegro,2022,2023,12,0.2000000000
Poland,2022,2023,12,0.0000000000
Slovak Republic,2022,2023,12,0.0000000000
Sri Lanka,2022,2023,12,0.1428571429
"Middle East, North Africa, Afghanistan & Pakistan (excluding high income)",2022,2023,12,0.5000000000
"Congo, Dem. Rep.",2022,2023,12,0.0909090909
South Asia,2022,2023,12,0.1428571429
Trinidad and Tobago,2022,2023,12,0.0434782609
Ukraine,2022,2023,12,0.0000000000
El Salvador,2022,2023,12,0.0434782609
Fiji,2022,2023,12,0.0000000000
French Polynesia,2022,2023,12,0.0000000000
Palau,2022,2023,12,0.0434782609
Pakistan,2022,2023,12,0.0434782609
Austria,2022,2023,12,0.0000000000
Maldives,2022,2023,12,0.0909090909
South Africa,2022,2023,12,0.0909090909
Guyana,2022,2023,12,0.1428571429
Turkiye,2022,2023,12,0.0434782609
Channel Islands,2022,2023,12,0.0000000000
Aruba,2022,2023,12,0.0434782609
Solomon Islands,2022,2023,12,0.0909090909
Kuwait,2022,2023,12,0.0000000000
Marshall Islands,2022,2023,12,0.1428571429
Morocco,2022,2023,12,0.0909090909
Puerto Rico (US),2022,2023,12,0.0909090909
Philippines,2022,2023,12,0.0909090909
Syrian Arab Republic,2022,2023,12,0.0909090909
Cyprus,2022,2023,12,0.0000000000
Caribbean small states,2022,2023,12,0.1428571429
Mauritius,2022,2023,12,0.0000000000
Jamaica,2022,2023,12,0.0434782609
Lao PDR,2022,2023,12,0.0000000000
Bhutan,2022,2023,12,0.0434782609
Senegal,2022,2023,12,0.0000000000
"Somalia, Fed. Rep.",2022,2023,12,0.0000000000
"Korea, Rep.",2022,2023,12,0.0909090909
St. Lucia,2022,2023,12,0.0434782609
World,2022,2023,12,0.7142857143
Sao Tome and Principe,2022,2023,12,0.0000000000
Turks and Caicos Islands,2022,2023,12,0.1428571429
Monaco,2022,2023,12,0.0000000000
Greenland,2022,2023,12,0.0434782609
Timor-Leste,2022,2023,12,0.1428571429
Belgium,2022,2023,12,0.0434782609
European Union,2022,2023,12,0.2631578947
Cambodia,2022,2023,12,0.0434782609
Togo,2022,2023,12,0.0909090909
Bangladesh,2022,2023,12,0.0909090909
Afghanistan,2022,2023,12,0.0000000000
Colombia,2022,2023,12,0.0000000000
"Gambia, The",2022,2023,12,0.0434782609
Faroe Islands,2022,2023,12,0.0909090909
East Asia & Pacific (excluding high income),2022,2023,12,0.6000000000
Viet Nam,2022,2023,12,0.0909090909
China,2022,2023,12,0.5000000000
Pre-demographic dividend,2022,2023,12,0.0434782609
Israel,2022,2023,12,0.0000000000
Slovenia,2022,2023,12,0.0909090909
South Asia (IDA & IBRD),2022,2023,12,0.0909090909
Djibouti,2022,2023,12,0.0000000000
High income,2022,2023,12,0.7142857143
Turkmenistan,2022,2023,12,0.2000000000
East Asia & Pacific,2022,2023,12,0.7142857143
Vanuatu,2022,2023,12,0.0000000000
Comoros,2022,2023,12,0.1428571429
Cabo Verde,2022,2023,12,0.0000000000
Dominica,2022,2023,12,0.0000000000
Mauritania,2022,2023,12,0.0909090909
Late-demographic dividend,2022,2023,12,0.6000000000
South Sudan,2022,2023,12,0.0909090909
Africa Western and Central,2022,2023,12,0.0434782609
Latin America & Caribbean,2022,2023,12,0.2631578947
Lower middle income,2022,2023,12,0.4117647059
Tanzania,2022,2023,12,0.0434782609
Costa Rica,2022,2023,12,0.0000000000
"Congo, Rep.",2022,2023,12,0.0000000000
Fragile and conflict affected situations,2022,2023,12,0.0000000000
Nauru,2022,2023,12,0.0909090909
Australia,2022,2023,12,0.0434782609
Latvia,2022,2023,12,0.0000000000
St. Kitts and Nevis,2022,2023,12,0.0000000000
Czechia,2022,2023,12,0.0000000000
Small states,2022,2023,12,0.0909090909
Antigua and Barbuda,2022,2023,12,0.0434782609
Low & middle income,2022,2023,12,0.7142857143
Nicaragua,2022,2023,12,0.0434782609
Middle income,2022,2023,12,0.7142857143
"Bahamas, The",2022,2023,12,0.0000000000
Sierra Leone,2022,2023,12,0.0909090909
Sub-Saharan Africa,2022,2023,12,0.4117647059
Europe & Central Asia (excluding high income),2022,2023,12,0.0000000000
Upper middle income,2022,2023,12,0.6000000000
Latin America & Caribbean (excluding high income),2022,2023,12,0.4117647059
Other small states,2022,2023,12,0.0434782609
Grenada,2022,2023,12,0.2000000000
Zambia,2022,2023,12,0.0000000000
Rwanda,2022,2023,12,0.1428571429
Finland,2022,2023,12,0.1428571429
Guatemala,2022,2023,12,0.0000000000
Nigeria,2022,2023,12,0.0434782609
Post-demographic dividend,2022,2023,12,0.8461538462
Lesotho,2022,2023,12,0.0000000000
Spain,2022,2023,12,0.0000000000
West Bank and Gaza,2022,2023,12,0.0000000000
Least developed countries: UN classification,2022,2023,12,0.3333333333
Barbados,2022,2023,12,0.0434782609
"Middle East, North Africa, Afghanistan & Pakistan",2022,2023,12,0.5000000000
Sint Maarten (Dutch part),2022,2023,12,0.0000000000
Sub-Saharan Africa (excluding high income),2022,2023,12,0.4117647059
Early-demographic dividend,2022,2023,12,0.5000000000
Botswana,2022,2023,12,0.0000000000
Bulgaria,2022,2023,12,0.0909090909
"Iran, Islamic Rep.",2022,2023,12,0.0434782609
Mozambique,2022,2023,12,0.0909090909
North America,2022,2023,12,0.5000000000
Angola,2022,2023,12,0.0434782609
Japan,2022,2023,12,0.0000000000
Liberia,2022,2023,12,0.0000000000
Liechtenstein,2022,2023,12,0.0434782609
Switzerland,2022,2023,12,0.0000000000
San Marino,2022,2023,12,0.0000000000
United Arab Emirates,2022,2023,12,0.0000000000
United Kingdom,2022,2023,12,0.1428571429
North Macedonia,2022,2023,12,0.0434782609
Malaysia,2022,2023,12,0.0000000000
Argentina,2022,2023,12,0.0000000000
Cayman Islands,2022,2023,12,0.0434782609
Singapore,2022,2023,12,0.0434782609
Eswatini,2022,2023,12,0.0434782609
Russian Federation,2022,2023,12,0.0000000000
Bolivia,2022,2023,12,0.0000000000
Myanmar,2022,2023,12,0.0909090909
Arab World,2022,2023,12,0.3333333333
Belarus,2022,2023,12,0.0000000000
Ireland,2022,2023,12,0.0000000000
Burkina Faso,2022,2023,12,0.0434782609
Georgia,2022,2023,12,0.0909090909
Ecuador,2022,2023,12,0.0000000000
Namibia,2022,2023,12,0.0909090909
Kosovo,2022,2023,12,0.0909090909
Armenia,2022,2023,12,0.1428571429
Sweden,2022,2023,12,0.0909090909
Andorra,2022,2023,12,0.0434782609
IDA & IBRD total,2022,2023,12,0.7142857143
Jordan,2022,2023,12,0.0000000000
Libya,2022,2023,12,0.0000000000
Cameroon,2022,2023,12,0.0000000000
Curacao,2022,2023,12,0.0909090909
Chile,2022,2023,12,0.0434782609
Peru,2022,2023,12,0.0909090909
Mexico,2022,2023,12,0.0000000000
Africa Eastern and Southern,2022,2023,12,0.0434782609
Central African Republic,2022,2023,12,0.0000000000
Latin America & the Caribbean (IDA & IBRD countries),2022,2023,12,0.2631578947
Canada,2022,2023,12,0.1428571429
OECD members,2022,2023,12,0.8461538462
IDA blend,2022,2023,12,0.1428571429
Norway,2022,2023,12,0.0434782609
Benin,2022,2023,12,0.1428571429
Europe & Central Asia (IDA & IBRD countries),2022,2023,12,0.2000000000
Chad,2022,2023,12,0.0909090909
Hungary,2022,2023,12,0.0909090909
Moldova,2022,2023,12,0.0434782609
Tajikistan,2022,2023,12,0.1428571429
Kiribati,2022,2023,12,0.0909090909
Central Europe and the Baltics,2022,2023,12,0.0000000000
"Middle East, North Africa, Afghanistan & Pakistan (IDA & IBRD)",2022,2023,12,0.5000000000
IDA total,2022,2023,12,0.4117647059
Guinea,2022,2023,12,0.0000000000
Iraq,2022,2023,12,0.0434782609
Netherlands,2022,2023,12,0.0000000000
Belize,2022,2023,12,0.0000000000
Algeria,2022,2023,12,0.0000000000
Saudi Arabia,2022,2023,12,0.0434782609
Guinea-Bissau,2022,2023,12,0.0909090909
Lithuania,2022,2023,12,0.0909090909
Cuba,2022,2023,12,0.2631578947
Qatar,2022,2023,12,0.0000000000
United States,2022,2023,12,0.6000000000
Papua New Guinea,2022,2023,12,0.0434782609
Serbia,2022,2023,12,0.0000000000
Heavily indebted poor countries (HIPC),2022,2023,12,0.0434782609
Indonesia,2022,2023,12,0.0000000000
Haiti,2022,2023,12,0.1428571429
Portugal,2022,2023,12,0.0000000000
Thailand,2022,2023,12,0.0909090909
Dominican Republic,2022,2023,12,0.0000000000
Nepal,2022,2023,12,0.0000000000
Cote d'Ivoire,2022,2023,12,0.2000000000
Uzbekistan,2022,2023,12,0.0909090909
"Micronesia, Fed. Sts.",2022,2023,12,0.0434782609
Paraguay,2022,2023,12,0.0000000000
Malawi,2022,2023,12,0.0000000000
Equatorial Guinea,2022,2023,12,0.0000000000
Mongolia,2022,2023,12,0.0434782609
Albania,2022,2023,12,0.0434782609
Italy,2022,2023,12,0.0000000000
"Egypt, Arab Rep.",2022,2023,12,0.0000000000
Low income,2022,2023,12,0.0434782609
Tunisia,2022,2023,12,0.0000000000
Uganda,2022,2023,12,0.0434782609
Azerbaijan,2022,2023,12,0.0000000000
Luxembourg,2022,2023,12,0.0000000000
Oman,2022,2023,12,0.0434782609
Tuvalu,2022,2023,12,0.0000000000
Estonia,2022,2023,12,0.0434782609
Malta,2022,2023,12,0.0000000000
Honduras,2022,2023,12,0.0000000000
Bermuda,2022,2023,12,0.0434782609
India,2022,2023,12,0.0909090909
St. Vincent and the Grenadines,2022,2023,12,0.0000000000
Uruguay,2022,2023,12,0.0000000000
Sudan,2022,2023,12,0.0909090909
East Asia & Pacific (IDA & IBRD countries),2022,2023,12,0.6000000000
