Country,Year,x,y
Africa Eastern and Southern,1975,-2.0508291721,19.0984401703
Africa Western and Central,1975,-1.7265436649,17.4089031219
Algeria,1975,-2.1130976677,16.9436340332
American Samoa,1975,-3.4040062428,19.6623821259
Andorra,1975,-0.8368688226,18.4493236542
Antigua and Barbuda,1975,-3.3075253963,19.5796546936
Arab World,1975,-1.5885559320,17.3665199280
Argentina,1975,-3.6439349651,17.2355022430
Australia,1975,-3.1361644268,17.6001682281
Austria,1975,-0.4711149335,16.2293529510
"Bahamas, The",1975,-2.3722548485,18.6941547394
Bahrain,1975,-1.1712505817,19.0358963013
Bangladesh,1975,-2.6201996803,17.4666881561
Barbados,1975,-1.7290022373,18.3932018280
Belgium,1975,-1.4604599476,16.2996101379
Belize,1975,-1.8266898394,17.6169891357
Benin,1975,-2.6261091232,17.5320987701
Bermuda,1975,-1.1890324354,18.2331714630
Bhutan,1975,-1.9028941393,17.6756248474
Bolivia,1975,-3.9326195717,16.8999881744
Botswana,1975,-2.3597123623,17.7925071716
Brazil,1975,-2.7473509312,17.5502357483
Brunei Darussalam,1975,-1.7108967304,17.0401840210
Burkina Faso,1975,-2.3676152229,17.1773090363
Burundi,1975,-2.5421564579,17.2694263458
Cambodia,1975,-3.3196113110,17.2863159180
Cameroon,1975,-2.6240346432,17.3052577972
Canada,1975,-2.7481951714,17.6646251678
Caribbean small states,1975,-2.2250425816,18.4510498047
Central African Republic,1975,-2.3861355782,17.7425060272
Chad,1975,-2.7248694897,17.5174331665
Chile,1975,-3.6393642426,19.0380630493
China,1975,-1.7290772200,16.0727920532
Colombia,1975,-2.3217923641,17.9061489105
"Congo, Dem. Rep.",1975,-1.5404112339,19.0660438538
"Congo, Rep.",1975,-2.3657588959,17.1479549408
Costa Rica,1975,-2.4060630798,17.8000106812
Cote d'Ivoire,1975,-3.5190632343,18.0194263458
Cuba,1975,-2.5462205410,17.7470321655
Cyprus,1975,-1.1938022375,18.8867168427
Denmark,1975,-3.1767961979,17.6081123352
Dominican Republic,1975,-2.1136162281,16.7065601349
Early-demographic dividend,1975,-2.8635168076,18.7964687347
East Asia & Pacific,1975,-0.8855923414,16.7470207214
East Asia & Pacific (IDA & IBRD countries),1975,-2.1977524757,15.6614074707
East Asia & Pacific (excluding high income),1975,-2.1845581532,15.5776805878
Ecuador,1975,-2.1706757545,17.1414146423
"Egypt, Arab Rep.",1975,-3.6340832710,16.7919521332
El Salvador,1975,-2.3122119904,16.3912010193
Equatorial Guinea,1975,-2.9832262993,17.2238197327
Eswatini,1975,-1.8641427755,18.5211696625
Ethiopia,1975,-1.8353503942,19.2930278778
Euro area,1975,0.3714030385,16.6652202606
Europe & Central Asia,1975,0.5145229101,16.5553894043
European Union,1975,0.3636817336,16.5724735260
Faroe Islands,1975,-1.3683205843,18.6927165985
Fiji,1975,-0.8762150407,18.2810459137
Finland,1975,-1.7283487320,15.9808101654
Fragile and conflict affected situations,1975,-0.7329296470,16.8306427002
France,1975,-1.0173075199,15.9318075180
French Polynesia,1975,-1.1530140638,18.3799076080
Gabon,1975,-3.3523242474,17.1030883789
"Gambia, The",1975,-2.5919978619,17.3178577423
Georgia,1975,-4.2114334106,16.2704200745
Germany,1975,-1.3181979656,16.1687755585
Ghana,1975,-2.9838032722,17.9914569855
Greece,1975,-2.2499184608,16.0637016296
Greenland,1975,-0.8344284892,18.3963165283
Guam,1975,-0.9758587480,17.1639385223
Guatemala,1975,-1.9738550186,16.4869041443
Guinea,1975,-2.8693742752,19.0045623779
Guinea-Bissau,1975,-2.8087499142,16.4318790436
Guyana,1975,-2.7285933495,16.6191654205
Haiti,1975,-1.0799555779,18.8046321869
Heavily indebted poor countries (HIPC),1975,-1.9637312889,18.3223857880
High income,1975,0.8515473604,16.6512336731
Honduras,1975,-2.2331428528,16.6347866058
"Hong Kong SAR, China",1975,-1.9535779953,17.3758811951
Hungary,1975,-2.4867732525,19.3383598328
IBRD only,1975,-0.5751904249,14.8307914734
IDA & IBRD total,1975,-0.6512345076,15.1060256958
IDA blend,1975,-2.2860951424,18.8879394531
IDA only,1975,-0.6070700884,19.0342483521
IDA total,1975,-0.0506238975,16.3490238190
Iceland,1975,-3.1034965515,18.1655616760
India,1975,-3.4165039062,17.8337440491
Indonesia,1975,-1.6765176058,15.7233724594
"Iran, Islamic Rep.",1975,-3.2205839157,16.9153957367
Iraq,1975,-2.8109838963,18.3883686066
Ireland,1975,-2.7448356152,16.6021442413
Isle of Man,1975,-3.7258162498,16.5610027313
Israel,1975,-2.5731344223,17.9483413696
Italy,1975,-1.4011893272,16.8939781189
Jamaica,1975,-3.3933019638,19.4365196228
Japan,1975,-3.6533613205,17.5525665283
Jordan,1975,-1.8394094706,16.3325843811
Kenya,1975,-2.9353508949,18.2709083557
Kiribati,1975,-2.7734801769,16.8922462463
"Korea, Rep.",1975,-3.6066403389,17.4322052002
Kuwait,1975,-3.3561971188,18.0036163330
Late-demographic dividend,1975,-0.8057812452,15.0265560150
Latin America & Caribbean,1975,-1.1442165375,16.7803688049
Latin America & Caribbean (excluding high income),1975,-1.0326857567,15.4837169647
Latin America & the Caribbean (IDA & IBRD countries),1975,-1.2433484793,16.8274154663
Least developed countries: UN classification,1975,-0.4448152184,18.6378211975
Lesotho,1975,-3.2619006634,17.5513172150
Liberia,1975,-1.4013977051,18.6043109894
Libya,1975,-1.6031026840,18.7015514374
Liechtenstein,1975,-1.6443272829,18.2362995148
Low & middle income,1975,-0.6802178621,15.0234031677
Low income,1975,-1.3871831894,15.6623125076
Lower middle income,1975,-3.1461555958,17.9551467896
Luxembourg,1975,-2.4863924980,16.8464164734
Madagascar,1975,-3.8104140759,17.0775699615
Malawi,1975,-2.9529104233,19.3481597900
Malaysia,1975,-3.1732478142,17.5596771240
Maldives,1975,-1.1983878613,17.9944267273
Mali,1975,-2.9916105270,17.0701370239
Malta,1975,-2.8293664455,16.2761421204
Marshall Islands,1975,-1.1124165058,17.5917530060
Mauritania,1975,-3.3838465214,16.9303417206
Mauritius,1975,-2.0551364422,18.6063270569
Mexico,1975,-1.3383797407,15.9440460205
"Micronesia, Fed. Sts.",1975,-1.7010550499,17.7722892761
"Middle East, North Africa, Afghanistan & Pakistan",1975,-3.0167932510,16.9027709961
"Middle East, North Africa, Afghanistan & Pakistan (IDA & IBRD)",1975,-3.2169456482,18.5023784637
"Middle East, North Africa, Afghanistan & Pakistan (excluding high income)",1975,-3.2005019188,18.6399211884
Middle income,1975,-0.5555118918,14.8631629944
Monaco,1975,-1.4779517651,18.7114810944
Morocco,1975,-2.8792619705,16.6745338440
Myanmar,1975,-1.6666163206,19.2174625397
Nauru,1975,-2.7324664593,18.7136325836
Nepal,1975,-3.5960254669,17.9853363037
Netherlands,1975,-0.9840867519,16.4998626709
New Caledonia,1975,-0.9687961340,17.8773822784
New Zealand,1975,-1.9748239517,16.8876266479
Nicaragua,1975,-1.9500597715,16.2266387939
Niger,1975,-2.9843716621,17.6410388947
Nigeria,1975,-2.0312392712,18.9521770477
North America,1975,-0.3636486828,17.4325428009
Norway,1975,-1.7828621864,15.8984518051
OECD members,1975,0.8768345714,16.6566600800
Oman,1975,-3.0891206264,17.1327457428
Other small states,1975,-3.8779122829,18.1808834076
Pacific island small states,1975,-0.5562140346,17.8377017975
Pakistan,1975,-3.6328737736,17.6060028076
Palau,1975,-1.1229299307,17.6436080933
Panama,1975,-2.2117416859,16.1170787811
Papua New Guinea,1975,-2.0294179916,16.5439739227
Paraguay,1975,-2.5951030254,16.8600025177
Peru,1975,-3.8763523102,17.7877635956
Philippines,1975,-1.7068783045,17.2610721588
Portugal,1975,-3.0665245056,16.1999168396
Post-demographic dividend,1975,0.8107682467,16.7075920105
Pre-demographic dividend,1975,-0.1387903243,16.4538898468
Puerto Rico (US),1975,-2.6066329479,16.6149215698
Qatar,1975,-1.6958649158,19.5391998291
Rwanda,1975,-2.8855419159,18.0285224915
Samoa,1975,-1.6545034647,17.9008293152
Sao Tome and Principe,1975,-1.3780423403,17.8167114258
Saudi Arabia,1975,-3.4891953468,18.2260875702
Senegal,1975,-3.8251998425,17.1139945984
Seychelles,1975,-2.7270517349,17.7940826416
Sierra Leone,1975,-2.3077516556,18.1757087708
Singapore,1975,-3.8800435066,17.9528636932
Small states,1975,-1.2343453169,17.3112583160
Solomon Islands,1975,-1.9453650713,18.0475482941
"Somalia, Fed. Rep.",1975,-3.3080799580,16.6187839508
South Africa,1975,-3.4747369289,17.3216400146
South Asia,1975,-4.1645073891,16.2210769653
South Asia (IDA & IBRD),1975,-4.2638864517,16.1801319122
Spain,1975,-0.3167314827,18.7330398560
Sri Lanka,1975,-3.5626869202,18.5996932983
St. Kitts and Nevis,1975,-2.0333399773,17.1200218201
St. Vincent and the Grenadines,1975,-1.6691734791,18.3731765747
Sub-Saharan Africa,1975,0.1529623717,17.1861019135
Sub-Saharan Africa (IDA & IBRD countries),1975,0.2525219619,17.1625614166
Sub-Saharan Africa (excluding high income),1975,0.2689653039,17.1020832062
Sudan,1975,-4.0413584709,18.2916603088
Suriname,1975,-1.2439899445,18.5536918640
Sweden,1975,-4.2461242676,18.5922870636
Switzerland,1975,-4.0737824440,17.8766059875
Syrian Arab Republic,1975,-3.4722151756,16.4142341614
Tanzania,1975,-1.2772864103,19.2262420654
Thailand,1975,-2.9182171822,15.8990535736
Togo,1975,-4.0516428947,17.5232028961
Tonga,1975,-1.0744788647,18.0256710052
Trinidad and Tobago,1975,-3.0382406712,19.7341175079
Tunisia,1975,-4.2294116020,17.1621665955
Turkiye,1975,-2.3350291252,15.6727113724
Tuvalu,1975,-4.0284266472,18.2767181396
Uganda,1975,-1.6439098120,19.4949607849
United Arab Emirates,1975,-2.5380332470,19.3495826721
United Kingdom,1975,-4.2238903046,17.8058357239
United States,1975,-0.4168907404,17.4018402100
Upper middle income,1975,-0.6954455376,14.9796056747
Uruguay,1975,-3.3926992416,18.9244575500
"Venezuela, RB",1975,-3.5053603649,18.6404876709
World,1975,0.9540535808,16.7208042145
Zambia,1975,-1.2537947893,19.5767173767
Zimbabwe,1975,-4.3301110268,17.3897151947
Africa Eastern and Southern,1976,20.5760345459,3.5987002850
Africa Western and Central,1976,21.0075893402,3.3829462528
Algeria,1976,19.6651515961,2.6010127068
American Samoa,1976,18.2246170044,5.0554547310
Andorra,1976,20.7632904053,4.3698263168
Antigua and Barbuda,1976,18.1775093079,5.1580715179
Arab World,1976,19.2810115814,2.7227127552
Argentina,1976,19.1052608490,2.6799697876
Australia,1976,19.9025707245,2.8296921253
Austria,1976,18.8939685822,3.0548424721
"Bahamas, The",1976,18.8969974518,2.3733580112
Bahrain,1976,20.6902999878,3.0917441845
Bangladesh,1976,19.7485179901,4.1000213623
Barbados,1976,18.5130863190,4.1265373230
Belgium,1976,18.4920024872,3.5914564133
Belize,1976,19.5005512238,3.4907200336
Benin,1976,19.8485202789,2.3297064304
Bermuda,1976,20.5380363464,2.7606585026
Bhutan,1976,20.1267948151,2.2196784019
Bolivia,1976,19.4198665619,2.5705120564
Botswana,1976,19.6847419739,3.5513606071
Brazil,1976,19.4515438080,4.7506761551
Brunei Darussalam,1976,18.4851379395,4.1563024521
Burkina Faso,1976,20.0657634735,2.8583507538
Burundi,1976,19.8817520142,2.4438455105
Cambodia,1976,20.8886432648,2.6443290710
Cameroon,1976,19.5988063812,3.0600111485
Canada,1976,17.3444709778,4.2480616570
Caribbean small states,1976,20.2108173370,3.1254787445
Central African Republic,1976,18.9683246613,3.1071231365
Chad,1976,19.6500453949,2.9532880783
Chile,1976,20.2810020447,3.0402581692
China,1976,18.5675659180,2.5936992168
Colombia,1976,19.9421577454,2.5867052078
"Congo, Dem. Rep.",1976,20.9368324280,3.5184357166
"Congo, Rep.",1976,19.6768836975,2.9095606804
Costa Rica,1976,19.4735355377,2.6300411224
Cote d'Ivoire,1976,19.8181915283,3.6970551014
Cuba,1976,19.1251049042,3.1895611286
Cyprus,1976,19.2705287933,3.7580292225
Denmark,1976,19.4626617432,2.1003763676
Dominican Republic,1976,18.9031047821,3.5121364594
Early-demographic dividend,1976,19.8796195984,3.5772774220
East Asia & Pacific,1976,16.6429748535,3.4859201908
East Asia & Pacific (IDA & IBRD countries),1976,20.3080463409,4.4279313087
East Asia & Pacific (excluding high income),1976,20.4350318909,4.5774383545
Ecuador,1976,19.2424030304,3.3357641697
"Egypt, Arab Rep.",1976,19.3033256531,3.1493346691
El Salvador,1976,17.9790725708,2.7806396484
Equatorial Guinea,1976,19.4364261627,3.9279062748
Eswatini,1976,20.7924308777,3.6315603256
Ethiopia,1976,20.8470706940,3.4160716534
Euro area,1976,16.2460861206,3.1780116558
Europe & Central Asia,1976,16.0895576477,3.2710590363
European Union,1976,16.2156391144,3.1673145294
Faroe Islands,1976,21.0615539551,3.0389177799
Fiji,1976,21.1931362152,2.9008703232
Finland,1976,18.7623920441,2.3672740459
Fragile and conflict affected situations,1976,20.9758453369,3.0551540852
France,1976,17.8734893799,3.0991072655
French Polynesia,1976,21.2120666504,2.6437506676
Gabon,1976,20.0295276642,3.3185408115
"Gambia, The",1976,20.4579086304,3.2239956856
Georgia,1976,16.0196876526,4.1745843887
Germany,1976,16.5139007568,2.9820961952
Ghana,1976,19.2353763580,2.1895630360
Greece,1976,18.1072540283,3.7729694843
Greenland,1976,20.3944664001,2.3187994957
Guam,1976,18.0652694702,4.4376988411
Guatemala,1976,18.4371452332,3.1616141796
Guinea,1976,20.4641819000,1.9644728899
Guinea-Bissau,1976,17.2777042389,3.3394577503
Guyana,1976,18.8628139496,2.2782783508
Haiti,1976,20.4968547821,2.9850697517
Heavily indebted poor countries (HIPC),1976,20.7742710114,3.7945847511
High income,1976,15.8017549515,3.7274036407
Honduras,1976,19.6948585510,4.1399493217
"Hong Kong SAR, China",1976,18.7433509827,2.3375699520
Hungary,1976,20.7041950226,2.7369945049
IBRD only,1976,15.6736574173,4.4389142990
IDA & IBRD total,1976,15.8172464371,4.3909249306
IDA blend,1976,17.9519729614,4.0165848732
IDA only,1976,21.4447383881,4.1368999481
IDA total,1976,17.4453945160,2.9811227322
Iceland,1976,19.9385623932,2.3958406448
India,1976,19.3289890289,4.3768143654
Indonesia,1976,17.9443950653,3.9826185703
"Iran, Islamic Rep.",1976,19.6707534790,3.7639577389
Iraq,1976,19.6091289520,3.6634049416
Ireland,1976,18.6730060577,3.3871595860
Isle of Man,1976,18.0845680237,2.6693592072
Israel,1976,18.1549205780,2.4315686226
Italy,1976,18.1300773621,4.0625185966
Jamaica,1976,18.4277248383,5.1572580338
Japan,1976,19.9972972870,3.9495103359
Jordan,1976,21.1596374512,2.2534592152
Kenya,1976,20.2872257233,3.4570503235
Kiribati,1976,18.4608879089,3.1321218014
"Korea, Rep.",1976,18.3576068878,2.7237739563
Kuwait,1976,20.0535068512,3.5798053741
Late-demographic dividend,1976,16.0533638000,4.7673149109
Latin America & Caribbean,1976,16.9666423798,2.6991391182
Latin America & Caribbean (excluding high income),1976,17.0780525208,2.8630480766
Latin America & the Caribbean (IDA & IBRD countries),1976,16.8680191040,2.9242794514
Least developed countries: UN classification,1976,21.3980770111,4.1138997078
Lesotho,1976,18.6086330414,2.9054183960
Liberia,1976,20.5882854462,3.7868542671
Libya,1976,21.1754398346,3.6547188759
Liechtenstein,1976,20.3308658600,2.4933860302
Low & middle income,1976,15.6574525833,4.5576457977
Low income,1976,18.1019821167,3.6123123169
Lower middle income,1976,17.2844543457,2.6508696079
Luxembourg,1976,19.9116115570,3.6942324638
Madagascar,1976,19.5256729126,2.8033308983
Malawi,1976,16.2645969391,3.5338451862
Malaysia,1976,19.8934211731,4.0160636902
Maldives,1976,20.0798721313,1.7709697485
Mali,1976,20.1007843018,3.7665898800
Malta,1976,18.9231700897,3.6579833031
Marshall Islands,1976,19.3180599213,1.9683442116
Mauritania,1976,19.8566112518,3.1796195507
Mauritius,1976,20.5978031158,2.1401360035
Mexico,1976,18.1395416260,3.2122538090
"Micronesia, Fed. Sts.",1976,19.7291622162,1.8147051334
"Middle East, North Africa, Afghanistan & Pakistan",1976,19.1234741211,2.8144657612
"Middle East, North Africa, Afghanistan & Pakistan (IDA & IBRD)",1976,18.5011711121,1.9130687714
"Middle East, North Africa, Afghanistan & Pakistan (excluding high income)",1976,18.4171485901,1.9648540020
Middle income,1976,15.7567958832,4.6189279556
Monaco,1976,18.9065780640,2.7870485783
Morocco,1976,19.2144622803,2.4748613834
Myanmar,1976,20.4443206787,4.0906620026
Nauru,1976,19.7361545563,2.2538144588
Nepal,1976,19.1348304749,3.0034999847
Netherlands,1976,18.1404819489,3.5308365822
New Caledonia,1976,21.3779525757,2.7402443886
New Zealand,1976,19.3385353088,2.2442471981
Nicaragua,1976,18.1125125885,2.2870285511
Niger,1976,19.7922496796,1.8842281103
Nigeria,1976,21.1268882751,3.4878964424
North America,1976,15.8648262024,4.0733709335
Norway,1976,18.1919612885,3.3131444454
OECD members,1976,15.8936262131,3.6305141449
Oman,1976,18.7809047699,3.1703646183
Other small states,1976,20.7659168243,2.4421017170
Pacific island small states,1976,20.5412921906,1.6146748066
Pakistan,1976,17.6694946289,2.1908984184
Palau,1976,20.1471328735,1.6062977314
Panama,1976,18.9230632782,4.4506616592
Papua New Guinea,1976,18.9392890930,3.7951452732
Paraguay,1976,19.4297103882,3.8044035435
Peru,1976,18.5783138275,2.5674359798
Philippines,1976,21.4488334656,3.4426302910
Portugal,1976,18.5100021362,4.2893772125
Post-demographic dividend,1976,15.9816436768,3.5219743252
Pre-demographic dividend,1976,17.9906768799,4.2164025307
Puerto Rico (US),1976,18.2185268402,4.8848433495
Qatar,1976,21.3824424744,3.7790846825
Rwanda,1976,19.1780185699,3.9561388493
Samoa,1976,20.9529323578,1.8110018969
Sao Tome and Principe,1976,19.2079582214,4.3188290596
Saudi Arabia,1976,19.3641700745,3.4283425808
Senegal,1976,19.7751674652,2.7786607742
Seychelles,1976,19.8664016724,2.6661622524
Sierra Leone,1976,18.9272575378,3.5742056370
Singapore,1976,19.7956428528,2.1616160870
Small states,1976,20.3751754761,3.7285194397
Solomon Islands,1976,18.8468341827,1.8725003004
"Somalia, Fed. Rep.",1976,19.0948581696,4.0539302826
South Africa,1976,21.4651355743,2.9175267220
South Asia,1976,19.6842861176,4.6132531166
South Asia (IDA & IBRD),1976,19.6918334961,4.6548085213
Spain,1976,17.7875442505,3.3778021336
Sri Lanka,1976,20.3350181580,4.4303269386
St. Kitts and Nevis,1976,19.5542011261,2.9026076794
St. Vincent and the Grenadines,1976,20.0758857727,4.6691393852
Sub-Saharan Africa,1976,16.7784328461,2.4429965019
Sub-Saharan Africa (IDA & IBRD countries),1976,16.9247703552,2.2582185268
Sub-Saharan Africa (excluding high income),1976,16.7976436615,2.4141917229
Sudan,1976,18.8731765747,1.6669572592
Suriname,1976,18.6347332001,1.4099056721
Sweden,1976,20.1238784790,1.4077309370
Switzerland,1976,19.3870124817,1.3413523436
Syrian Arab Republic,1976,19.0849800110,4.5308604240
Tanzania,1976,20.9883651733,4.1959028244
Thailand,1976,21.0560932159,1.6451210976
Togo,1976,19.0053176880,1.7251459360
Tonga,1976,20.6081962585,1.7981686592
Trinidad and Tobago,1976,21.0324687958,3.8235106468
Tunisia,1976,19.4937953949,1.5550415516
Turkiye,1976,19.5434722900,4.9125957489
Tuvalu,1976,19.7512054443,1.3559818268
Uganda,1976,21.4057979584,3.6373937130
United Arab Emirates,1976,21.2443580627,2.3344993591
United Kingdom,1976,21.2582130432,2.8457138538
United States,1976,16.1260986328,4.1722722054
Upper middle income,1976,15.8473234177,4.5703501701
Uruguay,1976,19.0325889587,1.7629674673
"Venezuela, RB",1976,20.6838340759,2.2424488068
World,1976,15.9371881485,3.6780149937
Zambia,1976,21.4978618622,3.2267990112
Zimbabwe,1976,18.9025592804,1.6170935631
Africa Eastern and Southern,1977,25.2809257507,7.3951802254
Africa Western and Central,1977,25.0840568542,7.2250571251
Algeria,1977,24.5721473694,9.2356328964
American Samoa,1977,24.2670936584,9.2724409103
Andorra,1977,24.8503875732,7.9824585915
Antigua and Barbuda,1977,23.4096717834,9.9246482849
Arab World,1977,25.8043231964,9.2523632050
Argentina,1977,26.5262126923,8.4279642105
Australia,1977,24.3190383911,8.6473979950
Austria,1977,23.1089839935,8.8909721375
"Bahamas, The",1977,25.1492309570,8.7684316635
Bahrain,1977,24.6596813202,7.0195431709
Bangladesh,1977,25.2508354187,9.3805627823
Barbados,1977,24.7194213867,8.0587558746
Belgium,1977,23.5236625671,7.8384976387
Belize,1977,24.8859882355,8.2064628601
Benin,1977,24.8134193420,8.9254627228
Bermuda,1977,23.0341186523,9.0078525543
Bhutan,1977,25.7205543518,8.7252340317
Bolivia,1977,23.4863548279,8.5066986084
Botswana,1977,24.6968154907,8.5769128799
Brazil,1977,22.3408470154,8.5504741669
Brunei Darussalam,1977,23.6776313782,10.2397756577
Burkina Faso,1977,25.0506782532,9.2154207230
Burundi,1977,24.3657455444,8.9652652740
Cambodia,1977,24.3298683167,10.2989768982
Cameroon,1977,24.6512031555,9.1561813354
Canada,1977,24.1228923798,8.4641208649
Caribbean small states,1977,25.1525077820,7.6763610840
Central African Republic,1977,24.4919815063,8.4327220917
Chad,1977,25.0019760132,9.5943384171
Chile,1977,24.2080459595,9.9298572540
China,1977,25.8393898010,8.3038663864
Colombia,1977,24.1250648499,9.0808238983
"Congo, Dem. Rep.",1977,24.6188354492,7.8157453537
"Congo, Rep.",1977,24.1597480774,8.6450881958
Costa Rica,1977,24.0678405762,9.4257001877
Cote d'Ivoire,1977,25.1463317871,8.9355716705
Cuba,1977,23.7451667786,9.7556200027
Cyprus,1977,23.9126338959,10.0718736649
Denmark,1977,24.9726963043,9.4829645157
Dominica,1977,23.6738452911,10.0585098267
Dominican Republic,1977,23.1333713531,9.4432802200
Early-demographic dividend,1977,23.4609050751,7.3958358765
East Asia & Pacific,1977,22.0582313538,8.2576665878
East Asia & Pacific (IDA & IBRD countries),1977,26.1047229767,8.1586742401
East Asia & Pacific (excluding high income),1977,26.0667057037,8.2911262512
Ecuador,1977,23.8784713745,9.7577943802
"Egypt, Arab Rep.",1977,25.3004550934,8.8709449768
El Salvador,1977,24.1759662628,9.6409835815
Equatorial Guinea,1977,24.8657665253,8.5254125595
Eswatini,1977,25.2430381775,8.6062068939
Ethiopia,1977,25.1662960052,7.2045922279
Euro area,1977,22.6030521393,6.9102425575
Europe & Central Asia,1977,22.4429798126,7.0822072029
European Union,1977,22.6251697540,6.8818669319
Faroe Islands,1977,24.8668823242,7.4551820755
Fiji,1977,23.4239616394,8.8561687469
Finland,1977,23.5232276917,8.4315366745
Fragile and conflict affected situations,1977,22.6362724304,8.9469766617
France,1977,23.7100505829,7.1986203194
French Polynesia,1977,24.9971942902,9.9644718170
Gabon,1977,24.2583389282,9.0744056702
"Gambia, The",1977,24.2971057892,7.8708734512
Georgia,1977,26.6368770599,8.5733499527
Germany,1977,23.4698066711,7.5058188438
Ghana,1977,25.0277996063,9.9948787689
Greece,1977,23.2546997070,7.6738429070
Greenland,1977,25.4494590759,8.3719673157
Grenada,1977,23.4884986877,10.3957929611
Guatemala,1977,23.4911556244,9.4660062790
Guinea,1977,24.8173542023,6.7460260391
Guinea-Bissau,1977,23.4546566010,9.4249963760
Guyana,1977,23.9651393890,9.8166675568
Haiti,1977,25.1637744904,8.1162185669
Heavily indebted poor countries (HIPC),1977,24.0490570068,7.0716242790
High income,1977,21.5091972351,7.7433371544
Honduras,1977,23.3695926666,9.9966077805
"Hong Kong SAR, China",1977,23.0744762421,9.9172430038
Hungary,1977,25.8848552704,8.3293190002
IBRD only,1977,21.3919315338,8.6201057434
IDA & IBRD total,1977,21.4162769318,8.5274114609
IDA blend,1977,25.0434951782,7.7798085213
IDA only,1977,23.1913852692,7.1901311874
IDA total,1977,24.7996520996,7.2418327332
Iceland,1977,25.3593921661,8.5075569153
India,1977,25.5936222076,8.9874210358
Indonesia,1977,23.3317317963,8.2377662659
"Iran, Islamic Rep.",1977,24.9767284393,9.7349872589
Iraq,1977,23.1677761078,9.7152690887
Ireland,1977,23.3382682800,10.2015857697
Isle of Man,1977,26.3931903839,8.9103994370
Israel,1977,24.3833103180,9.5029449463
Italy,1977,23.0789108276,6.6673846245
Jamaica,1977,24.6693687439,9.6191234589
Japan,1977,22.4828357697,8.2667198181
Jordan,1977,25.7806472778,8.0955581665
Kenya,1977,25.1643962860,8.5945796967
Kiribati,1977,23.5151062012,9.9664754868
"Korea, Rep.",1977,25.9022293091,8.9139804840
Kuwait,1977,24.9052085876,9.6820707321
Late-demographic dividend,1977,26.5931129456,8.0593719482
Latin America & Caribbean,1977,21.9550228119,8.7797698975
Latin America & Caribbean (excluding high income),1977,21.7044124603,8.5521640778
Latin America & the Caribbean (IDA & IBRD countries),1977,21.8810062408,8.7289638519
Least developed countries: UN classification,1977,23.5577754974,7.7273950577
Lesotho,1977,24.6254539490,8.6676492691
Liberia,1977,24.8053302765,7.9918904305
Libya,1977,25.3194179535,7.5119872093
Liechtenstein,1977,22.3531360626,8.7221822739
Low & middle income,1977,21.4012870789,8.5570468903
Low income,1977,23.2184696198,7.6364436150
Lower middle income,1977,25.5726890564,8.6786270142
Luxembourg,1977,22.9861698151,9.9506149292
Madagascar,1977,24.6972446442,10.1055355072
Malawi,1977,21.7551975250,8.2493925095
Malaysia,1977,25.4011039734,9.0522937775
Maldives,1977,23.5861625671,10.5909738541
Mali,1977,24.5294857025,9.0767002106
Malta,1977,23.8824863434,9.6455364227
Marshall Islands,1977,24.7447795868,10.5199470520
Mauritania,1977,24.1828994751,9.5059337616
Mauritius,1977,24.8361244202,9.8391695023
Mexico,1977,23.0801963806,8.1649532318
"Micronesia, Fed. Sts.",1977,24.3496379852,10.5281705856
"Middle East, North Africa, Afghanistan & Pakistan",1977,24.4999847412,9.1198778152
"Middle East, North Africa, Afghanistan & Pakistan (IDA & IBRD)",1977,24.8773155212,10.8072509766
"Middle East, North Africa, Afghanistan & Pakistan (excluding high income)",1977,24.8588333130,10.7408218384
Middle income,1977,21.3716526031,8.6421852112
Monaco,1977,24.0467205048,8.0879917145
Morocco,1977,23.4647388458,10.4576025009
Myanmar,1977,24.5210666656,7.6568088531
Nauru,1977,24.4114665985,10.3416433334
Nepal,1977,25.3842735291,9.4876146317
Netherlands,1977,23.1992015839,7.6587615013
New Caledonia,1977,23.0382804871,9.7190275192
New Zealand,1977,23.8917160034,10.0617332458
Nicaragua,1977,23.9288101196,10.3856344223
Niger,1977,25.5911083221,9.0841531754
Nigeria,1977,24.5691146851,7.4015989304
North America,1977,21.9821395874,8.0914926529
Norway,1977,24.2794418335,9.5310869217
OECD members,1977,21.4217548370,7.6964187622
Oman,1977,25.1912899017,9.2041454315
Other small states,1977,25.0195159912,6.9922418594
Pacific island small states,1977,23.9319190979,7.7641510963
Pakistan,1977,24.7679691315,8.7367334366
Palau,1977,24.7046604156,10.5173616409
Panama,1977,23.6810264587,10.0342473984
Papua New Guinea,1977,23.7019920349,10.2118148804
Paraguay,1977,25.2474384308,9.8403100967
Peru,1977,24.0225067139,8.1881484985
Philippines,1977,24.8285675049,7.3823661804
Portugal,1977,23.6289501190,9.5217256546
Post-demographic dividend,1977,21.4623756409,7.6897954941
Pre-demographic dividend,1977,25.3408679962,7.0252213478
Puerto Rico (US),1977,24.8465862274,9.2093715668
Qatar,1977,25.1368312836,6.9718213081
Rwanda,1977,24.9215450287,9.1364316940
Samoa,1977,24.0610618591,10.4753017426
Sao Tome and Principe,1977,24.0661525726,10.6440935135
Saudi Arabia,1977,23.2542572021,8.7820730209
Senegal,1977,24.5218067169,9.8221540451
Seychelles,1977,23.9565715790,8.9140443802
Sierra Leone,1977,25.4532527924,9.5692110062
Singapore,1977,26.5360870361,8.8629455566
Small states,1977,25.7819900513,7.6699318886
Solomon Islands,1977,24.4953422546,9.9254522324
"Somalia, Fed. Rep.",1977,24.0412197113,8.9104661942
South Africa,1977,23.9514427185,8.5880460739
South Asia,1977,26.0850543976,9.6321344376
South Asia (IDA & IBRD),1977,26.1513843536,9.6912164688
Spain,1977,23.1842231750,6.4282164574
Sri Lanka,1977,22.9058704376,8.8585472107
St. Kitts and Nevis,1977,25.6291217804,9.7760581970
St. Vincent and the Grenadines,1977,25.5225162506,8.0943527222
Sub-Saharan Africa,1977,23.1868171692,6.4385032654
Sub-Saharan Africa (IDA & IBRD countries),1977,23.1442756653,6.3988046646
Sub-Saharan Africa (excluding high income),1977,23.2717914581,6.3439030647
Sudan,1977,24.0814933777,8.1858358383
Suriname,1977,25.4069442749,7.6406645775
Sweden,1977,25.7645397186,10.0173969269
Switzerland,1977,24.9939537048,10.4571418762
Syrian Arab Republic,1977,24.0226917267,7.5931224823
Tanzania,1977,25.7235107422,7.0487532616
Thailand,1977,23.2025413513,10.2824764252
Togo,1977,26.4126052856,8.7932691574
Tonga,1977,24.3062210083,10.7519760132
Trinidad and Tobago,1977,25.5892562866,6.8862881660
Tunisia,1977,25.8868942261,9.4726591110
Turkiye,1977,23.0326347351,7.8587269783
Tuvalu,1977,24.1866188049,10.8186569214
Uganda,1977,25.1244773865,6.7673921585
United Arab Emirates,1977,25.5130729675,6.6343913078
United Kingdom,1977,25.3939189911,10.3412609100
United States,1977,21.9687767029,8.0656824112
Upper middle income,1977,21.6530742645,8.5028352737
Uruguay,1977,25.1595058441,10.3058433533
"Venezuela, RB",1977,25.6889400482,9.9117937088
World,1977,21.4401626587,7.6628618240
Zambia,1977,25.1032733917,6.6099677086
Zimbabwe,1977,23.5064907074,10.8122701645
Africa Eastern and Southern,1978,-2.4731850624,3.8041567802
Africa Western and Central,1978,-1.2913825512,4.6288433075
Algeria,1978,0.3713304400,6.1795725822
American Samoa,1978,-0.1028618217,3.7072374821
Andorra,1978,-2.1282589436,3.6395206451
Antigua and Barbuda,1978,-0.5373041630,1.8341133595
Arab World,1978,-1.1994442940,3.0931584835
Argentina,1978,-0.9592410922,3.7949371338
Australia,1978,-2.4976897240,4.2230210304
Austria,1978,-2.7436230183,5.6717648506
"Bahamas, The",1978,-0.5213031173,5.8125000000
Bahrain,1978,-0.7673402429,2.4687857628
Bangladesh,1978,1.0529779196,4.3431711197
Barbados,1978,-0.2317350209,2.9175493717
Belgium,1978,-1.3698625565,3.4886949062
Belize,1978,0.2450597882,4.4916853905
Benin,1978,-2.5227746964,3.5432872772
Bermuda,1978,-2.4421341419,3.6875450611
Bhutan,1978,0.7997552156,4.3053107262
Bolivia,1978,-2.2664160728,3.1392190456
Botswana,1978,-0.7222412825,5.2132649422
Brazil,1978,0.3055102825,2.1757123470
Brunei Darussalam,1978,0.5995125175,4.2965645790
Burkina Faso,1978,-0.1986458153,2.2108268738
Burundi,1978,-1.7239787579,4.6891088486
Cambodia,1978,-2.6628112793,5.0420169830
Cameroon,1978,-0.5368821621,4.0637898445
Canada,1978,-1.0652043819,2.1711721420
Caribbean small states,1978,0.0191707723,4.5410332680
Central African Republic,1978,-2.6934902668,3.6511299610
Chad,1978,-2.1634132862,4.9736552238
Chile,1978,-0.0793452337,4.5522212982
China,1978,0.2536995709,6.3239660263
Colombia,1978,0.5061278343,4.8163180351
"Congo, Dem. Rep.",1978,-0.8674256802,3.6603920460
"Congo, Rep.",1978,1.0722153187,3.2689638138
Costa Rica,1978,0.6614827514,3.3343813419
Cote d'Ivoire,1978,0.1415302604,6.4092626572
Cuba,1978,0.0647244751,3.6649618149
Cyprus,1978,0.3211527467,4.5645847321
Denmark,1978,-2.3640027046,2.8331491947
Dominica,1978,-0.3966251016,6.0014224052
Dominican Republic,1978,-2.1103603840,2.9477541447
Early-demographic dividend,1978,-1.8078114986,2.5698714256
East Asia & Pacific,1978,0.8706043363,2.2319447994
East Asia & Pacific (IDA & IBRD countries),1978,0.6681646109,5.7213268280
East Asia & Pacific (excluding high income),1978,0.6216292381,5.8252711296
Ecuador,1978,0.7201592326,2.4783489704
"Egypt, Arab Rep.",1978,0.3946224451,5.1495513916
El Salvador,1978,0.2584276497,3.0454483032
Eswatini,1978,-2.2554121017,3.6880025864
Ethiopia,1978,-1.4651672840,2.9918229580
Euro area,1978,-1.6488252878,1.9656367302
Europe & Central Asia,1978,-1.6804821491,1.8622899055
European Union,1978,-1.6949347258,1.9961389303
Faroe Islands,1978,-0.5991035700,3.2914185524
Fiji,1978,-2.1985323429,3.2756423950
Finland,1978,-1.3451559544,3.0479362011
Fragile and conflict affected situations,1978,-2.5498960018,5.5288963318
France,1978,-1.0985279083,2.3203709126
French Polynesia,1978,0.0494658723,5.9938902855
Gabon,1978,-0.8909800649,3.8377721310
"Gambia, The",1978,1.0391920805,3.1758785248
Georgia,1978,1.3043041229,4.5655097961
Germany,1978,-1.4707301855,2.6924450397
Ghana,1978,0.7063191533,5.1920404434
Greece,1978,0.1318125576,4.1918568611
Greenland,1978,1.4406121969,2.6057405472
Grenada,1978,-0.0046998183,2.9154922962
Guatemala,1978,-0.2011267990,2.9835872650
Guinea,1978,0.7458652854,3.6806840897
Guinea-Bissau,1978,-0.5620293617,4.8685698509
Guyana,1978,-0.9852410555,4.7001628876
Haiti,1978,0.7983983755,3.1599156857
Heavily indebted poor countries (HIPC),1978,-1.3063156605,2.8143739700
High income,1978,-0.0946421698,0.3714674711
Honduras,1978,1.3674154282,2.9855108261
"Hong Kong SAR, China",1978,-0.2439786643,4.5958480835
Hungary,1978,-0.2103384435,1.7173895836
IBRD only,1978,-0.6112782359,0.8684772253
IDA & IBRD total,1978,-0.7288344502,0.6930195093
IDA blend,1978,-2.3959352970,4.9040923119
IDA only,1978,-1.9952677488,2.5472908020
IDA total,1978,-2.7538700104,3.6063299179
Iceland,1978,1.3592505455,2.8024408817
India,1978,1.2549227476,2.3485600948
Indonesia,1978,0.3863113225,3.9328105450
"Iran, Islamic Rep.",1978,-0.6437230706,3.7389788628
Iraq,1978,-0.6360772252,4.3016324043
Ireland,1978,0.8961114287,4.4555115700
Isle of Man,1978,0.5323116779,2.8945963383
Israel,1978,0.8706312776,2.3557648659
Italy,1978,-1.1576592922,2.8058025837
Jamaica,1978,-2.7685179710,5.1471323967
Japan,1978,0.7138203979,2.4614603519
Jordan,1978,-0.6075475812,5.4978961945
Kenya,1978,1.0485048294,3.8973269463
Kiribati,1978,-2.5429756641,4.0208048820
"Korea, Rep.",1978,0.0210470017,6.1528987885
Kuwait,1978,0.9597360492,4.1956319809
Late-demographic dividend,1978,1.4514337778,4.1838364601
Latin America & Caribbean,1978,-0.5682479143,1.6385231018
Latin America & Caribbean (excluding high income),1978,-0.4465954304,1.3353574276
Latin America & the Caribbean (IDA & IBRD countries),1978,-0.4932927489,1.3870043755
Least developed countries: UN classification,1978,-2.0059213638,3.7664005756
Lesotho,1978,-0.8391319513,4.2857699394
Liberia,1978,-0.3845465779,2.9857573509
Libya,1978,-1.0157375336,3.0622816086
Liechtenstein,1978,-0.1519681066,2.3448963165
Low & middle income,1978,-0.6318823695,0.8283409476
Low income,1978,-0.5089178681,4.2666358948
Lower middle income,1978,-0.8099032044,2.0314111710
Luxembourg,1978,-0.6991320252,2.3990759850
Madagascar,1978,-1.2871699333,4.2265939713
Malawi,1978,0.4407461584,6.0981521606
Malaysia,1978,1.2570477724,3.8548328876
Maldives,1978,-0.7940664887,5.0580973625
Mali,1978,-1.7393777370,4.8641080856
Malta,1978,-0.3401704133,5.7507519722
Marshall Islands,1978,0.9240886569,2.5260980129
Mauritania,1978,-2.8605570793,5.4274516106
Mauritius,1978,-0.3874900341,2.1579296589
Mexico,1978,0.4706805646,5.4143905640
"Micronesia, Fed. Sts.",1978,1.1202391386,2.1778321266
"Middle East, North Africa, Afghanistan & Pakistan",1978,-2.8384122849,5.6679482460
"Middle East, North Africa, Afghanistan & Pakistan (IDA & IBRD)",1978,-1.2964757681,4.8264169693
"Middle East, North Africa, Afghanistan & Pakistan (excluding high income)",1978,-1.3720217943,4.8302903175
Middle income,1978,-0.5969200730,0.8701841235
Monaco,1978,-0.6349261403,2.1712706089
Morocco,1978,-2.2140119076,2.7489089966
Myanmar,1978,-0.0163671207,3.4253966808
Nauru,1978,-1.1556106806,4.0121555328
Nepal,1978,-0.1276360154,1.9694024324
Netherlands,1978,-1.6338689327,2.9083764553
New Caledonia,1978,0.5927826762,6.1845912933
New Zealand,1978,-2.4387454987,4.8837099075
Nicaragua,1978,-0.7450687289,3.6672234535
Niger,1978,-0.6035214663,4.8329672813
Nigeria,1978,-0.7113673091,3.6920850277
North America,1978,0.5267070532,1.5507787466
Norway,1978,-0.7604267001,2.6926164627
OECD members,1978,-0.1154829860,0.3615698814
Oman,1978,-1.2104356289,4.4498381615
Other small states,1978,0.8313558102,4.1160860062
Pacific island small states,1978,-1.9805567265,2.8665668964
Pakistan,1978,0.6380758882,4.6910829544
Palau,1978,-2.2274031639,4.7563700676
Panama,1978,0.6711660028,6.3117384911
Papua New Guinea,1978,-0.2315617502,4.7204089165
Paraguay,1978,-0.3780308664,5.0947990417
Peru,1978,-1.5164072514,4.3389306068
Philippines,1978,0.1846192777,2.8050203323
Portugal,1978,-1.2382013798,3.3086235523
Post-demographic dividend,1978,-0.0658072159,0.2567605674
Pre-demographic dividend,1978,-2.3208818436,5.4503259659
Puerto Rico (US),1978,0.4837836623,3.9294497967
Qatar,1978,0.2262201458,5.0239243507
Rwanda,1978,0.1491868347,5.7589249611
Samoa,1978,0.9948673844,3.2930412292
Sao Tome and Principe,1978,-1.3316181898,2.9900567532
Saudi Arabia,1978,-2.5708873272,4.6699190140
Senegal,1978,-1.3294661045,4.3418803215
Seychelles,1978,-0.6358427405,4.1166229248
Sierra Leone,1978,-2.2576870918,2.5418026447
Singapore,1978,1.2945089340,4.5004687309
Small states,1978,1.2442445755,4.3691568375
Solomon Islands,1978,-0.8068332672,4.6427812576
"Somalia, Fed. Rep.",1978,1.1031875610,2.5036394596
South Africa,1978,-1.3744585514,2.3062531948
South Asia,1978,1.3356586695,2.2563118935
South Asia (IDA & IBRD),1978,1.4547269344,2.2626967430
Spain,1978,-2.4440732002,3.8930106163
Sri Lanka,1978,1.2317874432,2.2362306118
St. Kitts and Nevis,1978,-0.7386997938,2.3607604504
St. Lucia,1978,-0.0159311891,6.4936594963
St. Vincent and the Grenadines,1978,0.5722989440,6.1289567947
Sub-Saharan Africa,1978,-3.0140259266,5.6078400612
Sub-Saharan Africa (IDA & IBRD countries),1978,-3.0286087990,5.5786156654
Sub-Saharan Africa (excluding high income),1978,-3.0435829163,5.6326541901
Sudan,1978,-0.6950849891,3.9520134926
Suriname,1978,0.2738394141,3.5102181435
Sweden,1978,-2.5081927776,3.2001521587
Switzerland,1978,-2.4755475521,4.5248770714
Syrian Arab Republic,1978,0.3641299605,6.3839969635
Tanzania,1978,-1.9170590639,3.1569178104
Thailand,1978,-0.3469522595,6.1684713364
Togo,1978,-0.3691127300,6.3075461388
Tonga,1978,-1.5215876102,3.7127678394
Trinidad and Tobago,1978,-0.6329260468,6.2000055313
Tunisia,1978,1.3134196997,3.2734513283
Turkiye,1978,-2.2928504944,3.8910753727
Tuvalu,1978,-1.2480682135,4.5372724533
Uganda,1978,-0.2759890854,3.4630012512
United Arab Emirates,1978,-1.7091963291,4.6275229454
United Kingdom,1978,-0.3354396522,1.9631842375
United States,1978,0.5848886967,1.5351498127
Upper middle income,1978,-0.4057992995,0.8938661814
Uruguay,1978,0.8146584034,2.1142454147
"Venezuela, RB",1978,-2.4829771519,3.0313115120
World,1978,-0.0017183623,0.2969765365
Zambia,1978,-2.3047783375,4.4799361229
Zimbabwe,1978,-1.3573091030,4.3020486832
Africa Eastern and Southern,1979,0.1162630841,-4.6680998802
Africa Western and Central,1979,0.1643088013,-4.2617273331
Algeria,1979,-0.6202452779,-1.7941260338
American Samoa,1979,-1.0595890284,-3.2368810177
Andorra,1979,-1.4460548162,-5.0272421837
Antigua and Barbuda,1979,-0.8222441673,-3.1419310570
Arab World,1979,-2.1054530144,-3.1161708832
Argentina,1979,-2.0262086391,-2.7851910591
Australia,1979,1.8764500618,-4.8251466751
Austria,1979,-0.5656154752,-3.9535028934
"Bahamas, The",1979,-1.0576965809,-3.6547303200
Bahrain,1979,0.8187555671,-4.7445173264
Bangladesh,1979,1.0267807245,-3.6606702805
Barbados,1979,-0.2384790927,-2.0996484756
Belgium,1979,-0.9512927532,-4.9922885895
Belize,1979,-0.6920238733,-2.2026107311
Benin,1979,-0.6602259278,-2.5155007839
Bermuda,1979,-0.4339658320,-5.7717204094
Bhutan,1979,0.8535937071,-3.3763434887
Bolivia,1979,-1.4742856026,-5.1552901268
Botswana,1979,-2.0749800205,-3.5627713203
Brazil,1979,-0.9149059653,-1.2513705492
Brunei Darussalam,1979,-1.2508095503,-4.0798573494
Burkina Faso,1979,1.0855005980,-4.9516301155
Burundi,1979,-0.3866273463,-5.3702945709
Cambodia,1979,-0.7938662171,-3.9453008175
Cameroon,1979,-0.2154446095,-3.1213600636
Canada,1979,1.8214243650,-4.4074325562
Caribbean small states,1979,-0.9940270185,-2.0320770741
Central African Republic,1979,-2.3062667847,-4.5013732910
Chad,1979,-0.8757052422,-4.4046196938
Chile,1979,-1.2408956289,-3.2143106461
China,1979,-0.5842095017,-1.3234970570
Colombia,1979,0.6036714911,-3.3276746273
"Congo, Dem. Rep.",1979,-0.7688179612,-4.9456729889
"Congo, Rep.",1979,-1.9535523653,-3.8580343723
Costa Rica,1979,0.2374145836,-3.7983555794
Cote d'Ivoire,1979,-0.4902805388,-5.9481644630
Cuba,1979,-0.9520893693,-4.5814065933
Cyprus,1979,-1.7913511992,-3.5514428616
Denmark,1979,1.5835175514,-4.6006770134
Dominica,1979,-0.3792220056,-4.5683274269
Dominican Republic,1979,0.8173334599,-4.3786330223
Early-demographic dividend,1979,2.4087746143,-4.4283576012
East Asia & Pacific,1979,1.5646075010,-2.8201239109
East Asia & Pacific (IDA & IBRD countries),1979,-0.5905705094,-1.0734621286
East Asia & Pacific (excluding high income),1979,-0.5578494072,-1.0168820620
Ecuador,1979,0.8873487711,-5.1970195770
"Egypt, Arab Rep.",1979,1.5764955282,-3.5024335384
El Salvador,1979,-1.4565109015,-4.2875733376
Eswatini,1979,0.5680389404,-4.9105830193
Ethiopia,1979,-1.8783584833,-4.9806108475
Euro area,1979,2.6295995712,-4.5298047066
Europe & Central Asia,1979,2.5697746277,-4.3675498962
European Union,1979,2.7534348965,-4.5917348862
Faroe Islands,1979,-0.2211402506,-4.4518222809
Fiji,1979,-2.1338183880,-3.6020760536
Finland,1979,-0.8145113587,-2.5157516003
Fragile and conflict affected situations,1979,-0.0786810741,-4.2435832024
France,1979,2.2257754803,-5.0572948456
French Polynesia,1979,1.5556882620,-4.6393465996
Gabon,1979,-1.6506844759,-5.0793957710
"Gambia, The",1979,-2.3266808987,-5.1604790688
Georgia,1979,-0.4990378916,-1.5932236910
Germany,1979,2.3298001289,-4.3181829453
Ghana,1979,-2.7114942074,-4.7030792236
Greece,1979,0.3783964217,-5.0975518227
Greenland,1979,0.9291970730,-3.6108725071
Grenada,1979,0.1530204564,-3.1377573013
Guatemala,1979,0.6418222189,-3.8568139076
Guinea,1979,-2.2702331543,-5.0489182472
Guinea-Bissau,1979,-0.7918563485,-5.4902400970
Guyana,1979,-1.5200537443,-4.5646715164
Haiti,1979,-0.4282014966,-2.0656938553
Heavily indebted poor countries (HIPC),1979,-0.5037259459,-4.8090715408
High income,1979,3.0637025833,-4.3581748009
Honduras,1979,0.3041806519,-3.0639085770
"Hong Kong SAR, China",1979,-1.2894309759,-3.5747578144
Hungary,1979,-0.0810864568,-5.7452564240
IBRD only,1979,2.5091688633,-3.4680750370
IDA & IBRD total,1979,2.7282471657,-3.6886219978
IDA blend,1979,0.1271160990,-3.5066301823
IDA only,1979,-0.7432998419,-4.8412213326
IDA total,1979,0.4072097242,-5.0824017525
Iceland,1979,1.0421242714,-3.5278396606
India,1979,-2.5403757095,-4.6250810623
Indonesia,1979,-0.5966758132,-2.1270709038
"Iran, Islamic Rep.",1979,-0.4029709399,-4.3780698776
Iraq,1979,-1.1613229513,-3.8721363544
Ireland,1979,0.1872317940,-4.8434767723
Isle of Man,1979,-1.6565787792,-2.2657113075
Israel,1979,0.6722200513,-2.8593962193
Italy,1979,-0.4111022055,-3.7094304562
Jamaica,1979,-2.3887090683,-5.1926469803
Japan,1979,1.5434859991,-2.9585492611
Jordan,1979,-1.2015987635,-4.0376205444
Kenya,1979,-0.5849752426,-1.8259526491
Kiribati,1979,-0.9453405738,-4.2428464890
"Korea, Rep.",1979,-1.3026012182,-2.4105143547
Kuwait,1979,-1.7263082266,-4.0848984718
Late-demographic dividend,1979,-0.6830356717,-1.3461674452
Latin America & Caribbean,1979,-0.5966811776,-1.3384984732
Latin America & Caribbean (excluding high income),1979,-0.9169847369,-1.1244984865
Latin America & the Caribbean (IDA & IBRD countries),1979,-0.4899858236,-1.0616195202
Least developed countries: UN classification,1979,-0.5796298981,-5.1263895035
Lesotho,1979,0.0285104178,-5.7151789665
Liberia,1979,0.4688951969,-5.2415022850
Libya,1979,-1.4863020182,-3.8463983536
Liechtenstein,1979,0.9463891387,-3.8156502247
Low & middle income,1979,2.7033581734,-3.5936706066
Low income,1979,-1.2467792034,-4.5232672691
Lower middle income,1979,-0.7632648945,-5.6845288277
Luxembourg,1979,-0.4923729002,-5.1415476799
Madagascar,1979,-1.6677007675,-3.1901514530
Malawi,1979,2.5042338371,-3.9659080505
Malaysia,1979,-1.6453464031,-2.8084666729
Maldives,1979,-2.2722256184,-3.0572772026
Mali,1979,-2.0197825432,-3.0797154903
Malta,1979,-1.6028449535,-3.7549502850
Marshall Islands,1979,-0.8905367851,-5.8064322472
Mauritania,1979,1.3143713474,-3.5937774181
Mauritius,1979,1.5178501606,-5.1595373154
Mexico,1979,-1.4001877308,-3.6813027859
"Micronesia, Fed. Sts.",1979,-0.6925386786,-5.6505022049
"Middle East, North Africa, Afghanistan & Pakistan",1979,0.3677439094,-3.0903134346
"Middle East, North Africa, Afghanistan & Pakistan (IDA & IBRD)",1979,-2.0003070831,-5.7464346886
"Middle East, North Africa, Afghanistan & Pakistan (excluding high income)",1979,-2.0552837849,-5.6745676994
Middle income,1979,2.6254615784,-3.5382494926
Monaco,1979,1.0856882334,-5.0932555199
Morocco,1979,0.8257725239,-3.9507739544
Myanmar,1979,0.2342932075,-3.9839849472
Nauru,1979,-2.5094153881,-4.4284467697
Nepal,1979,-0.6898533106,-6.0541248322
Netherlands,1979,-1.0471168756,-5.3521265984
New Caledonia,1979,-0.5316541791,-4.5861358643
New Zealand,1979,-1.0571082830,-5.6474785805
Nicaragua,1979,-1.4432464838,-4.3968992233
Niger,1979,-0.8578245640,-1.9718453884
Nigeria,1979,-0.2548803687,-4.5991530418
North America,1979,2.2994632721,-4.0789403915
Norway,1979,-0.2593814731,-3.9761812687
OECD members,1979,2.9169006348,-4.2826952934
Oman,1979,1.8280922174,-3.9257252216
Other small states,1979,-0.8482978940,-4.1630082130
Pacific island small states,1979,-1.3065960407,-2.6822760105
Pakistan,1979,2.0705664158,-5.2633671761
Palau,1979,-1.9585007429,-5.2136378288
Panama,1979,-0.7540967464,-3.7404429913
Papua New Guinea,1979,-0.8166449666,-5.2837400436
Paraguay,1979,-2.0954589844,-3.5369007587
Peru,1979,1.6835664511,-4.1344342232
Philippines,1979,0.4788655043,-3.4114396572
Portugal,1979,-0.2844000161,-3.3403685093
Post-demographic dividend,1979,2.9232523441,-4.1834945679
Pre-demographic dividend,1979,-0.2588827312,-3.5542144775
Puerto Rico (US),1979,-0.9392448068,-3.0986554623
Qatar,1979,0.0018000384,-4.0884041786
Rwanda,1979,-2.3383762836,-3.4950647354
Samoa,1979,-1.8548510075,-3.0000998974
San Marino,1979,1.8923771381,-3.4158201218
Sao Tome and Principe,1979,-1.2364777327,-4.3770561218
Saudi Arabia,1979,-2.4291296005,-3.1043031216
Senegal,1979,-0.8827187419,-2.0474817753
Seychelles,1979,-0.9986093044,-4.3080167770
Sierra Leone,1979,1.2925882339,-3.9313604832
Singapore,1979,-1.8793702126,-2.4528927803
Small states,1979,-2.2863240242,-3.3125140667
Solomon Islands,1979,-1.8261405230,-4.5430965424
"Somalia, Fed. Rep.",1979,-1.9781491756,-4.4501571655
South Africa,1979,1.8678560257,-4.6084122658
South Asia,1979,-2.7498245239,-4.3211469650
South Asia (IDA & IBRD),1979,-2.7760276794,-4.3124375343
Spain,1979,-1.3484908342,-4.8334803581
Sri Lanka,1979,0.0561718903,-3.2375907898
St. Kitts and Nevis,1979,-0.4775134921,-2.5890126228
St. Lucia,1979,2.5241372585,-4.7504477501
St. Vincent and the Grenadines,1979,0.4670103490,-4.7361855507
Sub-Saharan Africa,1979,2.4275891781,-5.1469144821
Sub-Saharan Africa (IDA & IBRD countries),1979,2.5273485184,-5.1659693718
Sub-Saharan Africa (excluding high income),1979,2.5002527237,-5.1445608139
Sudan,1979,-2.2744336128,-4.6198606491
Suriname,1979,-1.9663966894,-5.6469435692
Sweden,1979,1.7108020782,-4.8907952309
Switzerland,1979,-0.3655578792,-5.9742360115
Syrian Arab Republic,1979,-1.0240057707,-5.2527379990
Tanzania,1979,-0.1139307991,-5.0865898132
Thailand,1979,-0.3932986557,-3.5479137897
Togo,1979,-1.9427027702,-4.3464164734
Tonga,1979,-1.7043464184,-4.7399768829
Trinidad and Tobago,1979,0.9763205051,-5.1505527496
Tunisia,1979,0.0453823693,-2.6277639866
Turkiye,1979,-1.9372777939,-5.0832858086
Tuvalu,1979,-1.9906011820,-5.4762821198
Uganda,1979,0.1187189892,-4.5489773750
United Arab Emirates,1979,-1.0424736738,-4.1102042198
United Kingdom,1979,2.4851858616,-4.8790459633
United States,1979,2.2712364197,-3.8755607605
Upper middle income,1979,1.6952823400,-2.8372282982
Uruguay,1979,0.0753152594,-3.3404026031
Vanuatu,1979,-0.6860927343,-3.4768977165
"Venezuela, RB",1979,-1.5639759302,-5.7550330162
World,1979,2.9921586514,-4.2634716034
Zambia,1979,-2.5393416882,-4.2690358162
Zimbabwe,1979,0.8905018568,-5.4259610176
Africa Eastern and Southern,1980,9.3656215668,5.0668883324
Africa Western and Central,1980,8.5118026733,4.9435439110
Albania,1980,9.6212224960,5.7912378311
Algeria,1980,10.3599472046,3.2855589390
American Samoa,1980,8.6651115417,3.9566631317
Andorra,1980,10.9251508713,5.8400015831
Angola,1980,9.7079572678,3.4681386948
Antigua and Barbuda,1980,10.6424036026,5.6535339355
Arab World,1980,10.3756847382,3.0352177620
Argentina,1980,10.7706212997,2.9669914246
Australia,1980,10.5762176514,4.5058655739
Austria,1980,8.8544616699,3.6110093594
"Bahamas, The",1980,10.4059667587,3.5957975388
Bahrain,1980,10.2312297821,4.1733036041
Bangladesh,1980,9.7121639252,3.7324602604
Barbados,1980,10.0714941025,6.4133810997
Belgium,1980,8.4469814301,3.5242724419
Belize,1980,10.6919107437,3.3573129177
Benin,1980,10.8451118469,3.4323573112
Bermuda,1980,11.4113798141,5.2275257111
Bhutan,1980,9.9057703018,3.1622800827
Bolivia,1980,10.5830850601,4.4243974686
Botswana,1980,9.6918382645,3.3031041622
Brazil,1980,10.9654026031,3.6938631535
Brunei Darussalam,1980,9.9632568359,3.1002106667
Bulgaria,1980,9.1880187988,5.4105567932
Burkina Faso,1980,9.9975070953,3.7449779510
Burundi,1980,9.8836345673,3.4689514637
Cabo Verde,1980,11.3684673309,6.1336860657
Cambodia,1980,10.8453722000,6.0764408112
Cameroon,1980,10.9189987183,3.7619495392
Canada,1980,10.0404453278,4.0102705956
Caribbean small states,1980,9.6461687088,5.2017321587
Central African Republic,1980,10.5166063309,3.4806032181
Chad,1980,10.9264154434,3.9167623520
Chile,1980,10.9789438248,4.5792446136
China,1980,11.0171670914,3.9986033440
Colombia,1980,10.2592363358,3.8365604877
Comoros,1980,10.5337781906,5.9214606285
"Congo, Dem. Rep.",1980,8.9703836441,5.2369394302
"Congo, Rep.",1980,10.3671369553,3.6866207123
Costa Rica,1980,10.0226049423,3.5114738941
Cote d'Ivoire,1980,10.4562206268,3.8613743782
Cuba,1980,9.8670673370,3.2107114792
Cyprus,1980,10.0942640305,3.4085938931
Denmark,1980,10.3767957687,3.2263021469
Dominica,1980,10.2886581421,5.9731135368
Dominican Republic,1980,10.8737916946,3.5218286514
Early-demographic dividend,1980,7.7398834229,5.4136896133
East Asia & Pacific,1980,7.4054832458,4.0761098862
East Asia & Pacific (IDA & IBRD countries),1980,12.3657646179,3.5921938419
East Asia & Pacific (excluding high income),1980,12.4583187103,3.6054081917
Ecuador,1980,9.4252557755,3.7731204033
"Egypt, Arab Rep.",1980,10.3151683807,4.3487195969
El Salvador,1980,8.7917346954,3.6845672131
Equatorial Guinea,1980,10.1616258621,2.7930984497
Eswatini,1980,10.3297700882,5.8948464394
Ethiopia,1980,10.2955255508,5.3160457611
Euro area,1980,7.3317780495,4.5951952934
Europe & Central Asia,1980,7.2216753960,4.5624012947
European Union,1980,7.3376955986,4.6613740921
Faroe Islands,1980,10.7116928101,6.0434308052
Fiji,1980,10.5981540680,3.7046685219
Finland,1980,9.4054851532,4.6090974808
Fragile and conflict affected situations,1980,9.1899051666,4.9436931610
France,1980,8.0605297089,4.5832338333
French Polynesia,1980,10.1812028885,5.5043888092
Gabon,1980,10.6692991257,4.0711345673
"Gambia, The",1980,10.1029758453,3.8837466240
Georgia,1980,7.1567482948,3.7796013355
Germany,1980,7.9939489365,4.5479860306
Ghana,1980,11.0451793671,4.4420423508
Greece,1980,8.8393335342,4.1777644157
Greenland,1980,11.1863117218,5.6855459213
Grenada,1980,10.2457399368,5.8653206825
Guam,1980,10.6289186478,6.6831941605
Guatemala,1980,8.5415019989,4.3928208351
Guinea,1980,9.9665222168,5.1690988541
Guinea-Bissau,1980,9.4692773819,3.3959999084
Guyana,1980,9.6862411499,4.6405258179
Haiti,1980,9.9733905792,5.7719044685
Heavily indebted poor countries (HIPC),1980,8.9888172150,4.3714084625
High income,1980,6.7906074524,4.4904031754
Honduras,1980,9.2515640259,3.9025607109
"Hong Kong SAR, China",1980,11.0273876190,2.5629038811
Hungary,1980,9.6373500824,5.7768020630
IBRD only,1980,6.8085904121,3.6706759930
IDA & IBRD total,1980,6.7811002731,3.7211751938
IDA blend,1980,9.2789106369,5.9735665321
IDA only,1980,9.1134347916,5.2649741173
IDA total,1980,8.4953184128,5.8994040489
Iceland,1980,10.2364234924,3.4640271664
India,1980,10.4453639984,2.5486514568
Indonesia,1980,9.3564758301,3.4803493023
"Iran, Islamic Rep.",1980,10.6426906586,4.0150685310
Iraq,1980,9.1020202637,3.4502649307
Ireland,1980,9.4780588150,2.8911547661
Isle of Man,1980,11.1882867813,2.6435413361
Israel,1980,9.8776597977,4.1310095787
Italy,1980,7.9203476906,5.5787158012
Jamaica,1980,10.7856006622,4.6913371086
Japan,1980,10.8317070007,4.2255282402
Jordan,1980,10.1674432755,4.7448620796
Kenya,1980,9.9079637527,4.2555737495
Kiribati,1980,11.0242633820,4.9161715508
"Korea, Rep.",1980,10.1291923523,4.6262922287
Kuwait,1980,9.8259963989,3.3282623291
Late-demographic dividend,1980,12.6859846115,3.7447896004
Latin America & Caribbean,1980,12.7192010880,3.5775303841
Latin America & Caribbean (excluding high income),1980,12.6160430908,3.7414162159
Latin America & the Caribbean (IDA & IBRD countries),1980,12.7479295731,3.6332619190
Least developed countries: UN classification,1980,8.3911123276,4.2535538673
Lesotho,1980,11.6758565903,5.1204123497
Liberia,1980,10.0758447647,6.0441389084
Libya,1980,8.8293046951,4.4753289223
Liechtenstein,1980,10.8922033310,5.9868922234
Low & middle income,1980,6.8933663368,3.7310271263
Low income,1980,8.6301679611,3.3583397865
Lower middle income,1980,10.3949899673,4.3219561577
Luxembourg,1980,9.4522876740,4.0419950485
Madagascar,1980,9.6910352707,4.2948536873
Malawi,1980,9.8207597733,5.5687632561
Malaysia,1980,11.0891017914,4.3474812508
Maldives,1980,11.5954523087,6.1476650238
Mali,1980,11.0933084488,3.5783743858
Malta,1980,9.8665637970,3.4284110069
Marshall Islands,1980,11.0813102722,6.5268263817
Mauritania,1980,10.3821458817,4.3029317856
Mauritius,1980,10.4546575546,4.0728878975
Mexico,1980,11.1939811707,4.8041596413
"Micronesia, Fed. Sts.",1980,11.2586832047,6.2040805817
"Middle East, North Africa, Afghanistan & Pakistan",1980,9.8574571609,4.4274873734
"Middle East, North Africa, Afghanistan & Pakistan (IDA & IBRD)",1980,11.8626766205,4.6873736382
"Middle East, North Africa, Afghanistan & Pakistan (excluding high income)",1980,11.8995380402,4.6254711151
Middle income,1980,6.8175778389,3.6151666641
Monaco,1980,9.8392887115,4.9499897957
Mongolia,1980,10.9756736755,4.1216835976
Morocco,1980,8.4522638321,5.4012136459
Myanmar,1980,10.0933847427,6.0716962814
Namibia,1980,9.9290361404,5.4116692543
Nauru,1980,11.6707592010,5.7319002151
Nepal,1980,9.4096002579,3.6440029144
Netherlands,1980,8.9619646072,3.5143744946
New Caledonia,1980,9.8857088089,6.2443151474
New Zealand,1980,8.7633104324,3.1302361488
Nicaragua,1980,8.8862943649,2.6605229378
Niger,1980,11.5989446640,4.4196262360
Nigeria,1980,9.0207185745,5.6678328514
North America,1980,9.5004034042,6.7921614647
Norway,1980,7.9806528091,3.3135414124
OECD members,1980,6.7003550529,4.4121174812
Oman,1980,10.3555355072,2.9571201801
Other small states,1980,11.6753768921,5.1197381020
Pacific island small states,1980,11.3387708664,3.2298314571
Pakistan,1980,11.3482894897,4.9265236855
Palau,1980,11.4184312820,6.2527952194
Panama,1980,9.3530626297,3.0748288631
Papua New Guinea,1980,9.8492641449,2.7213091850
Paraguay,1980,11.4292621613,3.2918469906
Peru,1980,9.2513017654,2.8450775146
Philippines,1980,9.5065116882,5.4121346474
Portugal,1980,8.0311088562,3.4292540550
Post-demographic dividend,1980,6.8448357582,4.5253839493
Pre-demographic dividend,1980,8.9861412048,5.4908733368
Puerto Rico (US),1980,8.7119903564,4.7880816460
Qatar,1980,9.8098735809,5.6097478867
Rwanda,1980,10.8731784821,3.0229423046
Samoa,1980,11.6131610870,6.1520247459
San Marino,1980,10.5083065033,4.9951953888
Sao Tome and Principe,1980,11.5824737549,6.1004352570
Saudi Arabia,1980,11.3593482971,3.6870772839
Senegal,1980,9.2242622375,4.3671894073
Seychelles,1980,10.0056943893,2.5931775570
Sierra Leone,1980,10.5029764175,2.9002263546
Singapore,1980,11.3283243179,2.8546407223
Small states,1980,9.5872774124,6.4437317848
Solomon Islands,1980,11.7014961243,6.0617423058
"Somalia, Fed. Rep.",1980,10.9258565903,2.9727187157
South Africa,1980,9.7993564606,2.5722980499
South Asia,1980,10.7731275558,2.3221771717
South Asia (IDA & IBRD),1980,10.7184829712,2.2568962574
Spain,1980,8.5328836441,3.9963843822
Sri Lanka,1980,10.2481012344,2.7358181477
St. Kitts and Nevis,1980,10.5991916656,6.5014405251
St. Lucia,1980,10.6446323395,5.6195859909
St. Vincent and the Grenadines,1980,10.4923686981,6.3387351036
Sub-Saharan Africa,1980,8.0441675186,5.6736321449
Sub-Saharan Africa (IDA & IBRD countries),1980,8.1260986328,5.7625746727
Sub-Saharan Africa (excluding high income),1980,8.0787458420,5.7567634583
Sudan,1980,9.6380300522,2.6475343704
Suriname,1980,10.3521070480,6.3636465073
Sweden,1980,9.0237417221,3.1223623753
Switzerland,1980,7.6659994125,3.5282480717
Syrian Arab Republic,1980,10.0725297928,2.4472928047
Tanzania,1980,9.2486371994,5.8062281609
Thailand,1980,9.3593683243,3.1946752071
Togo,1980,10.4575252533,3.2420213223
Tonga,1980,11.3692512512,6.3381614685
Trinidad and Tobago,1980,10.3906612396,5.3965754509
Tunisia,1980,11.5016546249,3.9820737839
Turkiye,1980,8.7547893524,3.0673644543
Tuvalu,1980,11.6032323837,6.4812593460
Uganda,1980,9.8482284546,6.1580686569
United Arab Emirates,1980,9.1286973953,6.0695619583
United Kingdom,1980,11.2974510193,3.0401961803
United States,1980,9.6339960098,6.8619809151
Upper middle income,1980,6.9382934570,3.6563637257
Uruguay,1980,11.6778373718,4.0806932449
Vanuatu,1980,11.1576404572,3.2387754917
"Venezuela, RB",1980,11.6003456116,3.7478263378
World,1980,6.7487769127,4.4105391502
Zambia,1980,10.6542520523,4.7901172638
Zimbabwe,1980,10.1462192535,2.2406468391
Africa Eastern and Southern,1981,11.8669366837,4.0427598953
Africa Western and Central,1981,11.7728929520,4.6969695091
Albania,1981,10.0678253174,3.8179287910
Algeria,1981,13.1326198578,3.5725278854
American Samoa,1981,14.3716077805,6.2373466492
Andorra,1981,13.9344911575,6.0368313789
Angola,1981,11.7226953506,5.1252851486
Antigua and Barbuda,1981,11.9264373779,3.9389691353
Arab World,1981,14.4160947800,4.9237074852
Argentina,1981,11.4203853607,4.9827499390
Australia,1981,12.3022308350,3.4209196568
Austria,1981,13.9590759277,6.2178864479
"Bahamas, The",1981,12.2258481979,5.0040550232
Bahrain,1981,11.8006229401,5.2111644745
Bangladesh,1981,9.2449579239,4.4116320610
Barbados,1981,12.6884841919,6.5015354156
Belgium,1981,14.0831012726,6.4344148636
Belize,1981,14.3386421204,4.6585931778
Benin,1981,10.4781923294,5.4803733826
Bermuda,1981,13.3458614349,4.2718410492
Bhutan,1981,11.1419124603,6.1345181465
Bolivia,1981,14.1096878052,5.5813045502
Botswana,1981,10.3268594742,5.1197400093
Brazil,1981,11.4948225021,5.2062592506
Brunei Darussalam,1981,12.9407577515,5.3422093391
Bulgaria,1981,10.9368829727,3.0713546276
Burkina Faso,1981,11.0506076813,3.6415524483
Burundi,1981,10.6090879440,5.8070840836
Cabo Verde,1981,11.0906171799,4.9624996185
Cambodia,1981,13.7747659683,5.6521611214
Cameroon,1981,11.2702684402,5.8754324913
Canada,1981,13.0481052399,3.6158263683
Caribbean small states,1981,13.8826084137,5.2483606339
Central African Republic,1981,13.1071538925,6.7743105888
Chad,1981,14.5915184021,4.6320066452
Chile,1981,9.6805438995,4.6228890419
China,1981,10.3722391129,2.8864936829
Colombia,1981,13.5942544937,4.2266860008
Comoros,1981,11.6850576401,3.7244961262
"Congo, Dem. Rep.",1981,12.9059486389,4.4700393677
"Congo, Rep.",1981,11.3893051147,6.1558675766
Costa Rica,1981,12.5241117477,6.1856503487
Cote d'Ivoire,1981,12.6725950241,3.4343743324
Cuba,1981,11.7230730057,5.8957667351
Cyprus,1981,12.9894123077,4.0299849510
Denmark,1981,13.5588216782,5.8973855972
Dominica,1981,10.8138332367,5.3267931938
Dominican Republic,1981,11.5552301407,3.6450436115
Early-demographic dividend,1981,11.3284158707,2.7719948292
East Asia & Pacific,1981,10.5283794403,2.8483743668
East Asia & Pacific (IDA & IBRD countries),1981,9.7012977600,2.9405443668
East Asia & Pacific (excluding high income),1981,9.6181945801,2.8744499683
Ecuador,1981,9.7863378525,3.1351521015
"Egypt, Arab Rep.",1981,10.4455909729,4.3445901871
El Salvador,1981,11.8749170303,4.7857069969
Equatorial Guinea,1981,9.7287807465,3.5431265831
Eswatini,1981,11.3098964691,6.0608758926
Ethiopia,1981,11.6111631393,4.1142826080
Euro area,1981,14.7705125809,5.6765036583
Europe & Central Asia,1981,14.9075431824,5.7016582489
European Union,1981,14.7611627579,5.7543954849
Faroe Islands,1981,12.2181043625,4.4828462601
Fiji,1981,9.7303447723,4.3784661293
Finland,1981,14.4231987000,4.2348408699
Fragile and conflict affected situations,1981,11.8059530258,4.6866688728
France,1981,14.4967155457,4.6608037949
French Polynesia,1981,13.2770576477,3.6885070801
Gabon,1981,10.6534633636,2.8715150356
"Gambia, The",1981,13.0583524704,3.2462084293
Georgia,1981,10.1197128296,2.8850538731
Germany,1981,14.1915416718,5.2677893639
Ghana,1981,12.1183443069,5.5648708344
Greece,1981,13.0555419922,6.6441192627
Greenland,1981,14.1002378464,5.0421481133
Grenada,1981,14.1173620224,4.2079310417
Guam,1981,13.4895372391,5.4421467781
Guatemala,1981,14.1806774139,5.0312662125
Guinea,1981,14.1812067032,5.0968370438
Guinea-Bissau,1981,11.3035821915,5.8993773460
Guyana,1981,14.0016632080,4.4529557228
Haiti,1981,12.2662925720,5.6445641518
Heavily indebted poor countries (HIPC),1981,12.6604652405,3.5675339699
High income,1981,10.5805187225,2.1350584030
Honduras,1981,13.3856163025,6.9065885544
"Hong Kong SAR, China",1981,10.2646427155,4.9954624176
Hungary,1981,12.7523908615,3.2844080925
IBRD only,1981,14.7240524292,3.1058990955
IDA & IBRD total,1981,14.7692537308,3.0229718685
IDA blend,1981,12.0929040909,5.3785104752
IDA only,1981,12.4358177185,3.9771623611
IDA total,1981,14.0611829758,6.6763424873
Iceland,1981,11.1688041687,3.1043460369
India,1981,9.1308975220,3.6552486420
Indonesia,1981,9.9550609589,4.7636175156
"Iran, Islamic Rep.",1981,11.4859638214,4.8727221489
Iraq,1981,13.5593271255,6.5786905289
Ireland,1981,12.6024627686,3.8508138657
Isle of Man,1981,10.6945905685,4.4164304733
Israel,1981,10.4102468491,3.4934291840
Italy,1981,14.5087251663,4.6695156097
Jamaica,1981,13.2149639130,3.4296212196
Japan,1981,10.8390293121,2.9977557659
Jordan,1981,11.2390394211,6.1995167732
Kenya,1981,11.6852073669,3.2101547718
Kiribati,1981,9.4263277054,4.2850537300
"Korea, Rep.",1981,10.1982727051,4.2318248749
Kuwait,1981,12.5308847427,5.0461230278
Late-demographic dividend,1981,14.9061336517,3.9052517414
Latin America & Caribbean,1981,14.5381269455,3.4841477871
Latin America & Caribbean (excluding high income),1981,14.7098388672,3.6203935146
Latin America & the Caribbean (IDA & IBRD countries),1981,14.8096494675,3.7411227226
Least developed countries: UN classification,1981,12.7975406647,4.3747014999
Lesotho,1981,14.6575880051,5.0750331879
Liberia,1981,12.5077791214,6.3218855858
Libya,1981,12.6461830139,5.2635016441
Liechtenstein,1981,10.8416204453,3.3604862690
Low & middle income,1981,14.6632881165,3.0941646099
Low income,1981,12.7843532562,4.0373196602
Lower middle income,1981,13.6016340256,3.6200399399
Luxembourg,1981,13.8812465668,6.6095890999
Madagascar,1981,12.2907257080,4.8677096367
Malawi,1981,11.7353773117,4.6927361488
Malaysia,1981,9.4232883453,4.1020102501
Maldives,1981,10.8894376755,5.6496319771
Mali,1981,14.1335954666,4.4765224457
Malta,1981,12.5778579712,3.8246665001
Marshall Islands,1981,9.4885673523,4.3035936356
Mauritania,1981,12.6442937851,3.7083961964
Mauritius,1981,9.7099981308,3.8814857006
Mexico,1981,10.1489305496,5.4960393906
"Micronesia, Fed. Sts.",1981,10.5146684647,5.2233858109
"Middle East, North Africa, Afghanistan & Pakistan",1981,14.4662561417,5.2129750252
"Middle East, North Africa, Afghanistan & Pakistan (IDA & IBRD)",1981,13.2522153854,6.7822937965
"Middle East, North Africa, Afghanistan & Pakistan (excluding high income)",1981,13.2330541611,6.8574028015
Middle income,1981,14.6689081192,2.9742970467
Monaco,1981,14.7925148010,4.5991334915
Mongolia,1981,12.8293313980,4.8822197914
Morocco,1981,12.8637571335,6.7901282310
Mozambique,1981,10.6950597763,2.5853941441
Myanmar,1981,9.4719076157,4.5368556976
Namibia,1981,14.9903984070,4.7073945999
Nauru,1981,12.4204473495,5.7912263870
Nepal,1981,9.5532360077,5.0634617805
Netherlands,1981,13.6567726135,6.9426469803
New Caledonia,1981,11.9355134964,4.5569796562
New Zealand,1981,11.4605140686,3.4037652016
Nicaragua,1981,10.2744894028,2.6947474480
Niger,1981,13.8717975616,6.1366567612
Nigeria,1981,12.4057579041,4.7895665169
North America,1981,13.7723045349,2.9766910076
Norway,1981,14.2308864594,4.1349835396
OECD members,1981,10.6902599335,2.0787177086
Oman,1981,11.5421619415,6.2036857605
Other small states,1981,12.3333168030,4.7873878479
Pacific island small states,1981,12.9094333649,3.2567141056
Pakistan,1981,10.1293325424,4.8889002800
Palau,1981,13.5784940720,6.1163444519
Panama,1981,10.2004890442,5.2895545959
Papua New Guinea,1981,13.5501794815,6.0064373016
Paraguay,1981,9.9925851822,5.3688282967
Peru,1981,10.0572681427,3.6723549366
Philippines,1981,12.0682439804,3.7359197140
Portugal,1981,14.0643424988,3.9264986515
Post-demographic dividend,1981,10.7209224701,2.0428917408
Pre-demographic dividend,1981,12.0665779114,5.1063966751
Puerto Rico (US),1981,14.7928180695,4.4069113731
Qatar,1981,14.6785345078,4.5129427910
Rwanda,1981,9.8723535538,2.9580004215
Samoa,1981,12.1881351471,4.8700008392
Sao Tome and Principe,1981,12.5713491440,4.9579577446
Saudi Arabia,1981,13.0140619278,3.9892096519
Senegal,1981,10.2671804428,2.5751976967
Seychelles,1981,12.0345888138,5.5073137283
Sierra Leone,1981,12.9569091797,3.7211856842
Singapore,1981,10.6585044861,5.0362987518
Slovenia,1981,11.4098968506,2.5534994602
Small states,1981,11.9918394089,5.4174656868
Solomon Islands,1981,13.5991086960,7.1326541901
"Somalia, Fed. Rep.",1981,9.2796115875,4.1242518425
South Africa,1981,10.2474031448,3.0162124634
South Asia,1981,9.1639738083,3.5932977200
South Asia (IDA & IBRD),1981,9.0229072571,3.5482943058
Spain,1981,14.1332569122,6.1122608185
Sri Lanka,1981,9.9222984314,3.3694226742
St. Kitts and Nevis,1981,14.3122968674,3.9532313347
St. Lucia,1981,10.0034360886,4.3974843025
St. Vincent and the Grenadines,1981,11.3260269165,3.4564452171
Sub-Saharan Africa,1981,13.6075143814,6.8549609184
Sub-Saharan Africa (IDA & IBRD countries),1981,13.6639509201,7.0640769005
Sub-Saharan Africa (excluding high income),1981,13.7872161865,7.0843338966
Sudan,1981,9.4877157211,4.8599896431
Suriname,1981,10.2202014923,4.6986551285
Sweden,1981,14.2210931778,5.2853641510
Switzerland,1981,13.4535293579,4.6625952721
Syrian Arab Republic,1981,9.7146863937,4.6969442368
Tanzania,1981,13.1577272415,6.5700144768
Thailand,1981,9.5537939072,3.8087170124
Togo,1981,12.3978586197,5.7117953300
Tonga,1981,12.6418514252,5.6573371887
Trinidad and Tobago,1981,11.6115732193,3.6350681782
Tunisia,1981,10.0061388016,3.3547809124
Turkiye,1981,11.1214141846,2.7697739601
Tuvalu,1981,13.0519838333,3.8255047798
Uganda,1981,11.4300184250,4.4106101990
United Arab Emirates,1981,11.0664739609,3.2008328438
United Kingdom,1981,14.0321302414,5.9162840843
United States,1981,13.9184217453,3.0937864780
Upper middle income,1981,14.4039087296,3.1263663769
Uruguay,1981,13.7953348160,4.1298012733
Vanuatu,1981,11.2299242020,3.3263034821
"Venezuela, RB",1981,13.7984666824,6.1828074455
World,1981,10.5245704651,2.1786730289
Zambia,1981,9.1153182983,4.0349898338
Zimbabwe,1981,10.7674999237,5.6402401924
Africa Eastern and Southern,1982,2.7284934521,5.3189325333
Africa Western and Central,1982,1.5703961849,4.2737631798
Albania,1982,3.2315011024,2.8141338825
Algeria,1982,1.2934534550,2.6588187218
American Samoa,1982,1.0747927427,4.4427466393
Andorra,1982,2.7051215172,4.0855660439
Angola,1982,2.5821692944,6.0524177551
Antigua and Barbuda,1982,2.3755097389,5.5227713585
Arab World,1982,0.0317538939,4.1023912430
Argentina,1982,2.3595545292,6.1102619171
Australia,1982,2.7286086082,2.8997445107
Austria,1982,3.9931664467,3.4989707470
"Bahamas, The",1982,1.6565743685,1.9991663694
Bahrain,1982,0.0677031055,4.5510120392
Bangladesh,1982,4.1968994141,3.3044486046
Barbados,1982,1.3460719585,3.9726846218
Belgium,1982,2.1026937962,4.8668656349
Belize,1982,2.2901942730,5.8739681244
Benin,1982,4.2915272713,3.0489652157
Bermuda,1982,0.5140088797,4.2847294807
Bhutan,1982,2.5270111561,2.8082339764
Bolivia,1982,1.0254670382,4.4736909866
Botswana,1982,0.4512620568,2.3143372536
Brazil,1982,3.0763974190,4.2511396408
Brunei Darussalam,1982,4.1818842888,2.7538428307
Bulgaria,1982,4.1177382469,2.6794960499
Burkina Faso,1982,0.2042596638,1.8996996880
Burundi,1982,1.7375494242,6.6406078339
Cabo Verde,1982,3.2266845703,2.3828151226
Cambodia,1982,2.3464949131,5.7651586533
Cameroon,1982,-0.0694671422,1.9954724312
Canada,1982,1.0896096230,5.0223689079
Caribbean small states,1982,2.2689254284,4.6876416206
Central African Republic,1982,0.3170758486,1.8521765471
Chad,1982,1.5565660000,2.7587547302
Chile,1982,0.5654039979,4.4841175079
China,1982,1.0547069311,3.1097080708
Colombia,1982,3.0126419067,4.6967792511
Comoros,1982,1.0195034742,2.2548491955
"Congo, Dem. Rep.",1982,1.8507298231,5.1552028656
"Congo, Rep.",1982,0.1532978863,2.5698897839
Costa Rica,1982,-0.2060217708,4.2638020515
Cote d'Ivoire,1982,2.2571566105,5.8142433167
Cuba,1982,-0.0493535660,2.2038393021
Cyprus,1982,1.4108716249,2.1045582294
Denmark,1982,2.7077817917,3.3411772251
Dominica,1982,1.5390000343,3.3404982090
Dominican Republic,1982,3.7300827503,3.9015092850
Early-demographic dividend,1982,3.0274436474,5.4835724831
East Asia & Pacific,1982,3.6301522255,3.1739041805
East Asia & Pacific (IDA & IBRD countries),1982,1.8986339569,3.4876897335
East Asia & Pacific (excluding high income),1982,1.8578826189,3.3378164768
Ecuador,1982,2.4450590611,4.8708839417
"Egypt, Arab Rep.",1982,-0.0391740762,2.1789596081
El Salvador,1982,-0.2667949200,4.4256830215
Equatorial Guinea,1982,4.4200778008,3.0118522644
Eswatini,1982,2.0506620407,3.9659068584
Ethiopia,1982,1.9270924330,4.3073596954
Euro area,1982,3.9719312191,5.1609129906
Europe & Central Asia,1982,4.2377061844,4.8460068703
European Union,1982,4.0373139381,5.1449294090
Faroe Islands,1982,1.2346718311,3.6662755013
Fiji,1982,0.0156821478,3.8025734425
Finland,1982,3.0361278057,3.0161669254
Fragile and conflict affected situations,1982,1.9610376358,6.7768869400
France,1982,3.7444515228,2.8418004513
French Polynesia,1982,3.5429060459,3.8508253098
Gabon,1982,1.0071560144,4.9734487534
"Gambia, The",1982,1.3203332424,6.8262238503
Georgia,1982,4.5287804604,3.9355356693
Germany,1982,2.5074470043,6.6174440384
Ghana,1982,-0.0562553890,4.5430059433
Greece,1982,1.5922044516,7.0538396835
Greenland,1982,1.1124074459,4.2253584862
Grenada,1982,1.7378522158,3.2721180916
Guam,1982,3.3703796864,4.9014496803
Guatemala,1982,1.3941512108,4.4291381836
Guinea,1982,3.8464100361,3.8442211151
Guinea-Bissau,1982,1.5451694727,3.1350116730
Guyana,1982,0.4652410150,3.9376459122
Haiti,1982,1.3726593256,4.1908602715
Heavily indebted poor countries (HIPC),1982,2.3693525791,4.9126787186
High income,1982,4.6577997208,4.9338479042
Honduras,1982,1.0884789228,5.5903558731
"Hong Kong SAR, China",1982,3.0224950314,2.7131614685
Hungary,1982,2.5001907349,3.1657528877
IBRD only,1982,5.0828390121,4.0713295937
IDA & IBRD total,1982,5.1024737358,4.1113982201
IDA blend,1982,1.7693350315,6.8604869843
IDA only,1982,2.2711608410,4.4597277641
IDA total,1982,2.7659528255,6.1682281494
Iceland,1982,4.3546371460,3.0008914471
India,1982,2.9567809105,2.1995065212
Indonesia,1982,3.9261243343,2.9427709579
"Iran, Islamic Rep.",1982,0.0728078485,2.3221645355
Iraq,1982,2.3698956966,2.5366392136
Ireland,1982,4.3474369049,2.7531573772
Isle of Man,1982,0.5757632852,3.0563969612
Israel,1982,4.3084812164,3.3740770817
Italy,1982,2.9361758232,5.3123354912
Jamaica,1982,4.5277080536,3.6680858135
Japan,1982,4.6633925438,3.7249073982
Jordan,1982,1.6397119761,1.9421259165
Kenya,1982,3.2279548645,3.9494323730
Kiribati,1982,1.5513044596,6.7913484573
"Korea, Rep.",1982,0.0307401083,2.4433588982
Kuwait,1982,0.4415538311,3.9853916168
Late-demographic dividend,1982,4.3209638596,4.0884284973
Latin America & Caribbean,1982,2.7995586395,6.0217828751
Latin America & Caribbean (excluding high income),1982,2.9805259705,5.8894171715
Latin America & the Caribbean (IDA & IBRD countries),1982,2.7398984432,6.0748553276
Least developed countries: UN classification,1982,2.1628694534,4.0749807358
Lesotho,1982,1.4928563833,3.0224337578
Liberia,1982,1.5949774981,4.5607008934
Libya,1982,3.0883803368,3.1113352776
Liechtenstein,1982,1.1326829195,6.0336737633
Low & middle income,1982,5.1203293800,4.0753889084
Low income,1982,2.1318745613,4.0219135284
Lower middle income,1982,4.1785264015,4.0153031349
Luxembourg,1982,2.3331999779,4.0225157738
"Macao SAR, China",1982,2.0005741119,4.4526543617
Madagascar,1982,1.1861248016,5.9363603592
Malawi,1982,3.6431350708,2.8301985264
Malaysia,1982,1.8791077137,2.1310260296
Maldives,1982,1.3222621679,4.8478074074
Mali,1982,-0.5166172385,4.4957323074
Malta,1982,4.1055388451,2.5658648014
Marshall Islands,1982,1.6266802549,2.5037031174
Mauritania,1982,1.1271712780,5.1857924461
Mauritius,1982,1.6274859905,2.6336681843
Mexico,1982,2.6767408848,5.9404988289
"Micronesia, Fed. Sts.",1982,1.2123494148,5.3959989548
"Middle East, North Africa, Afghanistan & Pakistan",1982,0.9957868457,6.9503517151
"Middle East, North Africa, Afghanistan & Pakistan (IDA & IBRD)",1982,-0.0227477811,1.9189399481
"Middle East, North Africa, Afghanistan & Pakistan (excluding high income)",1982,-0.2282398194,1.8304426670
Middle income,1982,5.1211929321,4.0582022667
Monaco,1982,3.9128458500,2.5686714649
Mongolia,1982,0.5358649492,2.3819730282
Morocco,1982,0.0566273443,1.8231362104
Mozambique,1982,-0.1682295203,4.3977580070
Myanmar,1982,0.9823158979,2.3646025658
Namibia,1982,1.9069498777,5.8619661331
Nauru,1982,1.1858831644,5.0972790718
Nepal,1982,2.4339301586,2.6484470367
Netherlands,1982,1.2067648172,7.0119099617
New Caledonia,1982,3.9641938210,2.4402332306
New Zealand,1982,2.5092489719,4.3565068245
Nicaragua,1982,1.9716913700,6.8911995888
Niger,1982,4.6883468628,3.1704342365
Nigeria,1982,-0.1752941608,4.3508749008
North America,1982,3.5019862652,5.5482664108
North Macedonia,1982,0.5542634726,5.8414406776
Norway,1982,2.4936003685,5.6150922775
OECD members,1982,4.5638904572,4.9937844276
Oman,1982,0.3116904199,2.4283583164
Other small states,1982,2.8912820816,2.5344655514
Pacific island small states,1982,1.1634167433,4.7861113548
Pakistan,1982,1.0710338354,3.0173351765
Palau,1982,2.0308091640,6.0202312469
Panama,1982,1.5032444000,2.2803292274
Papua New Guinea,1982,2.4858770370,4.9817810059
Paraguay,1982,1.0350844860,6.5689992905
Peru,1982,2.2826776505,6.5680732727
Philippines,1982,1.0887846947,3.1966283321
Portugal,1982,4.5439534187,3.0482490063
Post-demographic dividend,1982,4.6027917862,5.0033879280
Pre-demographic dividend,1982,1.4869205952,6.8826885223
Puerto Rico (US),1982,0.9574304819,6.5164418221
Qatar,1982,-0.3751608729,4.1373286247
Rwanda,1982,3.6766941547,4.0655474663
Samoa,1982,1.5778852701,6.5553727150
Sao Tome and Principe,1982,2.6863672733,2.3265781403
Saudi Arabia,1982,0.6049822569,3.8854327202
Senegal,1982,-0.1316531152,1.9499998093
Seychelles,1982,1.0460046530,5.7257423401
Sierra Leone,1982,1.3626165390,2.3078551292
Singapore,1982,2.6523046494,2.2882099152
Slovenia,1982,3.6960880756,5.1219606400
Small states,1982,3.2359943390,3.9251573086
Solomon Islands,1982,1.0378794670,6.2736778259
"Somalia, Fed. Rep.",1982,3.6833932400,2.1657745838
South Africa,1982,2.1146557331,6.3589582443
South Asia,1982,2.8773999214,2.1229021549
South Asia (IDA & IBRD),1982,2.8522410393,2.0947239399
Spain,1982,2.3414819241,4.2392892838
Sri Lanka,1982,1.7563846111,2.9057457447
St. Kitts and Nevis,1982,2.4213023186,4.7036395073
St. Lucia,1982,3.9792487621,3.3270962238
St. Vincent and the Grenadines,1982,1.3468780518,3.2938926220
Sub-Saharan Africa,1982,0.8423262835,6.8458528519
Sub-Saharan Africa (IDA & IBRD countries),1982,1.1192845106,7.0599646568
Sub-Saharan Africa (excluding high income),1982,1.0397435427,7.0240507126
Sudan,1982,1.1117874384,2.2079193592
Suriname,1982,1.3825844526,4.0961060524
Sweden,1982,3.4100470543,4.0610480309
Switzerland,1982,1.2997149229,6.1253399849
Syrian Arab Republic,1982,3.3651869297,2.3202295303
Tanzania,1982,1.8027496338,5.6173648834
Thailand,1982,1.0245511532,2.4485864639
Togo,1982,1.1738644838,4.6343092918
Tonga,1982,1.7710679770,2.6507055759
Trinidad and Tobago,1982,1.9559892416,3.0454304218
Tunisia,1982,2.0525975227,6.1319327354
Turkiye,1982,2.3951163292,3.4385514259
Tuvalu,1982,0.8067732453,3.8300349712
Uganda,1982,1.6418687105,3.7724516392
United Arab Emirates,1982,0.0101066260,4.6189503670
United Kingdom,1982,4.3186864853,3.9484801292
United States,1982,3.5313467979,5.4162058830
Upper middle income,1982,4.9439997673,3.9216375351
Uruguay,1982,0.7915481329,4.3356275558
Vanuatu,1982,4.1644473076,3.6861262321
"Venezuela, RB",1982,0.8975988030,5.5687637329
World,1982,4.6827745438,4.8863506317
Zambia,1982,1.0108480453,5.0713801384
Zimbabwe,1982,3.8870894909,2.3682615757
Africa Eastern and Southern,1983,8.3100929260,0.2282210737
Africa Western and Central,1983,10.9043464661,1.8863127232
Albania,1983,7.4911818504,1.4099669456
Algeria,1983,4.0951051712,0.6869268417
American Samoa,1983,6.8025078773,1.6783292294
Andorra,1983,6.9542322159,2.6483621597
Angola,1983,4.7172617912,0.8856378794
Antigua and Barbuda,1983,4.5036721230,-0.2135607451
Arab World,1983,11.6843290329,0.6948798299
Argentina,1983,4.7596969604,1.0105358362
Australia,1983,10.7390556335,-0.6434620023
Austria,1983,5.8117814064,2.1135771275
"Bahamas, The",1983,5.2990746498,1.1387071609
Bahrain,1983,4.5047378540,-0.1199238896
Bangladesh,1983,4.8615150452,1.2289670706
Barbados,1983,8.2547588348,0.8895405531
Belgium,1983,8.0081386566,0.3590674996
Belize,1983,10.3838481903,-0.5754824281
Benin,1983,11.8042707443,1.1894060373
Bermuda,1983,6.5865006447,2.4624171257
Bhutan,1983,5.7193889618,-0.5225704908
Bolivia,1983,11.2181158066,1.1759095192
Botswana,1983,6.2371053696,-0.4251230061
Brazil,1983,11.1063470840,-0.4116620421
Brunei Darussalam,1983,8.0304021835,0.5680448413
Bulgaria,1983,5.5022463799,1.4106580019
Burkina Faso,1983,8.1378517151,0.7012346387
Burundi,1983,4.9498705864,1.1060999632
Cabo Verde,1983,5.7057332993,-0.4402847886
Cambodia,1983,4.5030994415,0.7976059318
Cameroon,1983,4.0397810936,-0.0596524663
Canada,1983,6.5286879539,1.9589970112
Caribbean small states,1983,11.9662561417,0.8430806994
Central African Republic,1983,10.6222705841,1.8533315659
Chad,1983,6.4403915405,-0.4119554758
Chile,1983,11.1187505722,1.7270604372
China,1983,5.3206505775,-0.6924979687
Colombia,1983,7.0257391930,2.2140955925
Comoros,1983,4.5110721588,0.4293644428
"Congo, Dem. Rep.",1983,7.5227584839,1.9547708035
"Congo, Rep.",1983,4.8737006187,0.3306920528
Costa Rica,1983,5.9410586357,1.6872830391
Cote d'Ivoire,1983,11.5561275482,1.0746001005
Cuba,1983,4.4998011589,-0.0415898524
Cyprus,1983,5.0625615120,0.2435103357
Denmark,1983,6.3092274666,2.0495109558
Dominica,1983,5.8887872696,1.9930732250
Dominican Republic,1983,4.2779378891,0.5101538301
Early-demographic dividend,1983,8.0553503036,2.1724753380
East Asia & Pacific,1983,4.2918534279,1.2243865728
East Asia & Pacific (IDA & IBRD countries),1983,5.0016217232,-0.5219622254
East Asia & Pacific (excluding high income),1983,4.9936518669,-0.5690255761
Ecuador,1983,8.4105052948,0.0271521080
"Egypt, Arab Rep.",1983,3.9501276016,0.4929118454
El Salvador,1983,7.6272954941,2.0547354221
Equatorial Guinea,1983,4.4044361115,0.1469126195
Eswatini,1983,7.5710177422,1.4502415657
Ethiopia,1983,5.6467289925,-0.5094029307
Euro area,1983,8.0221300125,2.3656973839
Europe & Central Asia,1983,7.8871760368,2.6439743042
European Union,1983,7.9126176834,2.5883708000
Faroe Islands,1983,7.1141052246,0.5123807788
Fiji,1983,12.0402259827,1.0558013916
Finland,1983,5.4802570343,1.8006491661
Fragile and conflict affected situations,1983,11.4640932083,1.5807443857
France,1983,7.9065513611,2.0314974785
French Polynesia,1983,6.1319713593,2.1612510681
Gabon,1983,4.5831866264,0.5754800439
"Gambia, The",1983,5.8746442795,-0.4864150882
Georgia,1983,4.3300404549,1.3236914873
Germany,1983,7.5933575630,2.5358147621
Ghana,1983,11.4806880951,1.1963813305
Greece,1983,9.4121856689,-0.1050973982
Greenland,1983,5.3810634613,1.5397582054
Grenada,1983,5.0816068649,1.7889479399
Guam,1983,9.2985382080,1.3675522804
Guatemala,1983,11.2269620895,-0.4385223091
Guinea,1983,7.3648285866,1.8433332443
Guinea-Bissau,1983,11.7053651810,0.4377747476
Guyana,1983,11.0671224594,1.3666750193
Haiti,1983,7.5922217369,0.9080814719
Heavily indebted poor countries (HIPC),1983,8.2441167831,0.4049791992
High income,1983,3.9358608723,1.9804958105
Honduras,1983,7.6507396698,1.0541169643
"Hong Kong SAR, China",1983,4.6981129646,0.0135895256
Hungary,1983,7.5616717339,0.5434523225
IBRD only,1983,7.2633051872,3.4738614559
IDA & IBRD total,1983,7.4424176216,3.6086003780
IDA blend,1983,11.3281946182,0.0019900447
IDA only,1983,7.7366619110,2.1886360645
IDA total,1983,8.9762039185,-0.1269916743
Iceland,1983,10.3044357300,-0.1667077243
India,1983,4.6105995178,-0.8360408545
Indonesia,1983,4.4460844994,1.0797996521
"Iran, Islamic Rep.",1983,5.6360654831,-0.7416908741
Iraq,1983,9.9685268402,1.8514714241
Ireland,1983,8.1984491348,0.3283393085
Isle of Man,1983,9.2097568512,0.7823897600
Israel,1983,5.7462005615,1.5269027948
Italy,1983,7.8707885742,1.8495290279
Jamaica,1983,6.4245052338,2.4147667885
Japan,1983,4.9928741455,1.4350423813
Jordan,1983,9.9830751419,-0.0903178081
Kenya,1983,7.5507459641,1.8405200243
Kiribati,1983,10.2948827744,1.9064246416
"Korea, Rep.",1983,6.6355037689,-0.1066467538
Kuwait,1983,5.3834605217,-0.0029405977
Late-demographic dividend,1983,6.8227014542,2.9915537834
Latin America & Caribbean,1983,11.0049304962,-0.8435142636
Latin America & Caribbean (excluding high income),1983,10.9102411270,-0.9416949749
Latin America & the Caribbean (IDA & IBRD countries),1983,11.2184267044,-0.6502943039
Least developed countries: UN classification,1983,7.3916711807,2.6096556187
Lesotho,1983,6.7449765205,2.3603708744
Liberia,1983,10.0129041672,-0.4481991231
Libya,1983,10.8688688278,-0.1590762436
Liechtenstein,1983,7.9582738876,0.6193933487
Low & middle income,1983,7.2931880951,3.4257380962
Low income,1983,7.6631402969,1.1491979361
Lower middle income,1983,6.3094997406,2.4077234268
Luxembourg,1983,5.7396845818,1.9120787382
"Macao SAR, China",1983,5.4062895775,-0.3168503642
Madagascar,1983,7.6069197655,1.1485365629
Malawi,1983,5.2982950211,1.1624948978
Malaysia,1983,5.2245860100,0.4209066033
Maldives,1983,6.4773969650,-0.2074318230
Mali,1983,6.9917025566,2.5728580952
Malta,1983,8.8473834991,-0.0066567911
Marshall Islands,1983,6.5241470337,-0.2793975174
Mauritania,1983,5.2454833984,1.5704877377
Mauritius,1983,7.7948217392,0.8311318755
Mexico,1983,11.4452886581,1.5249218941
"Micronesia, Fed. Sts.",1983,6.6609611511,2.6684732437
"Middle East, North Africa, Afghanistan & Pakistan",1983,8.7903823853,0.2353608310
"Middle East, North Africa, Afghanistan & Pakistan (IDA & IBRD)",1983,3.8142507076,0.4264889956
"Middle East, North Africa, Afghanistan & Pakistan (excluding high income)",1983,3.7832818031,0.5312903523
Middle income,1983,7.3483695984,3.5313327312
Monaco,1983,7.3666391373,1.5755650997
Mongolia,1983,4.9124011993,-0.0130724004
Morocco,1983,7.6502246857,1.8371082544
Mozambique,1983,10.0422935486,2.0006222725
Myanmar,1983,4.6839537621,0.7812145948
Namibia,1983,10.1799373627,-0.6519181132
Nauru,1983,11.2627124786,0.0615491569
Nepal,1983,11.3806982040,-0.1027979851
Netherlands,1983,6.3292336464,2.4968011379
New Caledonia,1983,10.3978300095,-0.4686268568
New Zealand,1983,5.2846512794,1.6802617311
Nicaragua,1983,3.9090776443,0.7273996472
Niger,1983,11.3521738052,1.0012078285
Nigeria,1983,10.0553960800,2.0298583508
North America,1983,4.3554530144,1.6411166191
North Macedonia,1983,10.3224592209,0.5999141932
Norway,1983,4.7767930031,1.5224455595
OECD members,1983,3.9475574493,1.9852908850
Oman,1983,6.6184716225,-0.2003025711
Other small states,1983,7.4577808380,0.9782072902
Pacific island small states,1983,9.5307559967,-0.3455983102
Pakistan,1983,4.2038140297,-0.5859054923
Palau,1983,6.4383788109,2.8839762211
Panama,1983,11.4887647629,1.6766731739
Papua New Guinea,1983,5.3176651001,1.8502871990
Paraguay,1983,11.2338724136,-0.2102381140
Peru,1983,9.8428239822,1.7709697485
Philippines,1983,6.3171920776,3.0749876499
Portugal,1983,8.6865921021,0.4309880435
Post-demographic dividend,1983,3.9394843578,1.9888880253
Pre-demographic dividend,1983,11.2273521423,1.8530579805
Puerto Rico (US),1983,10.6905593872,-0.1211448610
Qatar,1983,10.0427722931,-0.6530134678
Rwanda,1983,4.5541744232,0.2379898876
Samoa,1983,7.9587149620,0.4603137076
Sao Tome and Principe,1983,11.8336515427,1.0065996647
Saudi Arabia,1983,10.1212005615,2.0526630878
Senegal,1983,11.7092838287,1.4896633625
Seychelles,1983,8.7666578293,-0.2011908740
Sierra Leone,1983,10.6358098984,-0.3210721910
Singapore,1983,5.8531641960,0.4869700670
Slovenia,1983,6.2122869492,0.8390101194
Small states,1983,9.1181755066,-0.1206165105
Solomon Islands,1983,4.8403902054,1.6675201654
"Somalia, Fed. Rep.",1983,10.0899066925,2.1817207336
South Africa,1983,10.1859922409,-0.3781820536
South Asia,1983,4.3422236443,-0.7035244703
South Asia (IDA & IBRD),1983,4.4737372398,-0.7584102154
Spain,1983,7.2045307159,2.4604799747
Sri Lanka,1983,4.5237841606,0.9703894258
St. Kitts and Nevis,1983,7.5032734871,1.5273922682
St. Lucia,1983,4.7246947289,0.0064335503
St. Vincent and the Grenadines,1983,6.0912127495,2.4445917606
Sub-Saharan Africa,1983,10.9877805710,-0.8614671826
Sub-Saharan Africa (IDA & IBRD countries),1983,11.0515851974,-0.7982718945
Sub-Saharan Africa (excluding high income),1983,11.3626937866,-0.6118381023
Sudan,1983,6.7567214966,2.4530425072
Suriname,1983,11.9486265182,0.9543999434
Sweden,1983,6.6042866707,2.7917790413
Switzerland,1983,7.5374150276,0.7448705435
Syrian Arab Republic,1983,6.2522201538,2.7426779270
Tanzania,1983,8.5918149948,-0.0342842713
Thailand,1983,3.9949295521,0.1226066947
Togo,1983,11.3894414902,1.7637579441
Tonga,1983,6.4083909988,2.7514379025
Trinidad and Tobago,1983,9.9631128311,1.5632640123
Tunisia,1983,4.3176751137,0.6926470995
Turkiye,1983,4.9676642418,0.3406493664
Tuvalu,1983,5.4105372429,-0.6010863781
Uganda,1983,4.2129335403,-0.4763743281
United Arab Emirates,1983,11.4061336517,1.5140657425
United Kingdom,1983,4.0458779335,1.0071895123
United States,1983,4.3238019943,1.5820951462
Upper middle income,1983,7.1195211411,3.3466091156
Uruguay,1983,10.1370296478,1.6395379305
Vanuatu,1983,5.8509612083,2.2320172787
"Venezuela, RB",1983,11.8248558044,0.5851652622
World,1983,3.9991261959,1.9208167791
Zambia,1983,10.1153106689,-0.3749671280
Zimbabwe,1983,7.4072952271,2.3782024384
Africa Eastern and Southern,1984,7.6419777870,0.7711403370
Africa Western and Central,1984,8.7523078918,2.7662973404
Albania,1984,8.1995172501,3.0108892918
Algeria,1984,5.7083730698,2.6243786812
American Samoa,1984,7.6399765015,0.6349473596
Andorra,1984,9.3357381821,1.6689914465
Angola,1984,6.4271769524,3.1114509106
Antigua and Barbuda,1984,7.3341145515,4.2463936806
Arab World,1984,9.9690093994,2.6466615200
Argentina,1984,9.9121751785,1.9750571251
Australia,1984,6.2467260361,1.3123129606
Austria,1984,8.9538469315,2.6530909538
"Bahamas, The",1984,7.4148502350,4.4480347633
Bahrain,1984,6.2529211044,1.9572696686
Bangladesh,1984,6.3473668098,1.7756237984
Barbados,1984,7.6638746262,1.5078939199
Belgium,1984,8.7578630447,0.5836169720
Belize,1984,9.2975454330,1.9389945269
Benin,1984,6.7209739685,4.0129547119
Bermuda,1984,8.9347763062,2.8903295994
Bhutan,1984,6.7122306824,1.6525629759
Bolivia,1984,8.7803735733,2.4666943550
Botswana,1984,6.5220766068,4.3471732140
Brazil,1984,5.8523621559,1.5375298262
Brunei Darussalam,1984,8.0392580032,3.4363763332
Bulgaria,1984,7.7234354019,1.0853259563
Burkina Faso,1984,8.0751657486,3.0503413677
Burundi,1984,8.9386787415,2.9732203484
Cabo Verde,1984,7.3997230530,1.8197122812
Cambodia,1984,6.4091491699,2.0124282837
Cameroon,1984,6.5706677437,3.8176426888
Canada,1984,5.4647417068,2.7556076050
Caribbean small states,1984,9.0120391846,1.7337284088
Central African Republic,1984,6.9757442474,4.2143912315
Chad,1984,9.2066936493,1.5263098478
Chile,1984,7.0996789932,0.8575882316
China,1984,7.4425296783,3.4403853416
Colombia,1984,7.5011477470,0.5459731817
Comoros,1984,6.8881711960,0.9197236896
"Congo, Dem. Rep.",1984,6.3747720718,2.9866211414
"Congo, Rep.",1984,6.8506956100,3.0573863983
Costa Rica,1984,7.1517987251,3.8659398556
Cote d'Ivoire,1984,8.1099872589,3.6193556786
Cuba,1984,6.9295992851,4.0325903893
Cyprus,1984,6.6294174194,4.5900416374
Denmark,1984,6.5736393929,1.1641751528
Dominica,1984,7.2214260101,1.5603164434
Dominican Republic,1984,10.0260381699,2.7396755219
Early-demographic dividend,1984,9.3065900803,0.4269755185
East Asia & Pacific,1984,5.6674180031,2.1598742008
East Asia & Pacific (IDA & IBRD countries),1984,7.3359184265,3.4545927048
East Asia & Pacific (excluding high income),1984,7.3423061371,3.2986066341
Ecuador,1984,8.6728744507,1.0903397799
"Egypt, Arab Rep.",1984,6.9929690361,4.4038996696
El Salvador,1984,10.3311233521,2.5505757332
Equatorial Guinea,1984,9.4596872330,2.6813173294
Eswatini,1984,6.1767196655,3.3650381565
Ethiopia,1984,8.4192876816,3.6213169098
Euro area,1984,9.4698295593,0.7138612270
Europe & Central Asia,1984,9.3507843018,0.6124728322
European Union,1984,9.5320339203,0.6898766756
Faroe Islands,1984,7.9576969147,2.1809232235
Fiji,1984,7.3334193230,3.9368963242
Finland,1984,7.9350385666,0.5892024636
Fragile and conflict affected situations,1984,8.0205068588,2.7692651749
France,1984,10.0261716843,1.6923837662
French Polynesia,1984,8.6845979691,0.9601308107
Gabon,1984,7.1644449234,2.8380310535
"Gambia, The",1984,7.4453077316,1.2335324287
Georgia,1984,5.3901524544,2.1667287350
Germany,1984,8.9847078323,0.5734451413
Ghana,1984,7.0873670578,3.0387823582
Greece,1984,9.2920694351,1.3405796289
Greenland,1984,8.9802780151,4.2652783394
Grenada,1984,7.7190546989,1.3056871891
Guatemala,1984,8.7321510315,3.0843102932
Guinea,1984,10.1105518341,2.3637521267
Guinea-Bissau,1984,6.9391336441,4.4500274658
Guyana,1984,9.0624437332,4.0962734222
Haiti,1984,8.3860015869,2.5159003735
Heavily indebted poor countries (HIPC),1984,9.8255043030,2.7713356018
High income,1984,5.0039734840,2.1651732922
Honduras,1984,6.0526542664,3.7496786118
"Hong Kong SAR, China",1984,6.7941441536,3.5978567600
Hungary,1984,8.2253026962,1.0143305063
IBRD only,1984,4.8748674393,1.4582468271
IDA & IBRD total,1984,4.9040522575,1.3655545712
IDA blend,1984,10.0417747498,2.4842920303
IDA only,1984,9.4453773499,1.2980899811
IDA total,1984,9.7778539658,1.4605627060
Iceland,1984,6.9135847092,0.9140045047
India,1984,6.7254271507,0.5812287331
Indonesia,1984,6.5535678864,3.5593571663
"Iran, Islamic Rep.",1984,9.1446743011,4.7228021622
Iraq,1984,7.9352102280,2.9288065434
Ireland,1984,6.9502477646,1.5396832228
Isle of Man,1984,7.4446163177,2.6350982189
Israel,1984,9.7205715179,2.5849885941
Italy,1984,7.8361315727,0.6585248113
Jamaica,1984,8.0753641129,3.1912441254
Japan,1984,5.6438474655,0.9440079331
Jordan,1984,6.6403760910,1.1295884848
Kenya,1984,9.5322036743,1.9793090820
Kiribati,1984,7.5586752892,4.3962264061
"Korea, Rep.",1984,7.0484323502,4.2491254807
Kuwait,1984,6.3039274216,2.3994894028
Lao PDR,1984,8.1090612411,2.1942069530
Late-demographic dividend,1984,6.7934370041,3.3514723778
Latin America & Caribbean,1984,5.6642365456,0.9256414175
Latin America & Caribbean (excluding high income),1984,5.7124032974,0.8381561041
Latin America & the Caribbean (IDA & IBRD countries),1984,5.5877194405,0.8551508188
Least developed countries: UN classification,1984,8.7398195267,0.8929642439
Lesotho,1984,6.2106037140,2.8763682842
Liberia,1984,7.8132133484,2.6007418633
Libya,1984,9.0007886887,4.2369580269
Liechtenstein,1984,6.4283981323,1.0569765568
Low & middle income,1984,4.9661221504,1.3077692986
Low income,1984,8.3249282837,2.4808437824
Lower middle income,1984,8.5786437988,1.2302179337
Luxembourg,1984,6.1467552185,3.1826674938
"Macao SAR, China",1984,6.8503627777,3.5720307827
Madagascar,1984,9.6677722931,1.7864751816
Malawi,1984,6.7856969833,2.6576211452
Malaysia,1984,6.9814739227,3.3663666248
Maldives,1984,7.6424160004,2.6942031384
Mali,1984,8.5404825211,2.7969532013
Malta,1984,9.4640092850,2.7873375416
Marshall Islands,1984,7.1434645653,0.6540040970
Mauritania,1984,8.4217109680,4.0310668945
Mauritius,1984,7.4961562157,2.2050852776
Mexico,1984,7.3488135338,1.2792403698
"Micronesia, Fed. Sts.",1984,8.5705909729,4.2294373512
"Middle East, North Africa, Afghanistan & Pakistan",1984,9.1204643250,3.0112705231
"Middle East, North Africa, Afghanistan & Pakistan (IDA & IBRD)",1984,9.6031990051,3.1088082790
"Middle East, North Africa, Afghanistan & Pakistan (excluding high income)",1984,9.5989379883,3.0990211964
Middle income,1984,5.0033526421,1.3361535072
Monaco,1984,9.7850027084,2.1807351112
Mongolia,1984,6.6902489662,3.0450377464
Morocco,1984,6.1335287094,3.7252442837
Mozambique,1984,9.2702274323,4.6693391800
Myanmar,1984,7.2002763748,2.3772873878
Namibia,1984,8.5084133148,2.6346397400
Nauru,1984,8.1857757568,3.9226815701
Nepal,1984,7.2279758453,3.5122513771
Netherlands,1984,8.1231794357,1.1152189970
New Caledonia,1984,9.2329568863,1.7462514639
New Zealand,1984,6.9503679276,2.0680301189
Nicaragua,1984,8.0925521851,3.2693445683
Niger,1984,9.0573310852,4.6217484474
Nigeria,1984,8.1747207642,2.5956745148
North America,1984,5.5160183907,1.9935752153
North Macedonia,1984,7.4849891663,1.7469085455
Northern Mariana Islands,1984,5.4595317841,2.9717626572
Norway,1984,5.9103693962,3.0781731606
OECD members,1984,5.0412993431,2.2144296169
Oman,1984,7.3485426903,4.3804974556
Other small states,1984,8.3844928741,1.1615657806
Pacific island small states,1984,6.4430837631,2.6357431412
Pakistan,1984,6.2200779915,1.6032848358
Palau,1984,6.6350646019,1.5710579157
Panama,1984,8.5737943649,0.7589336634
Papua New Guinea,1984,8.4485454559,2.4238224030
Paraguay,1984,8.3102331161,1.5638382435
Peru,1984,7.0869078636,0.5332478285
Philippines,1984,9.3006124496,4.6572818756
Portugal,1984,7.8034205437,2.9337587357
Post-demographic dividend,1984,4.9600014687,2.1276900768
Pre-demographic dividend,1984,9.2100954056,3.0910210609
Puerto Rico (US),1984,6.6416501999,2.7679052353
Qatar,1984,7.0720729828,2.0284399986
Rwanda,1984,8.7364444733,4.3817391396
Samoa,1984,10.1695384979,2.8607492447
San Marino,1984,8.2563524246,1.8311225176
Sao Tome and Principe,1984,8.9383287430,4.4478173256
Saudi Arabia,1984,8.4878997803,4.2289924622
Senegal,1984,6.9036359787,1.0554016829
Seychelles,1984,6.5821084976,1.1300024986
Sierra Leone,1984,6.5966920853,0.6934252977
Singapore,1984,6.8254084587,1.6868292093
Slovenia,1984,7.2056941986,2.1093263626
Small states,1984,8.5121517181,0.8355839252
Solomon Islands,1984,9.2336406708,2.7808589935
"Somalia, Fed. Rep.",1984,7.8722472191,0.9806534052
South Africa,1984,6.1449432373,1.9859123230
South Asia,1984,6.5815043449,0.4226685464
South Asia (IDA & IBRD),1984,6.5581102371,0.3788439631
Spain,1984,9.4453763962,1.4031044245
Sri Lanka,1984,6.6732807159,2.1641893387
St. Kitts and Nevis,1984,6.8946943283,4.5693430901
St. Lucia,1984,6.7730932236,3.5186390877
St. Vincent and the Grenadines,1984,6.2797756195,3.8565251827
Sub-Saharan Africa,1984,9.1201715469,0.3917082250
Sub-Saharan Africa (IDA & IBRD countries),1984,9.2719125748,0.3751660883
Sub-Saharan Africa (excluding high income),1984,8.9951543808,0.3580369353
Sudan,1984,8.8805618286,4.5515136719
Suriname,1984,7.8740768433,2.8318293095
Sweden,1984,6.3953619003,0.8571712971
Switzerland,1984,8.4222040176,1.0318175554
Syrian Arab Republic,1984,9.1958541870,4.7834157944
Tanzania,1984,7.5595879555,2.1510441303
Thailand,1984,6.1299414635,2.8014581203
Togo,1984,6.5196785927,2.6892242432
Tonga,1984,9.6485157013,2.0662014484
Trinidad and Tobago,1984,9.2946643829,4.2846307755
Tunisia,1984,5.9169158936,2.7613351345
Turkiye,1984,5.9714179039,3.3413662910
Tuvalu,1984,6.9503979683,3.7007691860
Uganda,1984,8.5162248611,2.5938405991
United Arab Emirates,1984,6.4948425293,0.7115242481
United Kingdom,1984,8.8637266159,0.9470288157
United States,1984,5.5758700371,1.9417861700
Upper middle income,1984,5.3053822517,1.5010381937
Uruguay,1984,8.4712829590,3.2980418205
Vanuatu,1984,6.7659659386,4.6118240356
"Venezuela, RB",1984,10.2114286423,2.3393368721
World,1984,4.9688806534,2.1314318180
Zambia,1984,8.8217840195,2.4682302475
Zimbabwe,1984,8.2282705307,3.2463378906
Africa Eastern and Southern,1985,1.5833175182,5.7339339256
Africa Western and Central,1985,5.5641632080,5.4484491348
Albania,1985,2.2652444839,6.7141404152
Algeria,1985,4.7746829987,8.4793930054
American Samoa,1985,3.3806416988,8.1229085922
Andorra,1985,2.8890779018,6.9051790237
Angola,1985,4.4537563324,8.2184972763
Antigua and Barbuda,1985,4.1156291962,4.9271359444
Arab World,1985,1.2132956982,5.4133529663
Argentina,1985,2.0787661076,4.3120641708
Australia,1985,5.8136281967,6.3459382057
Austria,1985,2.9667744637,7.0790138245
"Bahamas, The",1985,5.7257871628,6.5163302422
Bahrain,1985,1.5170391798,3.9965183735
Bangladesh,1985,4.9221105576,8.3573980331
Barbados,1985,0.9972270131,6.4839000702
Belgium,1985,1.7774872780,7.2161507607
Belize,1985,1.2471399307,6.6488842964
Benin,1985,3.8364830017,4.4131708145
Bermuda,1985,1.3256232738,4.6607785225
Bhutan,1985,5.1398086548,7.9840469360
Bolivia,1985,0.9627524614,4.9815564156
Botswana,1985,5.0032143593,5.2737917900
Brazil,1985,4.0314488411,4.9746246338
Brunei Darussalam,1985,1.6167906523,4.2582674026
Bulgaria,1985,3.2418794632,6.8258185387
Burkina Faso,1985,4.4522933960,4.3012356758
Burundi,1985,3.8851885796,4.6382050514
Cabo Verde,1985,3.8691132069,4.7227659225
Cambodia,1985,5.2736949921,6.7662749290
Cameroon,1985,3.9533917904,4.4151501656
Canada,1985,5.7329149246,6.7597632408
Caribbean small states,1985,1.0065565109,6.3950819969
Central African Republic,1985,5.1728978157,7.8761882782
Chad,1985,3.1841135025,5.3086647987
Chile,1985,4.4461798668,8.1689472198
China,1985,3.3493039608,5.6387262344
Colombia,1985,4.9534268379,8.7918243408
Comoros,1985,2.5261385441,6.9139981270
"Congo, Dem. Rep.",1985,2.0471718311,5.9331622124
"Congo, Rep.",1985,1.2140866518,4.9494619370
Costa Rica,1985,1.3134547472,6.1001529694
Cote d'Ivoire,1985,5.6680650711,7.1264672279
Cuba,1985,1.6409354210,7.1972932816
Cyprus,1985,5.3495531082,6.2708969116
Denmark,1985,5.3447413445,7.8357968330
Djibouti,1985,3.0880525112,6.0665936470
Dominica,1985,1.4096661806,6.8394837379
Dominican Republic,1985,1.0944513083,4.7233800888
Early-demographic dividend,1985,0.9952185154,6.9810595512
East Asia & Pacific,1985,5.7887206078,7.1025323868
East Asia & Pacific (IDA & IBRD countries),1985,4.0860590935,5.5880627632
East Asia & Pacific (excluding high income),1985,4.0733489990,5.5336399078
Ecuador,1985,4.8852200508,7.8154697418
"Egypt, Arab Rep.",1985,5.3760147095,5.3015351295
El Salvador,1985,1.6030936241,6.0301790237
Equatorial Guinea,1985,3.3023645878,5.1825785637
Eswatini,1985,4.4921226501,7.8965272903
Ethiopia,1985,2.4529614449,4.4711747169
Euro area,1985,1.9137446880,7.8588781357
Europe & Central Asia,1985,1.8264170885,8.0433130264
European Union,1985,1.7208214998,7.9944868088
Faroe Islands,1985,2.5963463783,5.6396861076
Fiji,1985,2.1314830780,4.5306472778
Finland,1985,4.5399312973,8.0997781754
Fragile and conflict affected situations,1985,4.9012427330,7.3877997398
France,1985,1.6222898960,7.6558761597
French Polynesia,1985,1.3126107454,5.2036347389
Gabon,1985,1.2111332417,4.4532113075
"Gambia, The",1985,1.4983031750,5.1147036552
Georgia,1985,6.3132653236,6.6705689430
Germany,1985,2.6504437923,7.4767193794
Ghana,1985,5.5320677757,6.4588241577
Greece,1985,2.9870035648,6.6895041466
Greenland,1985,4.6477694511,8.3821735382
Grenada,1985,5.0825595856,5.0072112083
Guatemala,1985,1.7641869783,5.6220808029
Guinea,1985,5.7770423889,6.3000626564
Guinea-Bissau,1985,5.1157298088,7.5544152260
Guyana,1985,2.7741982937,7.2097086906
Haiti,1985,1.5230456591,5.9124412537
Heavily indebted poor countries (HIPC),1985,1.5707170963,7.3489155769
High income,1985,6.9567084312,6.7609248161
Honduras,1985,5.2244286537,5.1952705383
"Hong Kong SAR, China",1985,1.6102197170,6.2171926498
Hungary,1985,1.8993523121,5.7796239853
IBRD only,1985,6.5856199265,7.3116450310
IDA & IBRD total,1985,6.5965662003,7.2127046585
IDA blend,1985,5.4014444351,4.8731803894
IDA only,1985,2.8923180103,7.2754178047
IDA total,1985,4.8358020782,7.5010313988
Iceland,1985,4.3320779800,8.3626422882
India,1985,6.1954121590,6.0033679008
Indonesia,1985,2.9028632641,6.7353453636
"Iran, Islamic Rep.",1985,2.1439752579,7.2575249672
Iraq,1985,1.0885704756,7.0463562012
Ireland,1985,3.5636687279,7.0103788376
Isle of Man,1985,1.9629305601,5.9219627380
Israel,1985,5.1699690819,8.0173168182
Italy,1985,3.3497262001,6.5566711426
Jamaica,1985,1.3742516041,4.4514160156
Japan,1985,5.9832682610,6.8150200844
Jordan,1985,1.4690822363,4.2855434418
Kenya,1985,5.1513910294,7.3278121948
Kiribati,1985,2.5645115376,4.9522285461
"Korea, Rep.",1985,4.2337818146,5.0129561424
Kuwait,1985,2.0315041542,4.7090330124
Lao PDR,1985,6.1868753433,6.0496950150
Late-demographic dividend,1985,3.9966578484,5.4371404648
Latin America & Caribbean,1985,5.4569683075,8.8316621780
Latin America & Caribbean (excluding high income),1985,5.2007169724,8.8887891769
Latin America & the Caribbean (IDA & IBRD countries),1985,5.3567209244,8.7665691376
Least developed countries: UN classification,1985,1.8644136190,7.3488488197
Lesotho,1985,3.2431051731,6.7128157616
Liberia,1985,1.8973575830,5.3895816803
Libya,1985,4.1121277809,4.5149660110
Liechtenstein,1985,4.4109497070,4.8727579117
Low & middle income,1985,6.5973038673,7.3199901581
Low income,1985,2.7174348831,7.0431346893
Lower middle income,1985,5.1702423096,8.4957876205
Luxembourg,1985,3.4415345192,6.5697975159
"Macao SAR, China",1985,1.5836110115,6.3285827637
Madagascar,1985,1.1160324812,6.8360152245
Malawi,1985,4.9668159485,6.7740817070
Malaysia,1985,1.7845026255,5.0364785194
Maldives,1985,3.1161017418,5.5282568932
Mali,1985,3.0825231075,5.4307498932
Malta,1985,3.0954544544,6.4589843750
Marshall Islands,1985,2.2483580112,4.2016205788
Mauritania,1985,3.9178898335,7.5402522087
Mauritius,1985,4.6042990685,5.1518630981
Mexico,1985,2.5360519886,7.6298995018
"Micronesia, Fed. Sts.",1985,3.0582180023,5.6229667664
"Middle East, North Africa, Afghanistan & Pakistan",1985,0.9691522717,6.4227447510
"Middle East, North Africa, Afghanistan & Pakistan (IDA & IBRD)",1985,5.4023084641,7.6143755913
"Middle East, North Africa, Afghanistan & Pakistan (excluding high income)",1985,5.5172901154,7.4701542854
Middle income,1985,6.6597056389,7.3616304398
Monaco,1985,1.8315557241,7.1102981567
Mongolia,1985,5.2825260162,4.9918007851
Morocco,1985,5.2714834213,4.7796154022
Mozambique,1985,0.8510908484,6.5973162651
Myanmar,1985,3.5743913651,6.6938133240
Namibia,1985,2.1125714779,5.8241000175
Nauru,1985,1.6267750263,4.3747148514
Nepal,1985,5.5534029007,4.9764804840
Netherlands,1985,3.2782237530,6.8831825256
New Caledonia,1985,5.1408591270,7.0247411728
New Zealand,1985,1.6969231367,7.0205469131
Nicaragua,1985,1.7327271700,3.9282023907
Niger,1985,4.6269445419,4.5241479874
Nigeria,1985,5.3578896523,4.9180278778
North America,1985,6.2179160118,7.3208012581
North Macedonia,1985,3.2599315643,7.5438575745
Norway,1985,5.4541854858,5.5928587914
OECD members,1985,7.0468130112,6.8527169228
Oman,1985,3.0969655514,5.4354133606
Other small states,1985,2.3599393368,6.7600531578
Pacific island small states,1985,1.5584088564,5.0724720955
Pakistan,1985,4.3066534996,4.8032407761
Palau,1985,5.6156582832,5.6110162735
Panama,1985,4.6829562187,6.2519469261
Papua New Guinea,1985,4.6069960594,7.6275081635
Paraguay,1985,5.2468352318,7.0701436996
Peru,1985,2.2629377842,7.0746488571
Philippines,1985,2.2408609390,4.1202077866
Portugal,1985,3.5659666061,6.5179567337
Post-demographic dividend,1985,7.0123558044,6.8612084389
Pre-demographic dividend,1985,5.1174335480,8.4946165085
Puerto Rico (US),1985,3.7259266376,7.3691592216
Qatar,1985,1.1247446537,4.6114330292
Rwanda,1985,4.8172955513,6.9686527252
Samoa,1985,5.1524510384,7.9688711166
San Marino,1985,2.3391752243,5.1211318970
Sao Tome and Principe,1985,3.7606384754,4.7434339523
Saudi Arabia,1985,2.2987811565,4.2647614479
Senegal,1985,4.5385665894,8.1968669891
Seychelles,1985,4.0104603767,4.3875393867
Sierra Leone,1985,2.1082050800,3.9726438522
Singapore,1985,1.0377080441,5.1907224655
Slovenia,1985,3.6811168194,7.9520163536
Small states,1985,1.3370949030,6.9421491623
Solomon Islands,1985,1.3408936262,4.1350073814
"Somalia, Fed. Rep.",1985,4.2264046669,4.2546410561
South Africa,1985,1.0898374319,4.9865670204
South Asia,1985,6.2865638733,6.1752767563
South Asia (IDA & IBRD),1985,6.2715158463,6.2040195465
Spain,1985,2.8521652222,7.5524659157
Sri Lanka,1985,5.7289061546,6.2011246681
St. Kitts and Nevis,1985,3.8587744236,4.3690176010
St. Lucia,1985,3.8277585506,4.5702571869
St. Vincent and the Grenadines,1985,4.9762840271,5.0846409798
Sub-Saharan Africa,1985,2.3566229343,7.8028998375
Sub-Saharan Africa (IDA & IBRD countries),1985,2.3295028210,7.7072691917
Sub-Saharan Africa (excluding high income),1985,3.0362699032,7.3959612846
Sudan,1985,2.0603697300,4.2749323845
Suriname,1985,2.5029916763,6.5147190094
Sweden,1985,2.1483182907,6.7985339165
Switzerland,1985,4.9620256424,8.2324542999
Syrian Arab Republic,1985,4.2368850708,4.4303512573
Tanzania,1985,1.3788973093,6.9598793983
Thailand,1985,5.1594638824,6.8742775917
Togo,1985,5.6949682236,5.7406897545
Tonga,1985,4.6453471184,5.0267992020
Trinidad and Tobago,1985,1.8435802460,4.0549769402
Tunisia,1985,5.4412989616,5.8551979065
Turkiye,1985,4.7270517349,7.2630696297
Tuvalu,1985,1.3000184298,4.6909122467
Uganda,1985,1.7363815308,3.8785178661
United Arab Emirates,1985,1.5941722393,3.9904632568
United Kingdom,1985,5.4142751694,8.1467170715
United States,1985,6.0833477974,7.2050919533
Upper middle income,1985,6.4412851334,7.0818095207
Uruguay,1985,1.4822261333,7.4212770462
Vanuatu,1985,0.9763734937,6.8901271820
"Venezuela, RB",1985,1.0653810501,7.3878211975
Viet Nam,1985,5.0699710846,8.0977182388
World,1985,6.9196529388,6.8929810524
Zambia,1985,1.8161540031,7.0667052269
Zimbabwe,1985,4.8805155754,4.5482888222
Africa Eastern and Southern,1986,-0.9485879540,5.8595523834
Africa Western and Central,1986,-0.8136202097,6.9482865334
Albania,1986,1.4378904104,4.3464961052
Algeria,1986,-0.2426264286,7.3278002739
American Samoa,1986,1.9326252937,3.6527540684
Andorra,1986,-0.9014366865,4.5826816559
Angola,1986,-1.0617494583,4.9839205742
Antigua and Barbuda,1986,2.2545840740,6.1168837547
Arab World,1986,0.7443824410,6.9771060944
Argentina,1986,2.2921094894,4.0654935837
Aruba,1986,1.0966817141,5.4433979988
Australia,1986,-0.3515654504,4.0521774292
Austria,1986,-0.9839804173,5.9945716858
"Bahamas, The",1986,-0.6922658682,6.4342422485
Bahrain,1986,-0.0678985789,6.5436358452
Bangladesh,1986,-0.5429131985,3.7682695389
Barbados,1986,1.1520680189,4.1945247650
Belgium,1986,-1.5393309593,6.8713555336
Belize,1986,0.1745338291,3.8244345188
Benin,1986,-1.6217721701,6.5974440575
Bermuda,1986,2.6467626095,4.3625717163
Bhutan,1986,2.2196547985,5.7939953804
Bolivia,1986,1.2386062145,7.1036920547
Botswana,1986,3.0670673847,5.0882153511
Brazil,1986,3.2824261189,4.4921813011
Brunei Darussalam,1986,0.9398474693,6.0568690300
Bulgaria,1986,0.2613613605,4.1720294952
Burkina Faso,1986,3.0152573586,4.9321441650
Burundi,1986,-1.2002637386,4.3225460052
Cabo Verde,1986,-1.3376557827,4.8536372185
Cambodia,1986,-0.2934112251,3.8357768059
Cameroon,1986,2.8693344593,4.4347534180
Canada,1986,-1.1731202602,6.3298048973
Caribbean small states,1986,-0.2824174762,6.7796945572
Central African Republic,1986,-1.2468347549,3.8722097874
Chad,1986,1.0884690285,6.4590535164
Chile,1986,1.2263886929,4.9566278458
China,1986,3.3568403721,4.7688608170
Colombia,1986,1.7302454710,4.6039843559
Comoros,1986,-1.2648683786,6.5741906166
"Congo, Dem. Rep.",1986,0.8570461869,4.0912389755
"Congo, Rep.",1986,0.5866105556,6.1629395485
Costa Rica,1986,1.4919855595,4.7509870529
Cote d'Ivoire,1986,-0.7404115200,4.4712815285
Cuba,1986,0.3094318509,7.6027278900
Cyprus,1986,-0.6784255505,3.9881401062
Denmark,1986,0.1060854420,4.6181802750
Dominica,1986,3.0486369133,4.2628188133
Dominican Republic,1986,-1.2352665663,3.8676986694
Early-demographic dividend,1986,-2.0022008419,6.7466878891
East Asia & Pacific,1986,-2.2633171082,3.1188435555
East Asia & Pacific (IDA & IBRD countries),1986,3.1865141392,4.5724415779
East Asia & Pacific (excluding high income),1986,3.3641917706,4.4388403893
Ecuador,1986,-1.0169130564,4.1259441376
"Egypt, Arab Rep.",1986,1.4290750027,4.0267672539
El Salvador,1986,0.2332703620,7.2361621857
Equatorial Guinea,1986,1.4669823647,7.0035581589
Eswatini,1986,2.0381164551,5.8948149681
Ethiopia,1986,2.5797641277,5.7055087090
Euro area,1986,-1.6560882330,3.2975296974
Europe & Central Asia,1986,-1.8071613312,3.2852368355
European Union,1986,-1.8551304340,3.4851102829
Faroe Islands,1986,0.1455098391,5.9688735008
Fiji,1986,2.8705739975,4.7680144310
Finland,1986,-1.5873893499,5.3461894989
Fragile and conflict affected situations,1986,0.1384046674,7.5478148460
France,1986,-1.6899098158,5.7991366386
French Polynesia,1986,1.7277812958,5.8588805199
Gabon,1986,0.8330144286,7.6982398033
"Gambia, The",1986,-0.5892707705,3.8532640934
Georgia,1986,0.9126988053,6.2230238914
Germany,1986,-0.2637290359,5.1164569855
Ghana,1986,1.5917481184,4.0468525887
Greece,1986,-0.1360007972,7.1770839691
Greenland,1986,2.9790458679,4.4580264091
Grenada,1986,2.9439873695,4.5431256294
Guam,1986,0.1062344611,4.7610859871
Guatemala,1986,-0.1807694286,7.7679562569
Guinea,1986,-1.4126998186,4.5732941628
Guinea-Bissau,1986,1.1894884109,7.8027977943
Guyana,1986,0.7667799592,7.4036526680
Haiti,1986,0.5802641511,7.5424094200
Heavily indebted poor countries (HIPC),1986,-1.5815676451,4.6239075661
High income,1986,-1.6836899519,2.6963510513
Honduras,1986,1.4374766350,4.8342461586
"Hong Kong SAR, China",1986,2.1734297276,6.0938115120
Hungary,1986,-0.7369098663,6.3468828201
IBRD only,1986,-2.2701556683,3.0861837864
IDA & IBRD total,1986,-2.2732377052,3.0810880661
IDA blend,1986,-1.3864235878,4.9786124229
IDA only,1986,-1.4664157629,4.4814524651
IDA total,1986,-1.8225548267,4.7526516914
Iceland,1986,2.3643612862,4.3857216835
India,1986,1.1788567305,3.3307027817
Indonesia,1986,2.0148777962,4.4817333221
"Iran, Islamic Rep.",1986,0.9742832184,5.9499311447
Iraq,1986,0.9681283832,4.0265836716
Ireland,1986,0.7304065824,7.6703319550
Isle of Man,1986,0.4207049906,5.4183678627
Israel,1986,-0.1976085007,4.1672320366
Italy,1986,-1.8998756409,4.8107919693
Jamaica,1986,-1.5323216915,6.8757977486
Japan,1986,-2.0484957695,3.1705393791
Jordan,1986,1.8894495964,3.8337404728
Kenya,1986,2.8284721375,4.2399768829
Kiribati,1986,1.5742809772,6.9613480568
"Korea, Rep.",1986,1.9331762791,5.8574151993
Kuwait,1986,3.0425353050,5.2894468307
Lao PDR,1986,1.1126896143,3.6352765560
Late-demographic dividend,1986,1.6163285971,4.8414402008
Latin America & Caribbean,1986,-1.9767355919,3.8477525711
Latin America & Caribbean (excluding high income),1986,-1.8935064077,3.8726644516
Latin America & the Caribbean (IDA & IBRD countries),1986,-1.9735537767,3.8398878574
Least developed countries: UN classification,1986,-1.4317288399,4.0823454857
Lesotho,1986,0.6260951161,3.9074752331
Liberia,1986,1.4869225025,7.5436325073
Libya,1986,0.5824348330,5.9375085831
Liechtenstein,1986,-0.0264474582,3.8943011761
Low & middle income,1986,-2.3466913700,3.2513265610
Low income,1986,-1.2391101122,6.7561812401
Lower middle income,1986,-1.9515018463,3.8146898746
Luxembourg,1986,2.2742733955,5.7185893059
"Macao SAR, China",1986,2.6030387878,4.2282934189
Madagascar,1986,-1.1952905655,6.5487155914
Malawi,1986,0.3776769638,7.7852959633
Malaysia,1986,-1.4043060541,6.0571627617
Maldives,1986,2.7428495884,5.7332649231
Mali,1986,-1.4677182436,5.3269901276
Malta,1986,-0.0621311329,4.6832375526
Marshall Islands,1986,0.6927704811,5.5332536697
Mauritania,1986,1.7494149208,4.4378404617
Mauritius,1986,2.8116810322,5.9187965393
Mexico,1986,1.2553477287,6.2644486427
"Micronesia, Fed. Sts.",1986,3.1773293018,5.1201004982
"Middle East, North Africa, Afghanistan & Pakistan",1986,1.2856065035,7.2069725990
"Middle East, North Africa, Afghanistan & Pakistan (IDA & IBRD)",1986,1.4577862024,6.9689555168
"Middle East, North Africa, Afghanistan & Pakistan (excluding high income)",1986,1.4128162861,6.9049878120
Middle income,1986,-2.3776702881,3.1785845757
Monaco,1986,-1.1553996801,5.8359193802
Mongolia,1986,2.8329358101,5.8257102966
Morocco,1986,2.7033500671,5.5148568153
Mozambique,1986,1.5093693733,7.3773374557
Myanmar,1986,1.0949865580,7.8962388039
Namibia,1986,0.8480029106,4.3651280403
Nauru,1986,1.3406126499,6.7436165810
Nepal,1986,0.6634786725,3.7218148708
Netherlands,1986,-1.6275848150,5.1628437042
New Caledonia,1986,0.9475257397,7.4655427933
New Zealand,1986,-1.5288422108,5.5183477402
Nicaragua,1986,1.3654929399,7.6486873627
Niger,1986,2.3500928879,4.4579358101
Nigeria,1986,0.1142828912,7.8718385696
North America,1986,-2.0170047283,3.1771893501
North Macedonia,1986,-0.4068189263,4.9298443794
Norway,1986,0.1512736976,4.0051164627
OECD members,1986,-1.6831010580,2.7166342735
Oman,1986,-1.6065967083,6.5877175331
Other small states,1986,-1.3578375578,6.5909633636
Pacific island small states,1986,1.2589321136,4.6662230492
Pakistan,1986,1.8557252884,4.1329245567
Palau,1986,1.6796628237,3.9790244102
Panama,1986,-0.9554038644,3.6072068214
Papua New Guinea,1986,0.8860580921,4.0877313614
Paraguay,1986,0.4434091151,4.4118218422
Peru,1986,2.8395740986,5.4129495621
Philippines,1986,-0.5874522328,4.3706932068
Portugal,1986,-0.1838241369,3.6371526718
Post-demographic dividend,1986,-1.7363473177,2.7562274933
Pre-demographic dividend,1986,-1.5748612881,5.5314974785
Puerto Rico (US),1986,0.9968915582,4.6031727791
Qatar,1986,1.2014092207,4.7790899277
Rwanda,1986,1.6849440336,4.0403099060
Samoa,1986,1.8278969526,4.1261138916
San Marino,1986,-0.1139564812,5.0580234528
Sao Tome and Principe,1986,0.7707488537,6.2389602661
Saudi Arabia,1986,-0.7463836670,6.8608927727
Senegal,1986,-1.0566228628,4.6962361336
Seychelles,1986,-0.0848469809,7.3388061523
Sierra Leone,1986,-0.7270356417,7.1081876755
Singapore,1986,-0.2512109578,5.3593950272
Slovenia,1986,0.7684927583,5.0285258293
Small states,1986,-1.1430299282,6.6980147362
Solomon Islands,1986,0.2163333446,6.8846521378
"Somalia, Fed. Rep.",1986,1.4353625774,7.4781060219
South Africa,1986,0.0221237373,7.2499041557
South Asia,1986,1.1883125305,3.3684482574
South Asia (IDA & IBRD),1986,1.2187926769,3.2497739792
Spain,1986,-1.4439798594,4.3351311684
Sri Lanka,1986,-0.0018100374,3.6329534054
St. Kitts and Nevis,1986,2.4250917435,6.0551223755
St. Lucia,1986,1.7518277168,5.9140744209
St. Vincent and the Grenadines,1986,1.7534990311,4.5710587502
Sub-Saharan Africa,1986,-1.9185625315,6.8181843758
Sub-Saharan Africa (IDA & IBRD countries),1986,-1.9404381514,6.7725481987
Sub-Saharan Africa (excluding high income),1986,-1.8768090010,6.9322061539
Sudan,1986,1.7826076746,3.6220936775
Suriname,1986,0.0930286795,6.5915837288
Sweden,1986,-0.8930145502,5.7552671432
Switzerland,1986,-0.8427039385,6.3369035721
Syrian Arab Republic,1986,1.0297837257,6.1668095589
Tajikistan,1986,-1.4886443615,3.4188621044
Tanzania,1986,1.7333203554,4.5172157288
Thailand,1986,1.7937101126,4.6059894562
Togo,1986,-1.1446747780,6.8571815491
Tonga,1986,-1.6728874445,6.9243917465
Trinidad and Tobago,1986,1.2542893887,6.7109451294
Tunisia,1986,1.0570811033,7.2328705788
Turkiye,1986,3.0526332855,4.3319845200
Tuvalu,1986,0.6655286551,5.4697747231
Uganda,1986,-0.3243285120,7.4239673615
United Arab Emirates,1986,0.5886800289,5.9365539551
United Kingdom,1986,-1.3225924969,3.5299828053
United States,1986,-1.7402755022,3.1976001263
Upper middle income,1986,-2.1920661926,3.4774489403
Uruguay,1986,2.8870513439,5.5261979103
Vanuatu,1986,0.6881137490,7.7071318626
"Venezuela, RB",1986,2.8035743237,4.1655912399
Viet Nam,1986,-1.1933627129,5.0997838974
World,1986,-1.6160941124,2.6419315338
Zambia,1986,-0.1377427429,7.0755410194
Zimbabwe,1986,-1.4891861677,6.1606473923
Africa Eastern and Southern,1987,-5.0336499214,-2.7149269581
Africa Western and Central,1987,-6.0910253525,-1.9668514729
Albania,1987,-7.2216959000,-1.1721479893
Algeria,1987,-6.6279516220,-1.6547389030
Andorra,1987,-8.6881990433,-3.5547075272
Angola,1987,-7.5603013039,-3.4528677464
Antigua and Barbuda,1987,-8.5254631042,-2.8008539677
Arab World,1987,-5.7404918671,-2.4752268791
Argentina,1987,-5.7099499702,-2.4417557716
Aruba,1987,-7.4240012169,-4.2864918709
Australia,1987,-5.5736231804,-2.8625416756
Austria,1987,-6.1392841339,-2.0935451984
"Bahamas, The",1987,-6.1327304840,-3.8815436363
Bahrain,1987,-6.3828101158,-2.8719100952
Bangladesh,1987,-7.1120758057,-2.2187430859
Barbados,1987,-8.1717281342,-3.7137703896
Belgium,1987,-5.7120881081,-2.8391509056
Belize,1987,-6.3050570488,-3.6077535152
Benin,1987,-6.6424112320,-1.6421375275
Bermuda,1987,-7.7133088112,-1.8865044117
Bhutan,1987,-6.0397734642,-3.1913809776
Bolivia,1987,-8.8021020889,-3.9323897362
Botswana,1987,-6.6122202873,-3.5880234241
Brazil,1987,-5.1612677574,-2.1478540897
Brunei Darussalam,1987,-7.3564152718,-4.0882225037
Bulgaria,1987,-7.3423886299,-3.7936253548
Burkina Faso,1987,-6.9504103661,-2.0232002735
Burundi,1987,-8.8859090805,-3.1909046173
Cabo Verde,1987,-6.8402137756,-2.2628810406
Cambodia,1987,-8.2459793091,-2.9243166447
Cameroon,1987,-6.8254518509,-2.6300408840
Canada,1987,-5.2591705322,-2.7224564552
Caribbean small states,1987,-7.7927932739,-3.4705488682
Central African Republic,1987,-7.1630978584,-3.2372007370
Chad,1987,-6.1687049866,-3.4186725616
Chile,1987,-7.3140935898,-3.5929188728
China,1987,-6.1790623665,-2.6320729256
Colombia,1987,-6.9871373177,-3.8732933998
Comoros,1987,-6.5435485840,-3.1116499901
"Congo, Dem. Rep.",1987,-9.3025503159,-3.0357091427
"Congo, Rep.",1987,-7.6044192314,-2.9573714733
Costa Rica,1987,-7.8972873688,-2.5590755939
Cote d'Ivoire,1987,-6.8332982063,-3.5063197613
Cuba,1987,-6.8098411560,-3.9108221531
Cyprus,1987,-7.8190960884,-2.8347561359
Denmark,1987,-6.6099519730,-1.1469534636
Djibouti,1987,-8.6375160217,-2.5907049179
Dominica,1987,-7.5026998520,-3.7518281937
Dominican Republic,1987,-8.2400960922,-2.4507403374
Early-demographic dividend,1987,-4.1234865189,-1.1135498285
East Asia & Pacific,1987,-3.5000479221,-0.1001190096
East Asia & Pacific (IDA & IBRD countries),1987,-9.1136703491,-4.1497197151
East Asia & Pacific (excluding high income),1987,-9.1599750519,-4.1108593941
Ecuador,1987,-7.9667563438,-2.3548436165
"Egypt, Arab Rep.",1987,-6.7003126144,-3.8529517651
El Salvador,1987,-8.6965007782,-2.3770859241
Equatorial Guinea,1987,-8.0171527863,-3.5660808086
Eswatini,1987,-7.3739476204,-4.4324741364
Ethiopia,1987,-7.6327104568,-4.1554574966
Euro area,1987,-3.9449737072,-0.5770108700
Europe & Central Asia,1987,-3.9439632893,-0.4475529194
Europe & Central Asia (excluding high income),1987,-5.3267798424,-2.3386034966
European Union,1987,-3.9803338051,-0.5419433117
Faroe Islands,1987,-8.4678449631,-3.7022721767
Fiji,1987,-7.9478311539,-2.4127483368
Finland,1987,-5.5031900406,-1.8924092054
Fragile and conflict affected situations,1987,-5.7816734314,-1.9415551424
France,1987,-4.3485884666,-1.7133646011
French Polynesia,1987,-8.9565172195,-2.4283797741
Gabon,1987,-6.7935538292,-3.2902626991
"Gambia, The",1987,-7.9194798470,-3.4568245411
Georgia,1987,-8.8574504852,-2.4441304207
Germany,1987,-6.1994981766,-1.1347651482
Ghana,1987,-7.4899682999,-2.5304589272
Greece,1987,-7.1176052094,-2.2902784348
Greenland,1987,-8.8967380524,-3.3357238770
Grenada,1987,-8.6339254379,-3.9278037548
Guatemala,1987,-7.9597887993,-1.9729384184
Guinea,1987,-5.3867759705,-0.7640290856
Guinea-Bissau,1987,-6.7122077942,-3.6844813824
Guyana,1987,-7.8113059998,-3.3475770950
Haiti,1987,-7.3899359703,-1.3947110176
Heavily indebted poor countries (HIPC),1987,-4.9377479553,-1.1254892349
High income,1987,-4.4584107399,-0.2851028442
Honduras,1987,-8.4715242386,-2.5628581047
"Hong Kong SAR, China",1987,-6.7118668556,-3.2095477581
Hungary,1987,-7.7687997818,-3.5190095901
IBRD only,1987,-3.5109286308,-0.2848847508
IDA & IBRD total,1987,-3.4451241493,-0.2828725278
IDA blend,1987,-5.3198852539,-1.7712794542
IDA only,1987,-5.0348668098,-2.6688466072
IDA total,1987,-4.8786201477,-2.0100574493
Iceland,1987,-6.6056451797,-2.9237298965
India,1987,-4.8679838181,-2.9633090496
Indonesia,1987,-6.9665799141,-2.4684305191
"Iran, Islamic Rep.",1987,-5.9154367447,-2.7996177673
Iraq,1987,-6.7580561638,-3.3686423302
Ireland,1987,-7.6000189781,-2.7874269485
Isle of Man,1987,-8.5430326462,-3.3435988426
Israel,1987,-6.3713040352,-3.1781539917
Italy,1987,-4.1983537674,-1.5087813139
Jamaica,1987,-8.1717195511,-3.3871884346
Japan,1987,-3.2739257812,-0.1494608819
Jordan,1987,-7.4563684464,-2.6441102028
Kenya,1987,-7.3815975189,-3.1892585754
Kiribati,1987,-9.0319423676,-2.3702714443
"Korea, Rep.",1987,-5.7410635948,-3.2019419670
Kuwait,1987,-7.0907578468,-2.8187410831
Kyrgyz Republic,1987,-4.3395500183,-0.6956447959
Lao PDR,1987,-8.2051887512,-1.8455104828
Late-demographic dividend,1987,-5.0348200798,-1.6778280735
Latin America & Caribbean,1987,-4.2415695190,-1.0658304691
Latin America & Caribbean (excluding high income),1987,-4.3636813164,-1.1452165842
Latin America & the Caribbean (IDA & IBRD countries),1987,-4.3697781563,-1.0096737146
Least developed countries: UN classification,1987,-5.9757151604,-2.9137628078
Lesotho,1987,-7.6310691833,-3.4267020226
Liberia,1987,-7.1160755157,-1.0588247776
Libya,1987,-7.2171969414,-2.6691191196
Liechtenstein,1987,-9.0435504913,-3.2745318413
Low & middle income,1987,-3.3541030884,-0.2585082948
Low income,1987,-6.8890624046,-2.8548636436
Lower middle income,1987,-4.4633297920,-1.0644862652
Luxembourg,1987,-8.1474151611,-4.4655513763
"Macao SAR, China",1987,-7.1921615601,-4.0956845284
Madagascar,1987,-7.5354743004,-4.6592979431
Malawi,1987,-7.8720097542,-3.0820827484
Malaysia,1987,-6.8239068985,-3.0725884438
Maldives,1987,-8.5117578506,-3.3693354130
Mali,1987,-7.1523432732,-3.4388790131
Malta,1987,-7.4498453140,-3.2462270260
Marshall Islands,1987,-8.7769575119,-3.9478511810
Mauritania,1987,-7.5936708450,-3.1236546040
Mauritius,1987,-8.3123846054,-3.1119146347
Mexico,1987,-5.4684166908,-3.4569146633
"Micronesia, Fed. Sts.",1987,-7.8008518219,-4.7179551125
"Middle East, North Africa, Afghanistan & Pakistan",1987,-5.5483579636,-2.3572106361
"Middle East, North Africa, Afghanistan & Pakistan (IDA & IBRD)",1987,-6.0875215530,-1.4631762505
"Middle East, North Africa, Afghanistan & Pakistan (excluding high income)",1987,-6.0250387192,-1.4937838316
Middle income,1987,-3.4168415070,-0.1802435517
Monaco,1987,-8.7780466080,-3.1049661636
Mongolia,1987,-8.0462341309,-1.7770844698
Morocco,1987,-7.8316645622,-2.3657305241
Mozambique,1987,-7.0512456894,-4.5820536613
Myanmar,1987,-8.2200336456,-3.1393039227
Namibia,1987,-8.4102878571,-2.2758772373
Nauru,1987,-8.7144117355,-2.8742413521
Nepal,1987,-7.5886821747,-2.3767583370
Netherlands,1987,-5.5757994652,-3.1374804974
New Caledonia,1987,-8.3568410873,-3.5915470123
New Zealand,1987,-7.7343864441,-2.0442953110
Nicaragua,1987,-8.2567338943,-2.0895967484
Niger,1987,-7.2310171127,-2.0893006325
Nigeria,1987,-6.3373837471,-2.6990025043
North America,1987,-3.8614799976,-0.3753930330
North Macedonia,1987,-8.8567800522,-4.2226023674
Norway,1987,-6.5040755272,-2.2213435173
OECD members,1987,-4.4164309502,-0.2268858105
Oman,1987,-7.4122405052,-3.7277190685
Other small states,1987,-7.4811072350,-3.9029750824
Pacific island small states,1987,-8.2899999619,-2.3008010387
Pakistan,1987,-6.9554247856,-3.2104563713
Palau,1987,-8.6728906631,-3.3823947906
Panama,1987,-7.8086538315,-3.1930978298
Papua New Guinea,1987,-7.6082167625,-4.2487602234
Paraguay,1987,-6.7721452713,-2.8103508949
Peru,1987,-6.1528291702,-2.5661783218
Philippines,1987,-6.3244171143,-2.4952316284
Portugal,1987,-6.6295599937,-3.2779867649
Post-demographic dividend,1987,-4.5906367302,-0.4423178434
Pre-demographic dividend,1987,-4.8209896088,-2.8166220188
Puerto Rico (US),1987,-8.0803947449,-2.7998797894
Qatar,1987,-7.9972348213,-3.3608164787
Romania,1987,-6.2936396599,-3.8594207764
Rwanda,1987,-6.1226682663,-2.4745059013
Samoa,1987,-8.6986122131,-1.8849440813
San Marino,1987,-6.4099478722,-0.8831316233
Sao Tome and Principe,1987,-8.8058919907,-2.3141343594
Saudi Arabia,1987,-6.5875740051,-2.3766260147
Senegal,1987,-6.2251996994,-4.1854157448
Seychelles,1987,-6.7614655495,-4.2501506805
Sierra Leone,1987,-6.0069217682,-3.5670833588
Singapore,1987,-7.2863831520,-2.5888960361
Slovenia,1987,-5.4328336716,-3.6107635498
Small states,1987,-5.7456345558,-3.9825286865
Solomon Islands,1987,-6.7954297066,-3.7716886997
"Somalia, Fed. Rep.",1987,-7.5190405846,-2.4577443600
South Africa,1987,-6.3849806786,-3.9405663013
South Asia,1987,-4.6738500595,-2.6298758984
South Asia (IDA & IBRD),1987,-4.7161111832,-2.7582168579
Spain,1987,-8.9729528427,-3.8429307938
Sri Lanka,1987,-6.2886219025,-3.3681294918
St. Kitts and Nevis,1987,-8.1706762314,-3.8998653889
St. Lucia,1987,-8.1495990753,-4.5478639603
St. Vincent and the Grenadines,1987,-8.0325899124,-4.0915675163
Sub-Saharan Africa,1987,-4.1146931648,-1.6246137619
Sub-Saharan Africa (IDA & IBRD countries),1987,-4.1860046387,-1.7908910513
Sub-Saharan Africa (excluding high income),1987,-4.3351039886,-1.9274911880
Sudan,1987,-6.7510623932,-4.4831519127
Suriname,1987,-8.4793052673,-4.1321053505
Sweden,1987,-5.1096625328,-1.4346989393
Switzerland,1987,-5.8095054626,-2.0710237026
Syrian Arab Republic,1987,-6.9337253571,-2.0896322727
Tajikistan,1987,-6.7948141098,-0.8469924331
Tanzania,1987,-7.4878044128,-2.7507827282
Thailand,1987,-6.6486558914,-1.7913955450
Togo,1987,-8.6025266647,-1.7049623728
Tonga,1987,-5.6277680397,-3.9791314602
Trinidad and Tobago,1987,-8.5363788605,-4.4239358902
Tunisia,1987,-7.3483681679,-1.8808706999
Turkiye,1987,-7.0353431702,-2.7406213284
Turkmenistan,1987,-7.8874039650,-2.5607924461
Tuvalu,1987,-8.7158002853,-3.5983102322
Uganda,1987,-7.9054923058,-4.8781580925
Ukraine,1987,-6.2149591446,-2.9620001316
United Arab Emirates,1987,-5.6572866440,-1.1939269304
United Kingdom,1987,-8.0403137207,-4.1787118912
United States,1987,-3.9804809093,-0.3154938221
Upper middle income,1987,-3.3314280510,-0.3842968941
Uruguay,1987,-6.3451476097,-4.3944215775
Uzbekistan,1987,-7.6892457008,-4.0251131058
Vanuatu,1987,-9.1448326111,-2.0745894909
"Venezuela, RB",1987,-7.2006473541,-1.4441894293
Viet Nam,1987,-7.6315054893,-1.5342364311
World,1987,-4.4041090012,-0.2069370896
Zambia,1987,-9.2321825027,-2.8724386692
Zimbabwe,1987,-7.4577026367,-4.8558430672
Africa Eastern and Southern,1988,18.8595409393,15.0763864517
Africa Western and Central,1988,18.3560485840,14.5905742645
Albania,1988,19.6254673004,12.4714374542
Algeria,1988,19.4132061005,12.8910865784
Andorra,1988,19.8280448914,11.8189525604
Angola,1988,19.3936424255,10.9662237167
Antigua and Barbuda,1988,19.7958908081,11.7957773209
Arab World,1988,20.0279083252,14.7427997589
Argentina,1988,18.8150310516,13.0297641754
Aruba,1988,19.2131462097,12.6048517227
Australia,1988,19.7594051361,11.0168170929
Austria,1988,20.4275398254,14.4822425842
"Bahamas, The",1988,20.8883266449,13.1399049759
Bahrain,1988,18.1033401489,11.5052185059
Bangladesh,1988,21.4928150177,13.7131700516
Barbados,1988,19.8427639008,14.0238733292
Belgium,1988,18.2203044891,14.6979665756
Belize,1988,18.3728256226,12.6649360657
Benin,1988,19.9686985016,14.4512290955
Bermuda,1988,19.2278919220,14.6865024567
Bhutan,1988,19.0743827820,13.8688163757
Bolivia,1988,20.7737884521,14.2374916077
Botswana,1988,18.8539943695,13.2471857071
Brazil,1988,18.2707519531,13.5678997040
Brunei Darussalam,1988,19.5365886688,12.4089784622
Bulgaria,1988,18.8740272522,12.4729623795
Burkina Faso,1988,19.6908512115,11.0942287445
Burundi,1988,19.5909099579,11.8680686951
Cabo Verde,1988,19.3679351807,10.8045387268
Cambodia,1988,18.5980033875,12.5681800842
Cameroon,1988,18.5214786530,13.7389850616
Canada,1988,18.8518447876,14.1541070938
Caribbean small states,1988,20.6948890686,13.0068140030
Central African Republic,1988,20.7375984192,12.9392957687
Chad,1988,17.5042724609,13.3661336899
Chile,1988,18.8500957489,11.7823905945
China,1988,18.3969650269,13.0083503723
Colombia,1988,19.1572551727,14.4875183105
Comoros,1988,21.2387161255,13.8239040375
"Congo, Dem. Rep.",1988,19.8217945099,12.7246322632
"Congo, Rep.",1988,21.2779083252,13.1105804443
Costa Rica,1988,19.9082374573,13.8597955704
Cote d'Ivoire,1988,19.6420936584,13.5001392365
Cuba,1988,19.5860176086,14.2644968033
Cyprus,1988,18.7238998413,12.0047321320
Denmark,1988,19.0906600952,13.0761899948
Djibouti,1988,19.3779335022,12.0245733261
Dominica,1988,17.7722568512,11.8424015045
Dominican Republic,1988,20.3861789703,12.9206838608
Early-demographic dividend,1988,17.1494541168,14.5915174484
East Asia & Pacific,1988,16.6365146637,14.2054519653
East Asia & Pacific (IDA & IBRD countries),1988,18.0593357086,13.3499956131
East Asia & Pacific (excluding high income),1988,18.0076961517,13.2287645340
Ecuador,1988,20.1717147827,11.4084463120
"Egypt, Arab Rep.",1988,19.9770450592,10.9804372787
El Salvador,1988,20.6995811462,12.8925266266
Equatorial Guinea,1988,21.4420032501,13.2650823593
Eswatini,1988,19.0210666656,10.5541124344
Ethiopia,1988,19.8146553040,12.7375535965
Euro area,1988,16.5014076233,14.8662281036
Europe & Central Asia,1988,16.3403701782,14.6883764267
Europe & Central Asia (IDA & IBRD countries),1988,17.5847320557,13.9326572418
Europe & Central Asia (excluding high income),1988,20.2385883331,14.8063344955
European Union,1988,16.3987007141,14.6391925812
Faroe Islands,1988,20.5278282166,12.0462341309
Fiji,1988,20.0606021881,12.8770275116
Finland,1988,19.8156852722,11.7839727402
Fragile and conflict affected situations,1988,19.6903038025,14.8687238693
France,1988,17.5563640594,14.4817533493
French Polynesia,1988,20.1748180389,12.0318651199
Gabon,1988,17.4062213898,12.9957714081
"Gambia, The",1988,18.6640224457,14.4821310043
Georgia,1988,19.4415111542,11.6441926956
Germany,1988,17.1725502014,14.4677448273
Ghana,1988,20.0959835052,10.8189983368
Greece,1988,18.7189807892,15.0096216202
Greenland,1988,19.9833278656,10.9503612518
Grenada,1988,20.4008865356,13.9431180954
Guatemala,1988,19.4393901825,14.3779106140
Guinea,1988,18.8875827789,10.9117650986
Guinea-Bissau,1988,18.8871555328,14.5942058563
Guyana,1988,20.2812671661,12.1605634689
Haiti,1988,19.4765701294,13.0315246582
Heavily indebted poor countries (HIPC),1988,20.0588092804,13.3608598709
High income,1988,16.1335697174,13.1560745239
Honduras,1988,20.3358020782,12.6358509064
"Hong Kong SAR, China",1988,18.8859806061,11.9411535263
Hungary,1988,19.4877204895,13.2019319534
IBRD only,1988,16.6465225220,15.0082731247
IDA & IBRD total,1988,16.5991878510,15.0343866348
IDA blend,1988,19.2133502960,10.7775335312
IDA only,1988,20.5340900421,14.6362905502
IDA total,1988,18.1544055939,14.5275402069
Iceland,1988,19.5584983826,13.3430919647
India,1988,18.1674919128,13.1789016724
Indonesia,1988,19.9745769501,11.3194398880
"Iran, Islamic Rep.",1988,18.5464115143,13.6118707657
Iraq,1988,19.4923171997,12.9637231827
Ireland,1988,19.5768337250,11.7354536057
Isle of Man,1988,18.7068519592,12.3856668472
Israel,1988,20.7352867126,14.0253448486
Italy,1988,17.5997505188,14.7989044189
Jamaica,1988,19.1987895966,14.4743394852
Japan,1988,16.9058284760,12.1924772263
Jordan,1988,19.9690437317,13.1326646805
Kenya,1988,19.2914714813,10.8717384338
Kiribati,1988,19.0247211456,12.2132511139
"Korea, Rep.",1988,18.4185867310,13.0537757874
Kuwait,1988,18.7910041809,13.4042119980
Kyrgyz Republic,1988,17.0746192932,12.9356584549
Lao PDR,1988,19.9016685486,12.3490285873
Late-demographic dividend,1988,17.0722885132,14.7600812912
Latin America & Caribbean,1988,17.8870983124,13.8619422913
Latin America & Caribbean (excluding high income),1988,17.7606048584,13.9653759003
Latin America & the Caribbean (IDA & IBRD countries),1988,17.8782215118,13.9388837814
Least developed countries: UN classification,1988,20.9066162109,13.9407520294
Lebanon,1988,20.0098648071,12.1574363708
Lesotho,1988,18.4204006195,11.8628559113
Liberia,1988,20.1970825195,12.3116827011
Libya,1988,18.3634510040,11.4577865601
Liechtenstein,1988,19.7857780457,10.7238512039
Low & middle income,1988,16.7818965912,15.1187496185
Low income,1988,19.5711402893,14.6578512192
Lower middle income,1988,17.9764709473,13.2599353790
Luxembourg,1988,18.6489677429,11.9417572021
"Macao SAR, China",1988,17.6095886230,11.6778984070
Madagascar,1988,20.2387790680,14.8155040741
Malawi,1988,20.4837608337,14.2845067978
Malaysia,1988,18.0063457489,12.6958608627
Maldives,1988,18.2842369080,11.8336963654
Mali,1988,18.1282730103,11.0528478622
Malta,1988,18.4364585876,12.0208024979
Marshall Islands,1988,17.6784191132,11.5093154907
Mauritania,1988,21.2799892426,12.8254890442
Mauritius,1988,18.2353000641,11.1391124725
Mexico,1988,20.1859130859,13.4927673340
"Micronesia, Fed. Sts.",1988,21.1703071594,13.4338541031
"Middle East, North Africa, Afghanistan & Pakistan",1988,20.7929363251,13.6327333450
"Middle East, North Africa, Afghanistan & Pakistan (IDA & IBRD)",1988,20.9342746735,12.9524946213
"Middle East, North Africa, Afghanistan & Pakistan (excluding high income)",1988,20.9595355988,12.9455757141
Middle income,1988,16.7015380859,15.1561870575
Monaco,1988,18.6546363831,14.6857690811
Mongolia,1988,20.1098213196,11.7133674622
Morocco,1988,18.9162788391,12.2686538696
Mozambique,1988,16.9939842224,12.1134214401
Myanmar,1988,18.5459613800,13.6055269241
Namibia,1988,19.4768486023,12.5363235474
Nauru,1988,20.5295810699,11.9933748245
Nepal,1988,17.6234455109,11.5849599838
Netherlands,1988,19.9766120911,14.9130134583
New Caledonia,1988,19.6240310669,12.1760768890
New Zealand,1988,19.2732772827,13.0246124268
Nicaragua,1988,18.7926197052,12.9170713425
Niger,1988,18.4624309540,10.7213335037
Nigeria,1988,18.4802856445,11.3772773743
North America,1988,16.3238754272,14.7243747711
North Macedonia,1988,19.1501159668,13.9907102585
Norway,1988,19.8523120880,12.4577636719
OECD members,1988,16.0510807037,13.1594905853
Oman,1988,19.2927227020,10.8274631500
Other small states,1988,20.5801410675,14.3697633743
Pacific island small states,1988,19.8275775909,12.1837558746
Pakistan,1988,17.6609249115,12.0598106384
Palau,1988,20.0410327911,11.3111886978
Panama,1988,18.8906555176,13.1206197739
Papua New Guinea,1988,20.6772193909,13.8215169907
Paraguay,1988,19.4758338928,11.3245954514
Peru,1988,18.3298835754,13.8009243011
Philippines,1988,18.5823345184,10.8090610504
Portugal,1988,18.4792366028,11.5113801956
Post-demographic dividend,1988,16.0603580475,13.1123580933
Pre-demographic dividend,1988,19.4413757324,14.7233276367
Puerto Rico (US),1988,20.4166488647,11.6513175964
Qatar,1988,20.4587879181,11.4006786346
Romania,1988,19.0436515808,12.6794595718
Russian Federation,1988,18.3732585907,14.0143003464
Rwanda,1988,18.9459190369,14.7013425827
Samoa,1988,20.0091705322,12.5181226730
San Marino,1988,18.5623931885,13.0588607788
Sao Tome and Principe,1988,20.8584117889,12.6141595840
Saudi Arabia,1988,19.0516471863,10.6140890121
Senegal,1988,19.3305358887,13.1647386551
Seychelles,1988,20.1497879028,11.2347278595
Sierra Leone,1988,18.2978286743,13.8606462479
Singapore,1988,18.4252052307,12.6200494766
Slovenia,1988,20.0761890411,13.7753887177
Small states,1988,21.4420566559,13.4849472046
Solomon Islands,1988,20.6579532623,13.3265762329
"Somalia, Fed. Rep.",1988,20.4408206940,14.6550207138
South Africa,1988,19.2685508728,14.8848276138
South Asia,1988,17.4877758026,12.4461746216
South Asia (IDA & IBRD),1988,17.3252677917,12.3540105820
Spain,1988,18.2329559326,14.3273019791
Sri Lanka,1988,21.5270042419,13.5416488647
St. Kitts and Nevis,1988,18.1514835358,12.3852329254
St. Lucia,1988,17.1532058716,13.1021404266
St. Vincent and the Grenadines,1988,17.0978164673,13.0426673889
Sub-Saharan Africa,1988,18.2283287048,15.1402311325
Sub-Saharan Africa (IDA & IBRD countries),1988,18.1089801788,15.0626087189
Sub-Saharan Africa (excluding high income),1988,18.0252914429,14.9965047836
Sudan,1988,19.7998790741,12.5101518631
Suriname,1988,17.4564647675,11.6963653564
Sweden,1988,21.3829116821,13.5933189392
Switzerland,1988,20.2023620605,14.8572092056
Syrian Arab Republic,1988,17.6079463959,13.5634183884
Tajikistan,1988,16.9937248230,13.1091203690
Tanzania,1988,18.7773094177,11.5946960449
Thailand,1988,17.1730136871,12.8800210953
Togo,1988,19.0389842987,10.5068511963
Tonga,1988,20.2912979126,12.6493272781
Trinidad and Tobago,1988,18.9322719574,13.7475290298
Tunisia,1988,19.3450965881,12.6693181992
Turkiye,1988,20.9552040100,13.5146245956
Turkmenistan,1988,18.8361701965,12.3916444778
Tuvalu,1988,19.2263507843,12.4189329147
Uganda,1988,17.3251876831,11.9086732864
Ukraine,1988,21.2054214478,13.4196605682
United Arab Emirates,1988,20.4109992981,12.0947256088
United Kingdom,1988,17.5442733765,14.0593204498
United States,1988,16.4722766876,14.6258134842
Upper middle income,1988,16.8604106903,14.7867498398
Uruguay,1988,20.4090175629,13.2152986526
Uzbekistan,1988,18.2343082428,12.4989471436
Vanuatu,1988,20.2424507141,12.3447933197
"Venezuela, RB",1988,19.8120384216,10.6561841965
Viet Nam,1988,19.6363620758,11.8134269714
World,1988,16.1043415070,13.0371112823
Zambia,1988,18.8986625671,10.8512792587
Zimbabwe,1988,17.7995357513,11.2196273804
Africa Eastern and Southern,1989,21.5526485443,5.0429830551
Africa Western and Central,1989,23.7038574219,4.2864637375
Albania,1989,23.5361309052,6.5480809212
Algeria,1989,24.4482269287,7.8400573730
Andorra,1989,23.8307456970,8.3148756027
Angola,1989,24.7158107758,5.4759116173
Antigua and Barbuda,1989,23.3481998444,8.2789525986
Arab World,1989,25.0443534851,7.0909175873
Argentina,1989,23.3540172577,5.4701466560
Aruba,1989,23.1735401154,5.8655705452
Australia,1989,24.4779148102,7.3961114883
Austria,1989,24.8754940033,7.1995911598
"Bahamas, The",1989,21.9338550568,7.4408740997
Bahrain,1989,24.9115676880,5.1164040565
Bangladesh,1989,21.7020511627,5.7208633423
Barbados,1989,24.7117118835,6.9905548096
Belgium,1989,24.3099117279,7.0413079262
Belize,1989,23.2444839478,6.0839996338
Benin,1989,24.0412616730,6.0736694336
Bermuda,1989,25.1565093994,5.2458815575
Bhutan,1989,22.4947319031,7.3320994377
Bolivia,1989,24.8767929077,7.3930287361
Botswana,1989,23.2081623077,6.1260862350
Brazil,1989,21.9341430664,5.8988122940
Brunei Darussalam,1989,23.9293537140,6.5927095413
Bulgaria,1989,23.8746147156,6.3264455795
Burkina Faso,1989,22.7803401947,4.6113929749
Burundi,1989,24.1982555389,4.1228427887
Cabo Verde,1989,23.1536064148,7.5370106697
Cambodia,1989,24.5070247650,7.1183261871
Cameroon,1989,24.0902252197,6.4013528824
Canada,1989,22.0085792542,5.2547821999
Caribbean small states,1989,22.2652759552,6.0158267021
Central African Republic,1989,23.2223625183,4.6363158226
Chad,1989,23.7616004944,8.1423234940
Chile,1989,23.3215312958,6.6441087723
China,1989,23.8247051239,7.6561088562
Colombia,1989,24.5732021332,6.8438000679
Comoros,1989,23.7940635681,6.0710878372
"Congo, Dem. Rep.",1989,24.3262138367,6.1177124977
"Congo, Rep.",1989,22.2594642639,5.3212022781
Costa Rica,1989,23.1706428528,7.7167806625
Cote d'Ivoire,1989,22.0855998993,5.7857751846
Cuba,1989,24.8670597076,5.2560992241
Cyprus,1989,23.3260478973,7.0601081848
Denmark,1989,24.5097770691,4.9034352303
Djibouti,1989,23.9769706726,6.7859878540
Dominica,1989,24.5104675293,5.3938794136
Dominican Republic,1989,24.2603816986,7.5155186653
Early-demographic dividend,1989,21.1952438354,5.0590648651
East Asia & Pacific,1989,20.7695217133,6.0122089386
East Asia & Pacific (IDA & IBRD countries),1989,21.9661350250,7.9809331894
East Asia & Pacific (excluding high income),1989,21.8958950043,7.9794173241
Ecuador,1989,24.6890430450,4.1795821190
"Egypt, Arab Rep.",1989,23.9033851624,8.1982088089
El Salvador,1989,24.5949401855,4.3437209129
Equatorial Guinea,1989,24.2383499146,6.3437304497
Estonia,1989,22.5156307220,6.3355875015
Eswatini,1989,23.0569305420,6.0034632683
Ethiopia,1989,24.3280944824,5.5314445496
Euro area,1989,20.6995239258,5.8461742401
Europe & Central Asia,1989,20.8500595093,5.7284193039
Europe & Central Asia (IDA & IBRD countries),1989,22.8415718079,5.4914417267
Europe & Central Asia (excluding high income),1989,24.4480781555,3.9626703262
European Union,1989,20.7570190430,5.8056092262
Faroe Islands,1989,24.0072441101,5.5716524124
Fiji,1989,22.7631816864,7.2540783882
Finland,1989,23.4546813965,8.1989345551
Fragile and conflict affected situations,1989,24.0912151337,4.5629944801
France,1989,23.9208698273,7.3215479851
French Polynesia,1989,22.7871017456,4.7228932381
Gabon,1989,23.0176525116,6.9517192841
"Gambia, The",1989,22.7821445465,7.9451594353
Georgia,1989,23.7036800385,5.4460754395
Germany,1989,21.7921886444,6.3219223022
Ghana,1989,23.6520290375,8.4812364578
Greece,1989,25.4414100647,6.8227553368
Greenland,1989,22.2255859375,7.4547781944
Grenada,1989,25.2516174316,6.9732470512
Guam,1989,23.1093578339,7.2095389366
Guatemala,1989,25.4152488708,7.3491897583
Guinea,1989,25.1874408722,7.6054668427
Guinea-Bissau,1989,22.5728359222,7.6579661369
Guyana,1989,24.0879116058,6.1174693108
Haiti,1989,23.9663467407,5.9334754944
Heavily indebted poor countries (HIPC),1989,23.8418750763,4.1094756126
High income,1989,20.1878852844,4.9472784996
Honduras,1989,21.7761173248,5.1119027138
"Hong Kong SAR, China",1989,22.5888500214,4.4928760529
Hungary,1989,25.0572166443,5.1568121910
IBRD only,1989,20.4958648682,5.4737939835
IDA & IBRD total,1989,20.6356620789,5.5648293495
IDA blend,1989,22.3019504547,5.7642884254
IDA only,1989,24.3677425385,4.1485505104
IDA total,1989,22.8652324677,4.6366658211
Iceland,1989,25.2102203369,5.5273537636
India,1989,22.6457500458,8.3817567825
Indonesia,1989,23.0087242126,7.3192439079
"Iran, Islamic Rep.",1989,22.0921745300,7.8870849609
Iraq,1989,23.8928699493,6.0778045654
Ireland,1989,22.9760704041,7.9013905525
Isle of Man,1989,22.3547668457,7.4565887451
Israel,1989,25.4614124298,5.7080454826
Italy,1989,21.3723335266,5.4531755447
Jamaica,1989,22.4044647217,7.3215613365
Japan,1989,21.5119323730,6.7059483528
Jordan,1989,23.6570434570,5.8085865974
Kenya,1989,24.2012844086,7.9301333427
Kiribati,1989,23.7002086639,5.6985635757
"Korea, Rep.",1989,22.6696338654,7.4129528999
Kuwait,1989,23.0627841949,6.2737903595
Kyrgyz Republic,1989,21.0134601593,5.2281074524
Lao PDR,1989,22.9447746277,5.8808522224
Late-demographic dividend,1989,21.1320972443,6.3137149811
Latin America & Caribbean,1989,23.6151466370,3.6942036152
Latin America & Caribbean (excluding high income),1989,23.8676033020,3.6743354797
Latin America & the Caribbean (IDA & IBRD countries),1989,23.6207141876,3.6402058601
Least developed countries: UN classification,1989,23.6299457550,4.2760090828
Lebanon,1989,23.5185718536,5.2642245293
Lesotho,1989,22.9653091431,7.7911829948
Liberia,1989,23.4858894348,5.3642253876
Libya,1989,22.8478775024,7.1591005325
Liechtenstein,1989,24.1942024231,7.9796919823
Low & middle income,1989,20.5607490540,5.6672773361
Low income,1989,24.7106189728,5.6574292183
Lower middle income,1989,24.6918411255,6.7321882248
Luxembourg,1989,23.6617355347,6.9298124313
"Macao SAR, China",1989,23.6018333435,8.0978717804
Madagascar,1989,24.5779495239,7.5186414719
Malawi,1989,24.2927570343,4.3969359398
Malaysia,1989,22.9965934753,6.7186446190
Maldives,1989,23.3785591125,6.7983646393
Mali,1989,24.7905712128,7.9518895149
Malta,1989,23.5703773499,6.8711032867
Marshall Islands,1989,24.1041755676,6.4530391693
Mauritania,1989,23.5923290253,7.8046274185
Mauritius,1989,24.2814064026,8.2920541763
Mexico,1989,25.1988677979,6.7085919380
"Micronesia, Fed. Sts.",1989,24.6445960999,7.0988569260
"Middle East, North Africa, Afghanistan & Pakistan",1989,25.1880512238,7.1979269981
"Middle East, North Africa, Afghanistan & Pakistan (IDA & IBRD)",1989,21.6513481140,4.7329993248
"Middle East, North Africa, Afghanistan & Pakistan (excluding high income)",1989,21.6659927368,4.7399458885
Middle income,1989,20.5430107117,5.6080164909
Monaco,1989,24.6343784332,7.7466139793
Mongolia,1989,24.3106250763,7.6041350365
Morocco,1989,21.6904201508,5.4521217346
Mozambique,1989,21.7483367920,7.3182301521
Myanmar,1989,25.0091114044,6.7871699333
Namibia,1989,23.3707141876,4.2876067162
Nauru,1989,23.9233245850,6.1871256828
Nepal,1989,24.6644153595,7.5097379684
Netherlands,1989,24.1958923340,7.3384237289
New Caledonia,1989,23.3082466125,6.4520125389
New Zealand,1989,24.5404663086,5.7971072197
Nicaragua,1989,24.1368026733,6.6884088516
Niger,1989,24.5623683929,4.1416826248
Nigeria,1989,23.3541755676,4.5073494911
North America,1989,20.7406253815,5.3329458237
North Macedonia,1989,25.8282070160,7.0562314987
Norway,1989,24.2580223083,4.5863661766
OECD members,1989,20.2298336029,4.9964733124
Oman,1989,23.1615848541,6.2318840027
Other small states,1989,21.8976802826,5.5402855873
Pacific island small states,1989,24.1857357025,8.0293216705
Pakistan,1989,23.7417316437,7.7781066895
Palau,1989,23.0639057159,8.3350439072
Panama,1989,23.8453025818,4.4261484146
Papua New Guinea,1989,24.2899551392,6.4456315041
Paraguay,1989,22.1463108063,7.0389552116
Peru,1989,23.2358360291,5.3613648415
Philippines,1989,22.3650894165,7.5780386925
Portugal,1989,22.2178020477,6.9932689667
Post-demographic dividend,1989,20.2257003784,4.9717798233
Pre-demographic dividend,1989,24.1112117767,3.9402875900
Puerto Rico (US),1989,23.9392375946,7.2752351761
Qatar,1989,21.9824752808,7.4700598717
Romania,1989,23.5293998718,7.2526392937
Russian Federation,1989,22.9394989014,5.0426378250
Rwanda,1989,24.6414852142,5.8288049698
Samoa,1989,25.1838512421,7.4937114716
San Marino,1989,22.1894817352,6.4318161011
Sao Tome and Principe,1989,21.9984703064,5.9165077209
Saudi Arabia,1989,24.6849594116,5.0511498451
Senegal,1989,25.2166442871,7.7471251488
Seychelles,1989,23.2065601349,6.5821666718
Sierra Leone,1989,24.9257698059,4.5295844078
Singapore,1989,22.8634395599,6.8910760880
Slovenia,1989,25.3698310852,6.0975575447
Small states,1989,22.1601638794,5.6925697327
Solomon Islands,1989,24.7266101837,7.8959798813
"Somalia, Fed. Rep.",1989,24.9100742340,7.7388210297
South Africa,1989,22.5088253021,5.2484641075
South Asia,1989,22.8616905212,8.5490379333
South Asia (IDA & IBRD),1989,22.9264335632,8.5191230774
Spain,1989,23.5971202850,8.3852910995
Sri Lanka,1989,22.1810035706,5.1253170967
St. Kitts and Nevis,1989,23.0450077057,8.0979804993
St. Lucia,1989,23.4355792999,6.6922259331
St. Vincent and the Grenadines,1989,24.3540496826,3.7864022255
Sub-Saharan Africa,1989,22.2109870911,4.3052086830
Sub-Saharan Africa (IDA & IBRD countries),1989,22.2968349457,4.3535943031
Sub-Saharan Africa (excluding high income),1989,22.2132873535,4.3027148247
Sudan,1989,23.1160640717,6.8034949303
Suriname,1989,24.7286434174,8.0115280151
Sweden,1989,21.4878730774,5.6113214493
Switzerland,1989,24.3929462433,8.1268215179
Syrian Arab Republic,1989,22.9311294556,5.5599436760
Tajikistan,1989,23.7577648163,5.4734282494
Tanzania,1989,25.2840194702,7.1675653458
Thailand,1989,22.9034271240,6.1979274750
Togo,1989,24.5561065674,7.8845438957
Tonga,1989,25.1245956421,5.3069968224
Trinidad and Tobago,1989,24.7669658661,6.1819143295
Tunisia,1989,23.3620491028,4.3701810837
Turkiye,1989,25.0837955475,5.7708954811
Turkmenistan,1989,23.9982299805,5.7736306190
Tuvalu,1989,24.0754299164,6.6720247269
Uganda,1989,21.8984565735,7.6891412735
Ukraine,1989,25.0956497192,6.9538908005
United Arab Emirates,1989,22.9637756348,6.2419490814
United Kingdom,1989,22.0565814972,5.1221404076
United States,1989,20.8514328003,5.2839908600
Upper middle income,1989,20.6515827179,5.4953474998
Uruguay,1989,24.3903274536,4.2176175117
Uzbekistan,1989,22.1220073700,5.7208914757
Vanuatu,1989,23.9490795135,3.7328846455
"Venezuela, RB",1989,23.3266944885,5.2764525414
Viet Nam,1989,22.6115798950,7.4420528412
World,1989,20.3191413879,5.0708322525
Zambia,1989,24.5031642914,6.1537051201
Zimbabwe,1989,23.6947536469,8.3232917786
Africa Eastern and Southern,1990,-11.0187349319,11.6876640320
Africa Western and Central,1990,-9.4636583328,11.8234701157
Albania,1990,-12.8757200241,13.5382699966
Algeria,1990,-10.8807163239,12.9231176376
American Samoa,1990,-10.8423738480,8.6441965103
Andorra,1990,-12.8064737320,14.0854387283
Angola,1990,-9.1421775818,12.9656372070
Antigua and Barbuda,1990,-12.8516473770,14.8413171768
Arab World,1990,-10.7122745514,11.8324155807
Argentina,1990,-11.0181655884,12.7429590225
Armenia,1990,-13.3344202042,14.9113464355
Aruba,1990,-13.3616523743,14.6936054230
Australia,1990,-11.2016029358,11.8324184418
Austria,1990,-11.3449954987,11.8489379883
Azerbaijan,1990,-9.3842153549,13.0046720505
"Bahamas, The",1990,-11.5646820068,13.6593885422
Bahrain,1990,-11.9773731232,13.5071239471
Bangladesh,1990,-11.2159280777,12.9794025421
Barbados,1990,-12.9079885483,14.4692564011
Belarus,1990,-9.0459899902,12.3523178101
Belgium,1990,-11.1297712326,12.2554035187
Belize,1990,-11.3122453690,13.5632047653
Benin,1990,-11.2392139435,12.9474630356
Bermuda,1990,-13.3354082108,14.3763961792
Bhutan,1990,-11.2262716293,13.3188085556
Bolivia,1990,-11.6534500122,13.0433397293
Bosnia and Herzegovina,1990,-10.7039756775,13.7491693497
Botswana,1990,-11.2820100784,14.2256898880
Brazil,1990,-11.6127996445,11.8272914886
Brunei Darussalam,1990,-12.0753240585,14.6018314362
Bulgaria,1990,-11.1241893768,12.7007055283
Burkina Faso,1990,-12.3180475235,13.8025293350
Burundi,1990,-11.6629600525,13.2906236649
Cabo Verde,1990,-11.8226766586,12.8748064041
Cambodia,1990,-12.3676519394,14.5207509995
Cameroon,1990,-11.5633697510,13.3501853943
Canada,1990,-11.5768022537,12.0339202881
Caribbean small states,1990,-9.0130681992,12.4116449356
Central African Republic,1990,-12.5845594406,13.2099657059
Central Europe and the Baltics,1990,-10.9071683884,11.1351108551
Chad,1990,-11.5368671417,13.1283454895
Chile,1990,-10.7157697678,12.7230901718
China,1990,-11.4897003174,11.8871641159
Colombia,1990,-10.7077741623,12.8988046646
Comoros,1990,-11.5800991058,13.4593572617
"Congo, Dem. Rep.",1990,-9.4876441956,13.1488494873
"Congo, Rep.",1990,-12.1541643143,12.2565097809
Costa Rica,1990,-12.5459613800,13.3409976959
Cote d'Ivoire,1990,-10.9319019318,13.7844705582
Croatia,1990,-10.6390047073,13.1200237274
Cuba,1990,-11.8490943909,12.4288816452
Cyprus,1990,-12.0321636200,13.2661771774
Czechia,1990,-9.5409622192,11.5246381760
Denmark,1990,-10.9568233490,12.7119169235
Djibouti,1990,-13.1267948151,13.3806390762
Dominica,1990,-13.0908708572,14.5605983734
Dominican Republic,1990,-11.8775405884,13.6614913940
Early-demographic dividend,1990,-10.7365512848,9.8027677536
East Asia & Pacific,1990,-10.1747388840,9.0578823090
East Asia & Pacific (IDA & IBRD countries),1990,-10.3288125992,10.0157594681
East Asia & Pacific (excluding high income),1990,-10.3092651367,9.9673366547
Ecuador,1990,-11.6166229248,13.9455699921
"Egypt, Arab Rep.",1990,-10.9740943909,14.0261144638
El Salvador,1990,-12.4626293182,13.0648717880
Equatorial Guinea,1990,-12.7932891846,14.4845972061
Estonia,1990,-9.8881807327,11.2453937531
Eswatini,1990,-12.9671897888,14.9584655762
Ethiopia,1990,-9.2370691299,12.5488166809
Euro area,1990,-10.2559928894,8.5077676773
Europe & Central Asia,1990,-10.3471260071,8.5106410980
Europe & Central Asia (IDA & IBRD countries),1990,-11.1586704254,11.3984403610
Europe & Central Asia (excluding high income),1990,-10.2308092117,10.9195871353
European Union,1990,-10.2954607010,8.4754762650
Faroe Islands,1990,-13.4365005493,14.4934024811
Fiji,1990,-12.9083471298,13.0735139847
Finland,1990,-11.8726959229,12.4342441559
Fragile and conflict affected situations,1990,-10.4402160645,10.1783599854
France,1990,-9.6761674881,10.5807743073
French Polynesia,1990,-12.5114517212,14.5017814636
Gabon,1990,-11.2892665863,13.4855709076
"Gambia, The",1990,-11.9876604080,13.1625680923
Georgia,1990,-12.5061740875,12.8850831985
Germany,1990,-10.8108558655,9.1583347321
Ghana,1990,-11.8096485138,13.0329771042
Greece,1990,-10.8478593826,12.4662103653
Greenland,1990,-13.4428749084,14.3945302963
Grenada,1990,-13.0427160263,14.3194684982
Guam,1990,-10.1798620224,9.4091892242
Guatemala,1990,-11.7896766663,14.2890586853
Guinea,1990,-12.6171932220,13.3884010315
Guinea-Bissau,1990,-12.1750535965,13.4139318466
Guyana,1990,-12.2188816071,12.9165859222
Haiti,1990,-11.1281194687,13.5467357635
Heavily indebted poor countries (HIPC),1990,-11.1103734970,11.7528753281
High income,1990,-10.7025213242,8.5511789322
Honduras,1990,-12.1062917709,13.7925767899
"Hong Kong SAR, China",1990,-11.2376356125,12.3973636627
Hungary,1990,-9.5136432648,12.3184213638
IBRD only,1990,-10.0350856781,8.7297163010
IDA & IBRD total,1990,-10.0475702286,8.6585273743
IDA blend,1990,-9.8534431458,11.6007041931
IDA only,1990,-11.4604759216,10.9673423767
IDA total,1990,-11.4917173386,10.9112281799
Iceland,1990,-11.5359582901,14.4252786636
India,1990,-11.1969003677,11.2503623962
Indonesia,1990,-11.9973983765,12.8401784897
"Iran, Islamic Rep.",1990,-11.2840204239,12.6401844025
Iraq,1990,-10.6924028397,11.9869785309
Ireland,1990,-10.9974660873,12.7172231674
Isle of Man,1990,-13.0227842331,13.7991495132
Israel,1990,-11.4580812454,12.5650777817
Italy,1990,-9.4221324921,10.4814910889
Jamaica,1990,-11.5922307968,13.2931661606
Japan,1990,-9.9637784958,9.3928422928
Jordan,1990,-11.9142141342,13.4769487381
Kazakhstan,1990,-11.2838449478,12.3464775085
Kenya,1990,-12.2807874680,13.5790500641
Kiribati,1990,-12.7313299179,13.1384286880
"Korea, Rep.",1990,-10.9320955276,11.6722812653
Kuwait,1990,-10.5091676712,13.0503435135
Kyrgyz Republic,1990,-12.6454505920,13.5435733795
Lao PDR,1990,-11.4975671768,13.8129739761
Late-demographic dividend,1990,-10.5156240463,9.5682554245
Latin America & Caribbean,1990,-11.1857547760,10.3596086502
Latin America & Caribbean (excluding high income),1990,-11.2841272354,10.3627052307
Latin America & the Caribbean (IDA & IBRD countries),1990,-11.2348661423,10.2935819626
Least developed countries: UN classification,1990,-10.5469732285,11.1441020966
Lebanon,1990,-11.2922916412,13.5321855545
Lesotho,1990,-13.2784166336,15.0032625198
Liberia,1990,-13.3102216721,14.0266485214
Libya,1990,-11.0243530273,13.0591154099
Liechtenstein,1990,-13.5985002518,14.3799991608
Low & middle income,1990,-10.0205307007,8.9200391769
Low income,1990,-9.2942581177,11.7702178955
Lower middle income,1990,-10.5669555664,10.4075536728
Luxembourg,1990,-10.8058547974,13.5259809494
"Macao SAR, China",1990,-11.0508317947,13.4514207840
Madagascar,1990,-10.9969120026,13.6047277451
Malawi,1990,-13.4090394974,14.9954996109
Malaysia,1990,-10.3181505203,13.5351991653
Maldives,1990,-13.3529901505,14.1422805786
Mali,1990,-12.1627531052,13.3391628265
Malta,1990,-12.8110084534,13.4252567291
Marshall Islands,1990,-13.0120391846,14.5201616287
Mauritania,1990,-10.9281997681,13.8399686813
Mauritius,1990,-11.6727409363,14.3462772369
Mexico,1990,-10.6244297028,10.6048698425
"Micronesia, Fed. Sts.",1990,-13.1868839264,13.8216428757
"Middle East, North Africa, Afghanistan & Pakistan",1990,-10.2859773636,11.7287912369
"Middle East, North Africa, Afghanistan & Pakistan (IDA & IBRD)",1990,-10.5157222748,11.3718967438
"Middle East, North Africa, Afghanistan & Pakistan (excluding high income)",1990,-10.6003303528,11.4661455154
Middle income,1990,-9.8600444794,8.9043064117
Moldova,1990,-11.9696235657,14.1966466904
Monaco,1990,-12.4960680008,14.8701677322
Mongolia,1990,-13.2836217880,13.3174734116
Morocco,1990,-10.2597808838,12.7629642487
Mozambique,1990,-10.3894510269,8.7959384918
Myanmar,1990,-12.6538314819,15.2113418579
Namibia,1990,-12.4847717285,13.7268228531
Nauru,1990,-13.5549821854,13.8011093140
Nepal,1990,-12.0300598145,12.5009231567
Netherlands,1990,-11.8072776794,11.3384990692
New Caledonia,1990,-12.7106103897,13.6815042496
New Zealand,1990,-10.5586156845,12.7597074509
Nicaragua,1990,-13.0972194672,13.1722574234
Niger,1990,-11.4775543213,12.9628629684
Nigeria,1990,-9.2615633011,11.8048791885
North America,1990,-10.5662851334,8.6147203445
North Macedonia,1990,-12.9911308289,15.0569391251
Norway,1990,-12.1484909058,11.6842288971
OECD members,1990,-10.8454666138,8.3347454071
Oman,1990,-10.4277391434,13.6689176559
Other small states,1990,-9.9113283157,11.1966209412
Pacific island small states,1990,-12.3512840271,13.9895896912
Pakistan,1990,-10.5630855560,12.4490385056
Palau,1990,-13.8318872452,13.5148439407
Panama,1990,-13.0435543060,12.8996543884
Papua New Guinea,1990,-12.3389806747,13.9523963928
Paraguay,1990,-12.5454673767,12.3753147125
Peru,1990,-10.7768812180,13.2528753281
Philippines,1990,-10.0092782974,12.2708244324
Poland,1990,-10.0070075989,11.7392797470
Portugal,1990,-12.4001302719,12.3361110687
Post-demographic dividend,1990,-10.8729658127,8.4358758926
Pre-demographic dividend,1990,-10.1186618805,11.8146333694
Puerto Rico (US),1990,-10.7557334900,12.3309736252
Qatar,1990,-9.6811256409,13.2426662445
Romania,1990,-9.5441608429,11.5808486938
Russian Federation,1990,-10.6591043472,11.4929609299
Rwanda,1990,-11.3685712814,14.0761032104
Samoa,1990,-13.4322490692,13.5670175552
San Marino,1990,-10.8819532394,8.5438899994
Sao Tome and Principe,1990,-13.3019495010,13.4972286224
Saudi Arabia,1990,-11.3402709961,12.4063129425
Senegal,1990,-10.7518329620,14.0647392273
Seychelles,1990,-11.6447477341,14.2639722824
Sierra Leone,1990,-11.9849205017,14.1116132736
Singapore,1990,-10.4895687103,12.9326848984
Slovak Republic,1990,-9.1793651581,12.5887718201
Slovenia,1990,-9.0891008377,12.1739673615
Small states,1990,-9.4797916412,11.5869827271
Solomon Islands,1990,-12.0111055374,13.9542551041
"Somalia, Fed. Rep.",1990,-13.2572364807,12.8831777573
South Africa,1990,-10.5547504425,13.0263805389
South Asia,1990,-11.1235647202,10.9942035675
South Asia (IDA & IBRD),1990,-11.0876750946,10.9715118408
Spain,1990,-11.6631565094,10.8713512421
Sri Lanka,1990,-10.8750267029,14.4333305359
St. Kitts and Nevis,1990,-12.8143692017,15.2291746140
St. Lucia,1990,-13.6185197830,14.8398532867
St. Vincent and the Grenadines,1990,-13.0905437469,14.9348611832
Sub-Saharan Africa,1990,-9.5340023041,10.6839208603
Sub-Saharan Africa (IDA & IBRD countries),1990,-9.4015798569,10.6319007874
Sub-Saharan Africa (excluding high income),1990,-9.3681955338,10.7319421768
Sudan,1990,-11.7314567566,12.3960657120
Suriname,1990,-12.5855960846,14.6469507217
Sweden,1990,-10.8131999969,11.0489301682
Switzerland,1990,-12.0007505417,11.4732036591
Syrian Arab Republic,1990,-11.6244764328,14.2119779587
Tajikistan,1990,-13.4005117416,15.0587415695
Tanzania,1990,-11.2054023743,14.1092662811
Thailand,1990,-10.2837877274,12.0839548111
Timor-Leste,1990,-12.5666208267,12.8991918564
Togo,1990,-11.4004526138,13.8677654266
Tonga,1990,-11.3742761612,14.5996046066
Trinidad and Tobago,1990,-11.7965288162,14.9374990463
Tunisia,1990,-10.7721433640,13.8824682236
Turkiye,1990,-11.1311292648,11.6261844635
Turkmenistan,1990,-13.5008401871,14.7779045105
Tuvalu,1990,-13.3707475662,13.8479757309
Uganda,1990,-11.4395999908,14.6954345703
Ukraine,1990,-10.0345764160,12.3973932266
United Arab Emirates,1990,-9.5289335251,11.8097705841
United Kingdom,1990,-11.0722122192,9.4101114273
United States,1990,-10.5176000595,8.5134887695
Upper middle income,1990,-10.0095539093,8.9684619904
Uruguay,1990,-10.4287214279,13.3128395081
Uzbekistan,1990,-8.9101057053,12.7045288086
Vanuatu,1990,-12.9440412521,12.3825168610
"Venezuela, RB",1990,-12.2109308243,11.9461851120
Viet Nam,1990,-12.0102739334,14.8881702423
World,1990,-10.2188291550,8.4501495361
"Yemen, Rep.",1990,-8.9773006439,13.0788669586
Zambia,1990,-13.7693586349,14.2312393188
Zimbabwe,1990,-10.5636987686,14.0985336304
Africa Eastern and Southern,1991,9.3594074249,8.5085439682
Africa Western and Central,1991,9.4628171921,6.9578275681
Albania,1991,7.7658724785,6.4970064163
Algeria,1991,8.9425420761,9.1482706070
Andorra,1991,8.3350820541,5.0999889374
Angola,1991,9.6194391251,6.6926226616
Antigua and Barbuda,1991,8.2603158951,5.6914381981
Arab World,1991,9.2124843597,9.5612754822
Argentina,1991,6.3709254265,4.2941966057
Armenia,1991,7.8674645424,7.0289211273
Aruba,1991,6.5410513878,6.3633546829
Australia,1991,9.4106931686,9.3051710129
Austria,1991,7.0770325661,5.3448534012
Azerbaijan,1991,8.7861623764,8.9529790878
"Bahamas, The",1991,7.7035717964,8.4940090179
Bahrain,1991,6.0566587448,6.9332580566
Bangladesh,1991,7.7275085449,4.9345927238
Barbados,1991,7.6701068878,8.6160926819
Belarus,1991,8.8504781723,8.9677686691
Belgium,1991,9.3570652008,5.0953874588
Belize,1991,5.9835505486,7.3268651962
Benin,1991,5.9763059616,4.6041374207
Bermuda,1991,7.8895187378,8.5981540680
Bhutan,1991,9.4699258804,9.4627389908
Bolivia,1991,5.9994320869,4.1782646179
Bosnia and Herzegovina,1991,7.2067294121,7.3757538795
Botswana,1991,5.6104402542,6.2034916878
Brazil,1991,9.6332473755,6.8706130981
British Virgin Islands,1991,6.7654371262,5.0503253937
Brunei Darussalam,1991,8.0211620331,5.1824421883
Bulgaria,1991,7.7915654182,7.6526470184
Burkina Faso,1991,5.2613525391,6.6539692879
Burundi,1991,5.8106045723,4.7532706261
Cabo Verde,1991,9.3321609497,6.1227040291
Cambodia,1991,5.5380191803,6.3818106651
Cameroon,1991,7.5647902489,8.7919254303
Canada,1991,8.8028144836,9.0117311478
Caribbean small states,1991,9.3975362778,8.3788042068
Cayman Islands,1991,6.4580626488,3.9645113945
Central African Republic,1991,9.0380277634,9.3234510422
Central Europe and the Baltics,1991,7.6509261131,7.1720399857
Chad,1991,5.2346529961,6.4585165977
Chile,1991,5.6859393120,6.2330727577
China,1991,6.5040626526,5.4759221077
Colombia,1991,9.1237792969,5.4615893364
Comoros,1991,6.9608149529,8.8935985565
"Congo, Dem. Rep.",1991,7.2238297462,7.4946756363
"Congo, Rep.",1991,8.6096162796,5.1663985252
Costa Rica,1991,8.5216903687,5.5526118279
Cote d'Ivoire,1991,9.5376405716,8.4490737915
Croatia,1991,8.1120204926,6.9086823463
Cuba,1991,7.6266899109,7.0766239166
Cyprus,1991,9.5020828247,7.4236412048
Czechia,1991,7.4761939049,6.6393475533
Denmark,1991,9.4278087616,6.6206579208
Djibouti,1991,7.1982817650,6.8234548569
Dominica,1991,9.2997131348,6.5875253677
Dominican Republic,1991,9.4397888184,6.8818964958
Early-demographic dividend,1991,7.1813039780,3.9276089668
East Asia & Pacific,1991,6.9212656021,4.3869595528
East Asia & Pacific (IDA & IBRD countries),1991,6.1754350662,5.5542287827
East Asia & Pacific (excluding high income),1991,6.2440447807,5.5138273239
Ecuador,1991,5.8516950607,4.6864857674
"Egypt, Arab Rep.",1991,9.7351169586,6.5357375145
El Salvador,1991,9.1827363968,5.9350972176
Equatorial Guinea,1991,8.6799468994,8.6401233673
Estonia,1991,7.1761279106,7.8226180077
Eswatini,1991,9.2309265137,5.5668005943
Ethiopia,1991,7.1881175041,8.0319433212
Euro area,1991,6.8138976097,3.4581825733
Europe & Central Asia,1991,6.8610620499,3.4204740524
Europe & Central Asia (IDA & IBRD countries),1991,6.9644241333,8.9153108597
Europe & Central Asia (excluding high income),1991,7.3155765533,8.8336238861
European Union,1991,6.7613205910,3.4856767654
Faroe Islands,1991,8.5619344711,7.3311796188
Fiji,1991,8.0601758957,8.0735425949
Finland,1991,6.8638091087,8.6634559631
Fragile and conflict affected situations,1991,6.8430299759,8.7991218567
France,1991,10.1475439072,7.1593570709
French Polynesia,1991,7.5360140800,4.7041783333
Gabon,1991,6.0202922821,6.1731085777
"Gambia, The",1991,8.0566196442,4.9737977982
Georgia,1991,7.9469022751,6.7488956451
Germany,1991,6.6309103966,4.1428947449
Ghana,1991,6.1174364090,4.8670139313
Gibraltar,1991,6.2814688683,3.7534120083
Greece,1991,7.9510092735,5.0673651695
Greenland,1991,9.3471899033,8.5901374817
Grenada,1991,9.1098833084,6.7676215172
Guam,1991,6.6761364937,5.0602331161
Guatemala,1991,7.4351849556,4.9808259010
Guinea,1991,8.5799837112,4.8132424355
Guinea-Bissau,1991,5.5629200935,4.7547516823
Guyana,1991,5.4668197632,5.8078646660
Haiti,1991,9.6455688477,5.3362331390
Heavily indebted poor countries (HIPC),1991,9.9688282013,7.7308287621
High income,1991,6.0802021027,3.6095690727
Honduras,1991,7.9435639381,7.8794460297
"Hong Kong SAR, China",1991,6.3688778877,5.0913448334
Hungary,1991,7.7022294998,6.8044080734
IBRD only,1991,7.6599531174,3.4499888420
IDA & IBRD total,1991,7.4959669113,3.5471909046
IDA blend,1991,9.1088151932,5.2614736557
IDA only,1991,9.6209487915,4.9333610535
IDA total,1991,9.1706256866,4.9414534569
Iceland,1991,9.5066337585,8.9255857468
India,1991,9.8099718094,6.6931080818
Indonesia,1991,5.6179399490,5.7796545029
"Iran, Islamic Rep.",1991,5.6878991127,7.2977929115
Iraq,1991,7.9728860855,6.7965602875
Ireland,1991,9.2411355972,5.3238873482
Isle of Man,1991,9.7011814117,5.4110569954
Israel,1991,5.4932794571,6.3060965538
Italy,1991,9.1370286942,4.6291403770
Jamaica,1991,7.3506770134,5.4571194649
Japan,1991,7.4541330338,3.7865931988
Jordan,1991,9.7818374634,5.9641160965
Kazakhstan,1991,7.8119125366,7.1621098518
Kenya,1991,9.5224256516,5.8703212738
Kiribati,1991,6.8337697983,8.3038053513
"Korea, Rep.",1991,5.8834962845,7.1342220306
Kuwait,1991,8.1046152115,7.0782179832
Kyrgyz Republic,1991,7.3701076508,7.6674647331
Lao PDR,1991,6.2661848068,4.8376674652
Late-demographic dividend,1991,7.1970357895,4.3580217361
Latin America & Caribbean,1991,7.9815340042,4.0712442398
Latin America & Caribbean (excluding high income),1991,8.0334491730,4.1128087044
Latin America & the Caribbean (IDA & IBRD countries),1991,7.7697391510,4.1353349686
Latvia,1991,7.9456119537,6.9937524796
Least developed countries: UN classification,1991,9.4457244873,4.9737396240
Lebanon,1991,5.8068699837,7.2227811813
Lesotho,1991,5.3815479279,5.9744896889
Liberia,1991,8.1211452484,6.9511117935
Libya,1991,6.0983304977,7.3816876411
Liechtenstein,1991,9.4728946686,5.3111414909
Lithuania,1991,7.0805673599,8.8151683807
Low & middle income,1991,7.5467443466,3.7263441086
Low income,1991,9.3104724884,4.8482251167
Lower middle income,1991,8.9198799133,4.5683627129
Luxembourg,1991,5.8196372986,6.3987574577
"Macao SAR, China",1991,7.2166380882,5.0291638374
Madagascar,1991,6.8384861946,8.7590856552
Malawi,1991,5.5162572861,6.7668566704
Malaysia,1991,5.7701110840,6.9269719124
Maldives,1991,9.2507724762,6.0919628143
Mali,1991,5.6514611244,7.2883715630
Malta,1991,6.4998164177,5.7091498375
Marshall Islands,1991,9.4591045380,8.2691421509
Mauritania,1991,9.5657300949,5.6504149437
Mauritius,1991,7.3296270370,5.1637105942
Mexico,1991,6.7936606407,4.8510560989
"Micronesia, Fed. Sts.",1991,5.6529030800,6.0235671997
"Middle East, North Africa, Afghanistan & Pakistan",1991,8.9677295685,5.8033084869
"Middle East, North Africa, Afghanistan & Pakistan (IDA & IBRD)",1991,10.1553220749,6.8765950203
"Middle East, North Africa, Afghanistan & Pakistan (excluding high income)",1991,10.0668964386,6.9174141884
Middle income,1991,7.6444745064,3.6119723320
Moldova,1991,8.1585283279,6.9178004265
Monaco,1991,9.8185291290,6.4974341393
Mongolia,1991,7.0566778183,7.5984601974
Morocco,1991,5.2177324295,5.9176955223
Mozambique,1991,5.7153382301,4.5044517517
Myanmar,1991,8.7059745789,9.1267976761
Namibia,1991,5.9930148125,6.6579122543
Nauru,1991,7.9211297035,6.8949079514
Nepal,1991,5.3371934891,5.3997874260
Netherlands,1991,8.5988693237,5.2625517845
New Caledonia,1991,5.5517196655,4.5886096954
New Zealand,1991,8.6927738190,8.9416103363
Nicaragua,1991,9.5562486649,8.8451471329
Niger,1991,9.0289859772,9.4088621140
Nigeria,1991,9.6734848022,7.6673374176
North America,1991,6.5925512314,3.6633400917
North Macedonia,1991,6.9700741768,8.5564851761
Norway,1991,7.7826790810,5.3715820312
OECD members,1991,6.0236396790,3.5148715973
Oman,1991,5.7121920586,5.6543111801
Other small states,1991,9.1557168961,9.5866260529
Pacific island small states,1991,8.9603023529,9.4369955063
Pakistan,1991,6.2073974609,4.3014335632
Palau,1991,5.7983145714,5.0282349586
Panama,1991,6.1394467354,6.8292179108
Papua New Guinea,1991,5.8919286728,6.9578819275
Paraguay,1991,7.1912565231,4.7616262436
Peru,1991,8.5810670853,4.3059973717
Philippines,1991,9.3358926773,9.5058002472
Poland,1991,7.0263943672,8.2164878845
Portugal,1991,6.5116257668,4.8480505943
Post-demographic dividend,1991,6.1719560623,3.6337335110
Pre-demographic dividend,1991,7.2038040161,7.6105403900
Puerto Rico (US),1991,8.5326347351,5.5386128426
Qatar,1991,8.4742317200,8.4782934189
Romania,1991,7.9048800468,6.7215790749
Russian Federation,1991,6.9760780334,8.9704055786
Rwanda,1991,8.2886676788,9.0981187820
Samoa,1991,8.2549762726,8.4747371674
San Marino,1991,6.7312688828,4.5827989578
Sao Tome and Principe,1991,9.5882034302,6.3135004044
Saudi Arabia,1991,5.9901380539,6.5935015678
Senegal,1991,8.2215614319,4.9613184929
Seychelles,1991,8.3761711121,4.7238888741
Sierra Leone,1991,8.5722055435,4.9679403305
Singapore,1991,5.9411067963,5.8488645554
Slovak Republic,1991,7.8565974236,6.9425315857
Slovenia,1991,6.9449567795,7.5220561028
Small states,1991,9.3756036758,9.2252006531
Solomon Islands,1991,5.7805027962,5.6274218559
"Somalia, Fed. Rep.",1991,8.0701885223,4.7689309120
South Africa,1991,8.6274881363,8.8009748459
South Asia,1991,9.9163417816,5.7147336006
South Asia (IDA & IBRD),1991,9.9415388107,5.6957440376
Spain,1991,8.8027915955,4.4038782120
Sri Lanka,1991,6.1074256897,5.1090712547
St. Kitts and Nevis,1991,8.2910566330,7.9477920532
St. Lucia,1991,9.5545015335,7.9301910400
St. Vincent and the Grenadines,1991,9.6859827042,6.8013319969
Sub-Saharan Africa,1991,9.9004964828,7.7234048843
Sub-Saharan Africa (IDA & IBRD countries),1991,9.9845504761,7.7363667488
Sub-Saharan Africa (excluding high income),1991,9.9405994415,7.5728149414
Sudan,1991,5.2473764420,6.2645797729
Suriname,1991,8.1495676041,5.3415694237
Sweden,1991,8.7559604645,8.2385120392
Switzerland,1991,9.2870845795,8.9979925156
Syrian Arab Republic,1991,5.1667103767,6.0824723244
Tajikistan,1991,7.0871443748,8.1181259155
Tanzania,1991,9.2739810944,4.7164368629
Thailand,1991,6.2894535065,6.7720952034
Timor-Leste,1991,5.7321887016,7.2377033234
Togo,1991,9.1248807907,9.2360544205
Tonga,1991,6.3874921799,6.2431659698
Trinidad and Tobago,1991,7.8481216431,4.6473078728
Tunisia,1991,7.6405954361,5.4998974800
Turkiye,1991,9.6783065796,7.2954897881
Turkmenistan,1991,7.5499725342,8.3318147659
Tuvalu,1991,7.3029570580,5.0290412903
Uganda,1991,5.7280554771,5.1562271118
Ukraine,1991,7.2780332565,7.4535713196
United Arab Emirates,1991,9.7334327698,7.0088376999
United Kingdom,1991,9.4379901886,9.3735103607
United States,1991,6.4925632477,3.6922564507
Upper middle income,1991,7.4756221771,3.8356730938
Uruguay,1991,7.5133838654,4.6750903130
Uzbekistan,1991,9.3237390518,9.4393444061
Vanuatu,1991,8.0575923920,4.7761406898
"Venezuela, RB",1991,5.5952987671,7.1154594421
Viet Nam,1991,5.9993820190,5.8258600235
World,1991,5.9929418564,3.4631435871
"Yemen, Rep.",1991,5.2309741974,5.5394539833
Zambia,1991,9.4000186920,8.3863029480
Zimbabwe,1991,5.5081081390,4.7723994255
Africa Eastern and Southern,1992,16.9931068420,5.9101061821
Africa Western and Central,1992,16.5869255066,8.8889617920
Albania,1992,18.3666133881,6.9380602837
Algeria,1992,16.2861595154,8.3233480453
Andorra,1992,16.0794601440,7.5491938591
Angola,1992,17.7984104156,6.8289718628
Antigua and Barbuda,1992,16.7256336212,7.6006631851
Arab World,1992,19.6643810272,9.3139009476
Argentina,1992,19.7935104370,9.1657810211
Armenia,1992,17.4943256378,7.7689657211
Aruba,1992,18.8632221222,8.6758365631
Australia,1992,15.9937772751,6.8216972351
Austria,1992,16.4025821686,8.9416933060
Azerbaijan,1992,17.5248184204,8.1734104156
"Bahamas, The",1992,17.8446445465,6.1216278076
Bahrain,1992,19.3685226440,8.5137090683
Bangladesh,1992,19.0591678619,10.2359151840
Barbados,1992,17.5487957001,7.0698680878
Belarus,1992,18.0232334137,7.2500920296
Belgium,1992,16.4815177917,8.0052890778
Belize,1992,19.4744682312,6.2922210693
Benin,1992,16.9074440002,9.3129014969
Bermuda,1992,16.1934146881,6.4699687958
Bhutan,1992,17.9124984741,9.8206748962
Bolivia,1992,16.3914604187,7.7947821617
Bosnia and Herzegovina,1992,18.1624736786,6.7344269753
Botswana,1992,17.0186100006,9.4474534988
Brazil,1992,16.3135929108,6.1638927460
Brunei Darussalam,1992,17.2743873596,6.3616223335
Bulgaria,1992,18.1388969421,6.4696512222
Burkina Faso,1992,15.7495489120,6.9241151810
Burundi,1992,15.6611108780,7.4969577789
Cabo Verde,1992,19.5115337372,6.6194548607
Cambodia,1992,19.3507022858,8.9950685501
Cameroon,1992,17.2684364319,5.8317947388
Canada,1992,16.0741825104,7.7285075188
Caribbean small states,1992,17.2274150848,7.7502822876
Central African Republic,1992,18.1933956146,6.4976925850
Central Europe and the Baltics,1992,17.6466083527,6.4176902771
Chad,1992,19.8786449432,9.1215972900
Chile,1992,19.3900985718,6.2658877373
China,1992,19.8524913788,6.3601799011
Colombia,1992,17.4204158783,10.4028358459
Comoros,1992,19.9491672516,8.8843116760
"Congo, Dem. Rep.",1992,17.7706184387,7.4923262596
"Congo, Rep.",1992,16.9955730438,9.1217679977
Costa Rica,1992,19.8768768311,7.5991692543
Cote d'Ivoire,1992,16.4152603149,6.4411053658
Croatia,1992,17.6385574341,7.4448876381
Cuba,1992,17.8086433411,7.2789621353
Cyprus,1992,19.7315502167,7.4448547363
Czechia,1992,16.0343780518,5.8711013794
Denmark,1992,16.8103561401,8.0778274536
Djibouti,1992,17.2453804016,7.2121047974
Dominica,1992,16.7451057434,8.1777763367
Dominican Republic,1992,19.4421482086,6.6260476112
Early-demographic dividend,1992,15.5794887543,10.1162462234
East Asia & Pacific,1992,15.3824291229,9.6772823334
East Asia & Pacific (IDA & IBRD countries),1992,19.7897415161,6.6017780304
East Asia & Pacific (excluding high income),1992,20.0647392273,6.5862231255
Ecuador,1992,16.4682788849,8.5345087051
"Egypt, Arab Rep.",1992,17.7076301575,10.2643270493
El Salvador,1992,19.6468544006,9.1744842529
Equatorial Guinea,1992,19.7609119415,6.0571231842
Eritrea,1992,17.2840881348,7.1988697052
Estonia,1992,17.7301731110,8.4015979767
Eswatini,1992,17.2739982605,9.7743368149
Ethiopia,1992,18.0815277100,7.2820034027
Euro area,1992,15.0801954269,9.6334743500
Europe & Central Asia,1992,14.9720602036,9.3851776123
Europe & Central Asia (IDA & IBRD countries),1992,17.8954944611,7.3854222298
Europe & Central Asia (excluding high income),1992,17.3901004791,6.6695981026
European Union,1992,14.9035444260,9.7484550476
Faroe Islands,1992,17.4016475677,7.1858763695
Fiji,1992,18.6285667419,8.7632875443
Finland,1992,17.4993000031,5.6995787621
Fragile and conflict affected situations,1992,16.2922534943,6.9898767471
France,1992,15.8045272827,8.3716497421
French Polynesia,1992,16.6675529480,5.8679594994
Gabon,1992,17.2703666687,6.3226904869
"Gambia, The",1992,17.2954559326,9.9811229706
Georgia,1992,17.5155220032,7.9138917923
Germany,1992,15.4787969589,9.4650859833
Ghana,1992,17.5606575012,10.1566467285
Greece,1992,15.5186958313,7.4142694473
Greenland,1992,17.6439838409,6.5096960068
Grenada,1992,16.6804389954,6.1783585548
Guam,1992,15.7907571793,9.5719871521
Guatemala,1992,18.2561054230,10.2407188416
Guinea,1992,16.9406242371,10.3742160797
Guinea-Bissau,1992,16.6474895477,7.4338512421
Guyana,1992,19.5629901886,8.7942676544
Haiti,1992,17.9830875397,6.2449707985
Heavily indebted poor countries (HIPC),1992,16.6976661682,6.4058136940
High income,1992,14.9968328476,9.6627855301
Honduras,1992,18.6962947845,8.4269638062
"Hong Kong SAR, China",1992,19.1719017029,9.4220514297
Hungary,1992,17.4223499298,6.2717461586
IBRD only,1992,15.2521162033,9.4377126694
IDA & IBRD total,1992,15.1587190628,9.5170421600
IDA blend,1992,17.2946071625,9.4704093933
IDA only,1992,15.7711849213,7.8864293098
IDA total,1992,16.0836029053,8.7382488251
Iceland,1992,17.1153888702,6.8809065819
India,1992,19.1332988739,10.4563636780
Indonesia,1992,19.1887378693,9.1806840897
"Iran, Islamic Rep.",1992,17.1606941223,10.3683958054
Iraq,1992,19.5640392303,6.1594805717
Ireland,1992,17.2823867798,9.6686773300
Isle of Man,1992,15.7996234894,7.5527114868
Israel,1992,19.0389156342,8.3676204681
Italy,1992,15.7458763123,7.1868724823
Jamaica,1992,16.7382221222,8.7647237778
Japan,1992,15.3589353561,9.2728729248
Jordan,1992,19.8734474182,6.0041489601
Kazakhstan,1992,17.9041728973,6.6949725151
Kenya,1992,16.7777538300,6.1793770790
Kiribati,1992,19.5745239258,5.9316477776
"Korea, Rep.",1992,19.0194702148,8.7850255966
Kuwait,1992,19.7099781036,6.0912847519
Kyrgyz Republic,1992,17.8602447510,7.6727261543
Lao PDR,1992,18.4425067902,10.0430107117
Late-demographic dividend,1992,15.4558591843,8.9461145401
Latin America & Caribbean,1992,16.1866950989,9.5855684280
Latin America & Caribbean (excluding high income),1992,15.9941844940,9.3200683594
Latin America & the Caribbean (IDA & IBRD countries),1992,16.0921134949,9.6928272247
Latvia,1992,17.6136646271,8.0262031555
Least developed countries: UN classification,1992,16.1223907471,7.1911754608
Lebanon,1992,19.4872741699,6.0110974312
Lesotho,1992,19.9807605743,9.1653699875
Liberia,1992,17.5913848877,7.7101168633
Libya,1992,17.3403263092,6.0223755836
Liechtenstein,1992,17.1942443848,10.2838182449
Lithuania,1992,17.8672161102,8.2612943649
Low & middle income,1992,15.3393383026,10.0407228470
Low income,1992,15.4855241776,7.4813766479
Lower middle income,1992,16.8996982574,10.4898347855
Luxembourg,1992,16.7040309906,8.2552165985
"Macao SAR, China",1992,20.0565795898,6.1135144234
Madagascar,1992,15.7353248596,7.5641813278
Malawi,1992,18.3755531311,6.9876117706
Malaysia,1992,18.6003475189,9.2648906708
Maldives,1992,19.2746238708,9.5767173767
Mali,1992,17.3790092468,5.7956252098
Malta,1992,17.7499866486,9.4176473618
Marshall Islands,1992,19.4841670990,8.8685474396
Mauritania,1992,16.5727443695,8.4401102066
Mauritius,1992,18.9438266754,8.6720275879
Mexico,1992,16.7995395660,10.5784263611
"Micronesia, Fed. Sts.",1992,17.7625236511,10.1801309586
"Middle East, North Africa, Afghanistan & Pakistan",1992,19.5435752869,9.3994703293
"Middle East, North Africa, Afghanistan & Pakistan (IDA & IBRD)",1992,17.9419727325,10.5265703201
"Middle East, North Africa, Afghanistan & Pakistan (excluding high income)",1992,18.0014553070,10.5866117477
Middle income,1992,15.3489589691,10.1126375198
Moldova,1992,17.4268608093,7.6495604515
Monaco,1992,16.2334270477,8.0673379898
Mongolia,1992,18.5069942474,7.3636455536
Morocco,1992,17.1119575500,5.9893684387
Mozambique,1992,18.3656749725,7.0245971680
Myanmar,1992,19.8840427399,7.4911112785
Namibia,1992,19.4502658844,8.7314758301
Nauru,1992,17.5964660645,7.9739184380
Nepal,1992,17.5466976166,10.4933061600
Netherlands,1992,16.2444324493,8.3577938080
New Caledonia,1992,16.2763423920,7.2678403854
New Zealand,1992,16.7023258209,7.4491853714
Nicaragua,1992,16.3514461517,6.9898777008
Niger,1992,16.2796573639,8.9733304977
Nigeria,1992,18.2926139832,9.8790702820
North America,1992,14.9636898041,9.3958616257
North Macedonia,1992,18.2986469269,6.8572797775
Norway,1992,17.3997001648,9.9522418976
OECD members,1992,14.8472175598,9.8487291336
Oman,1992,19.8959293365,8.0910320282
Other small states,1992,17.3006286621,5.9105882645
Pacific island small states,1992,18.2161083221,9.5422239304
Pakistan,1992,19.6638774872,8.8857793808
Palau,1992,18.0497646332,6.5978579521
Panama,1992,19.5331211090,7.9539036751
Papua New Guinea,1992,19.6223907471,6.1257567406
Paraguay,1992,16.2975940704,8.6613616943
Peru,1992,16.1847877502,6.3244814873
Philippines,1992,16.0389175415,7.1493144035
Poland,1992,17.2108230591,8.9781894684
Portugal,1992,16.8318061829,7.4120249748
Post-demographic dividend,1992,14.7882852554,9.9003343582
Pre-demographic dividend,1992,16.2976341248,9.0220403671
Puerto Rico (US),1992,18.0868835449,9.6831808090
Qatar,1992,19.7142353058,6.3674159050
Romania,1992,18.5235996246,7.4320616722
Russian Federation,1992,17.7390537262,7.9895973206
Rwanda,1992,19.3978996277,9.7871437073
Samoa,1992,16.1130104065,6.4033207893
San Marino,1992,15.5511226654,9.0214624405
Sao Tome and Principe,1992,15.7403860092,7.1583285332
Saudi Arabia,1992,17.7805614471,9.8790407181
Senegal,1992,15.8872327805,8.0059528351
Seychelles,1992,19.5113105774,9.0697069168
Sierra Leone,1992,17.8987827301,8.1453485489
Singapore,1992,18.9399147034,9.2271413803
Slovak Republic,1992,18.0136337280,6.5887331963
Slovenia,1992,17.9710540771,6.6852045059
Small states,1992,16.6545753479,6.1357879639
Solomon Islands,1992,19.9409103394,6.6647963524
"Somalia, Fed. Rep.",1992,18.3606472015,7.2480587959
South Africa,1992,16.8318328857,5.7946281433
South Asia,1992,19.0576114655,10.4637460709
South Asia (IDA & IBRD),1992,19.0616321564,10.4206676483
Spain,1992,15.7286481857,7.6065554619
Sri Lanka,1992,17.9845867157,10.0177221298
St. Kitts and Nevis,1992,18.1161403656,9.5289602280
St. Lucia,1992,19.5035972595,7.9845752716
St. Vincent and the Grenadines,1992,18.7930221558,8.5904893875
Sub-Saharan Africa,1992,16.0387973785,5.7613306046
Sub-Saharan Africa (IDA & IBRD countries),1992,15.9472532272,5.6545276642
Sub-Saharan Africa (excluding high income),1992,16.0223217010,5.7706813812
Sudan,1992,19.5029373169,9.7077627182
Suriname,1992,16.8864002228,7.0790605545
Sweden,1992,16.3706035614,5.8465781212
Switzerland,1992,15.9035501480,6.2654857635
Syrian Arab Republic,1992,19.4419670105,6.1697130203
Tajikistan,1992,17.4155387878,7.7820253372
Tanzania,1992,15.3818988800,7.4424152374
Thailand,1992,19.9502182007,7.9487257004
Timor-Leste,1992,19.8477649689,6.9190874100
Togo,1992,17.5940265656,5.7522926331
Tonga,1992,16.1209030151,6.7802457809
Trinidad and Tobago,1992,19.5499782562,7.0151505470
Tunisia,1992,19.4352016449,8.3633842468
Turkiye,1992,18.3495216370,10.0870800018
Turkmenistan,1992,17.7122325897,8.0059328079
Tuvalu,1992,16.9942169189,9.2768831253
Uganda,1992,16.9812240601,10.5016040802
Ukraine,1992,18.1067886353,7.2652487755
United Arab Emirates,1992,17.2456932068,10.2415399551
United Kingdom,1992,15.8411474228,6.9928154945
United States,1992,14.9997577667,9.6668386459
Upper middle income,1992,15.4864711761,10.0533266068
Uruguay,1992,19.8190135956,8.7903842926
Uzbekistan,1992,17.6248321533,7.2755398750
Vanuatu,1992,17.0531711578,8.8453903198
"Venezuela, RB",1992,19.5442695618,9.5695381165
Viet Nam,1992,20.0640010834,7.7666006088
World,1992,14.9198503494,9.7242755890
"Yemen, Rep.",1992,19.7812919617,8.9343919754
Zambia,1992,16.8616638184,6.3147959709
Zimbabwe,1992,18.6033306122,7.2861061096
Africa Eastern and Southern,1993,11.8785467148,-0.8035533428
Africa Western and Central,1993,12.2953987122,-0.1402629763
Albania,1993,11.6273822784,1.0430620909
Algeria,1993,12.7193031311,0.4346863925
Andorra,1993,11.7984085083,-0.2266315818
Angola,1993,14.1030874252,1.1140388250
Antigua and Barbuda,1993,10.2472419739,2.7956480980
Arab World,1993,8.8365936279,2.3694713116
Argentina,1993,11.6935081482,2.0265123844
Armenia,1993,12.3446445465,2.9088413715
Aruba,1993,11.1572341919,1.5099544525
Australia,1993,8.9356641769,3.6058864594
Austria,1993,9.9708528519,-0.2945902348
Azerbaijan,1993,14.0360374451,0.9949997067
"Bahamas, The",1993,10.7851972580,0.4468345344
Bahrain,1993,11.4534111023,1.4088168144
Bangladesh,1993,9.5706615448,3.8622403145
Barbados,1993,10.3776206970,0.6581913829
Belarus,1993,13.0087165833,1.8501384258
Belgium,1993,12.2797660828,-0.8303007483
Belize,1993,10.7248601913,2.1413981915
Benin,1993,10.5600433350,2.7163569927
Bermuda,1993,8.7611808777,1.9207161665
Bhutan,1993,9.2334270477,1.2272281647
Bolivia,1993,9.2181377411,3.2227098942
Bosnia and Herzegovina,1993,12.5522928238,0.5777830482
Botswana,1993,9.3901519775,0.7982571721
Brazil,1993,11.4758062363,3.4703958035
Brunei Darussalam,1993,11.1219978333,-0.1903784871
Bulgaria,1993,12.0250558853,-0.1245942414
Burkina Faso,1993,8.7153234482,2.6247856617
Burundi,1993,13.4608554840,2.2050189972
Cabo Verde,1993,11.4264945984,1.8623230457
Cambodia,1993,9.2442569733,3.5593333244
Cameroon,1993,13.5853357315,2.0630233288
Canada,1993,9.2595462799,2.4821989536
Caribbean small states,1993,10.7913894653,0.7793070674
Cayman Islands,1993,12.4382143021,3.4095621109
Central African Republic,1993,10.1799898148,-0.0355568416
Central Europe and the Baltics,1993,10.8545780182,0.4066388011
Chad,1993,14.4762935638,0.7977553010
Chile,1993,11.0553483963,2.2710847855
China,1993,12.1827163696,2.3403468132
Colombia,1993,10.4685659409,3.3447670937
Comoros,1993,8.6022758484,1.8696148396
"Congo, Dem. Rep.",1993,14.3521099091,0.8007319570
"Congo, Rep.",1993,11.7534360886,-0.1838391274
Costa Rica,1993,10.9832439423,1.6263681650
Cote d'Ivoire,1993,11.4178590775,-0.3899708390
Croatia,1993,13.2581701279,1.8555876017
Cuba,1993,14.7153072357,1.0008101463
Cyprus,1993,10.0909919739,0.6270334125
Czechia,1993,11.4621162415,0.4687757790
Denmark,1993,11.2821226120,-0.2563840449
Djibouti,1993,10.7224483490,1.3674225807
Dominica,1993,9.6556053162,1.3311238289
Dominican Republic,1993,11.0556888580,1.5936002731
Early-demographic dividend,1993,11.8623151779,4.3706746101
East Asia & Pacific,1993,12.1832609177,4.1519808769
East Asia & Pacific (IDA & IBRD countries),1993,12.1471290588,2.1375403404
East Asia & Pacific (excluding high income),1993,12.2491493225,2.1028881073
Ecuador,1993,8.7944755554,0.9706500173
"Egypt, Arab Rep.",1993,8.6348810196,2.2301344872
El Salvador,1993,10.4032249451,2.4727735519
Equatorial Guinea,1993,11.7462043762,1.2120302916
Eritrea,1993,11.7180776596,1.4609800577
Estonia,1993,13.0038414001,2.3698136806
Eswatini,1993,9.0796175003,2.0967302322
Ethiopia,1993,11.9117422104,1.0951913595
Euro area,1993,12.2454862595,3.6684567928
Europe & Central Asia,1993,12.3353004456,3.6358888149
Europe & Central Asia (IDA & IBRD countries),1993,13.0867185593,2.3723578453
Europe & Central Asia (excluding high income),1993,12.6318473816,0.4938542843
European Union,1993,12.2570400238,3.6604123116
Faroe Islands,1993,11.6307601929,0.7037728429
Fiji,1993,10.0579328537,1.3253666162
Finland,1993,11.5802049637,-0.7500571012
Fragile and conflict affected situations,1993,12.6531763077,0.3870830834
France,1993,11.8324279785,-1.1046603918
French Polynesia,1993,12.1658916473,-0.2661951482
Gabon,1993,8.9092216492,3.1212477684
"Gambia, The",1993,8.9893932343,2.1533396244
Georgia,1993,14.3691835403,0.8860713840
Germany,1993,12.2485389709,-0.4452016056
Ghana,1993,9.6818227768,3.7405815125
Greece,1993,12.4820232391,0.1690221429
Greenland,1993,13.1819076538,2.0495376587
Grenada,1993,12.4131193161,0.4079582095
Guam,1993,12.2182836533,3.0294907093
Guatemala,1993,8.8279371262,3.1190795898
Guinea,1993,10.1004371643,3.3263940811
Guinea-Bissau,1993,8.7085380554,0.8861615658
Guyana,1993,11.2814817429,2.0778613091
Haiti,1993,13.2348413467,2.1931641102
Heavily indebted poor countries (HIPC),1993,10.1486301422,0.0005411388
High income,1993,12.6708040237,3.2854044437
Honduras,1993,10.7389831543,1.8415447474
"Hong Kong SAR, China",1993,10.5357074738,3.2675764561
Hungary,1993,11.6139516830,-0.3293770552
IBRD only,1993,12.0726881027,4.4820332527
IDA & IBRD total,1993,12.2661495209,4.2729845047
IDA blend,1993,10.6236801147,-0.1628100723
IDA only,1993,8.8589496613,1.1020648479
IDA total,1993,9.8055639267,0.2170692086
Iceland,1993,9.6997241974,0.7843922377
India,1993,9.6100492477,4.2377023697
Indonesia,1993,10.8949165344,2.4049522877
"Iran, Islamic Rep.",1993,11.9576368332,-0.0903931707
Iraq,1993,12.1188058853,1.4685887098
Ireland,1993,9.3917179108,1.7635611296
Isle of Man,1993,9.0756263733,1.3596031666
Israel,1993,9.0500669479,3.5016152859
Italy,1993,12.0498723984,-1.0989027023
Jamaica,1993,11.8045425415,1.5514180660
Japan,1993,12.1378002167,3.1904637814
Jordan,1993,9.2166671753,3.3275380135
Kazakhstan,1993,13.3059015274,1.5976394415
Kenya,1993,10.3089294434,-0.3520640731
Kiribati,1993,10.8322076797,0.2319039851
"Korea, Rep.",1993,11.0959148407,2.2508821487
Kuwait,1993,12.1081895828,1.8670191765
Kyrgyz Republic,1993,14.3530855179,0.9957023263
Lao PDR,1993,10.7150373459,2.5581588745
Late-demographic dividend,1993,11.9792804718,4.5898122787
Latin America & Caribbean,1993,11.4695386887,4.1897130013
Latin America & Caribbean (excluding high income),1993,11.5427322388,4.1009378433
Latin America & the Caribbean (IDA & IBRD countries),1993,11.4819278717,4.1926193237
Latvia,1993,13.2325973511,2.3482890129
Least developed countries: UN classification,1993,10.8095254898,-0.5778961778
Lebanon,1993,11.7291517258,1.1606453657
Lesotho,1993,8.8221597672,2.5717792511
Liberia,1993,14.6039352417,1.0151178837
Libya,1993,13.0349092484,2.0083005428
Liechtenstein,1993,9.7257337570,3.8703317642
Lithuania,1993,14.6594800949,0.9155640006
Low & middle income,1993,12.0318450928,4.5452022552
Low income,1993,10.8264999390,-0.6660906672
Lower middle income,1993,8.8550691605,1.2504338026
Luxembourg,1993,9.3289613724,3.2164106369
"Macao SAR, China",1993,10.4002733231,3.1171412468
Madagascar,1993,8.8904943466,1.5188254118
Malawi,1993,11.7811031342,1.3091926575
Malaysia,1993,11.8568792343,2.7842946053
Maldives,1993,10.6601266861,3.2990520000
Mali,1993,8.5336561203,2.3679769039
Malta,1993,9.6692752838,2.8976464272
Marshall Islands,1993,10.8031635284,2.8803386688
Mauritania,1993,10.5474462509,2.6554307938
Mauritius,1993,9.9588842392,2.9315891266
Mexico,1993,8.9459276199,1.8294506073
"Micronesia, Fed. Sts.",1993,11.5244131088,1.9283866882
"Middle East, North Africa, Afghanistan & Pakistan",1993,8.5130500793,1.7941212654
"Middle East, North Africa, Afghanistan & Pakistan (IDA & IBRD)",1993,9.0120229721,0.4712294340
"Middle East, North Africa, Afghanistan & Pakistan (excluding high income)",1993,8.8663597107,0.5965195894
Middle income,1993,11.9767951965,4.5823779106
Moldova,1993,12.1186666489,0.0060124728
Monaco,1993,11.5125427246,-0.1992876381
Mongolia,1993,12.8711433411,0.6616798043
Morocco,1993,11.6675481796,-0.6142500639
Mozambique,1993,12.0163383484,1.4008374214
Myanmar,1993,10.6327552795,2.5788826942
Namibia,1993,12.4119291306,0.0513673238
Nauru,1993,14.4455442429,1.0266604424
Nepal,1993,8.9376068115,3.0627722740
Netherlands,1993,9.6501092911,0.4198175669
New Caledonia,1993,10.3006792068,0.2986841500
New Zealand,1993,10.6075181961,2.3272778988
Nicaragua,1993,11.0291604996,-0.4192722142
Niger,1993,10.7097835541,-0.7036188245
Nigeria,1993,12.8443374634,0.5769185424
North America,1993,12.3870344162,3.9095478058
North Macedonia,1993,13.0823926926,1.5067163706
Norway,1993,9.0439128876,2.2821948528
OECD members,1993,12.7924737930,3.3527820110
Oman,1993,10.8423557281,2.8397026062
Other small states,1993,10.6726989746,0.6018524170
Pacific island small states,1993,9.8602447510,1.2275373936
Pakistan,1993,9.0277729034,0.6874697208
Palau,1993,14.0033235550,1.0307161808
Panama,1993,10.6015329361,3.0373997688
Papua New Guinea,1993,11.9092245102,1.2094638348
Paraguay,1993,11.0801124573,3.3849585056
Peru,1993,9.7422761917,3.4015057087
Philippines,1993,8.8297548294,0.4782977402
Poland,1993,8.9901857376,2.7857666016
Portugal,1993,12.7402019501,0.8320102692
Post-demographic dividend,1993,12.6915302277,3.3460936546
Pre-demographic dividend,1993,11.1593656540,-0.7222038507
Puerto Rico (US),1993,9.8853549957,3.2982425690
Qatar,1993,12.3431625366,-0.0336423256
Romania,1993,9.0594320297,0.3131472468
Russian Federation,1993,12.4892864227,2.7370402813
Rwanda,1993,13.6212177277,1.9336675406
Samoa,1993,9.3589906693,3.2221493721
San Marino,1993,12.0229740143,3.0523843765
Sao Tome and Principe,1993,9.5051708221,0.2487159520
Saudi Arabia,1993,10.0663213730,-0.4067735672
Senegal,1993,8.9432134628,0.5820105672
Seychelles,1993,10.9097929001,2.1854653358
Sierra Leone,1993,9.1922130585,0.3314610720
Singapore,1993,11.8333950043,2.6308076382
Slovak Republic,1993,9.7927808762,1.0965843201
Slovenia,1993,9.3221645355,2.0461311340
Small states,1993,10.6120080948,0.7974969149
Solomon Islands,1993,9.1626977921,2.9913344383
"Somalia, Fed. Rep.",1993,9.0253705978,3.4905521870
South Africa,1993,9.3381719589,0.4412708580
South Asia,1993,9.5729408264,4.3039488792
South Asia (IDA & IBRD),1993,9.6058712006,4.2345161438
Spain,1993,12.1272134781,-1.0564296246
Sri Lanka,1993,10.8374719620,1.7336804867
St. Kitts and Nevis,1993,11.0177116394,2.0760121346
St. Lucia,1993,10.5346117020,0.5805311799
St. Vincent and the Grenadines,1993,9.9025678635,3.6498041153
Sub-Saharan Africa,1993,12.0117082596,-1.0883098841
Sub-Saharan Africa (IDA & IBRD countries),1993,11.9795732498,-1.1508402824
Sub-Saharan Africa (excluding high income),1993,12.2842006683,-0.9652140737
Sudan,1993,9.5143985748,3.8836567402
Suriname,1993,13.5495014191,2.0195651054
Sweden,1993,12.3758544922,0.3675315380
Switzerland,1993,11.4726514816,0.0690178052
Syrian Arab Republic,1993,11.1882848740,2.9307827950
Tajikistan,1993,14.5088844299,0.8230154514
Tanzania,1993,9.3256120682,0.0628960282
Thailand,1993,11.3709840775,1.7670807838
Timor-Leste,1993,11.9493274689,1.6494030952
Togo,1993,14.5068721771,1.1426759958
Tonga,1993,9.4955692291,3.4554703236
Trinidad and Tobago,1993,11.2561426163,-0.0937851369
Tunisia,1993,9.4466838837,1.0772806406
Turkiye,1993,11.2305822372,1.6112508774
Turkmenistan,1993,10.0199298859,0.8135359883
Tuvalu,1993,9.4269800186,3.3565192223
Uganda,1993,11.7252235413,1.8938125372
Ukraine,1993,14.4540309906,0.8271421194
United Arab Emirates,1993,9.2280979156,0.5511275530
United Kingdom,1993,9.1211395264,1.4238425493
United States,1993,12.4072513580,3.8508791924
Upper middle income,1993,12.1578874588,4.6466927528
Uruguay,1993,8.6263036728,1.7287988663
Uzbekistan,1993,12.6769189835,0.7918114662
Vanuatu,1993,10.0037975311,0.4556385577
"Venezuela, RB",1993,10.3796901703,-0.1246562004
Viet Nam,1993,11.5633573532,1.9051206112
World,1993,12.9360189438,3.2305436134
"Yemen, Rep.",1993,9.2143058777,3.8082716465
Zambia,1993,10.9308128357,1.7588061094
Zimbabwe,1993,9.6675233841,-0.1386565566
Africa Eastern and Southern,1994,7.3585839272,6.7303552628
Africa Western and Central,1994,6.6781787872,9.8524208069
Albania,1994,3.8980987072,8.3965692520
Algeria,1994,6.5543012619,9.9669847488
Andorra,1994,6.8631377220,7.1796030998
Angola,1994,7.4048762321,8.4105119705
Antigua and Barbuda,1994,4.0852251053,7.7172961235
Arab World,1994,6.3020396233,6.4212236404
Argentina,1994,3.7115216255,6.8299174309
Armenia,1994,4.3306322098,7.1012039185
Aruba,1994,5.0403189659,8.5907859802
Australia,1994,6.4089527130,6.6127939224
Austria,1994,6.8646125793,7.3065118790
Azerbaijan,1994,5.5374221802,8.7593441010
"Bahamas, The",1994,6.6111249924,7.4904408455
Bahrain,1994,6.7218222618,9.1367101669
Bangladesh,1994,5.4586730003,6.4519701004
Barbados,1994,6.3388419151,8.1974754333
Belarus,1994,4.9721398354,9.3926553726
Belgium,1994,5.7785873413,7.6198701859
Belize,1994,6.7265920639,8.9216079712
Benin,1994,7.2230882645,7.0319638252
Bermuda,1994,7.1711640358,9.0984926224
Bhutan,1994,4.9100251198,7.2424774170
Bolivia,1994,4.2590489388,6.7060289383
Bosnia and Herzegovina,1994,4.8010735512,8.1833381653
Botswana,1994,6.2787528038,7.9173064232
Brazil,1994,3.7839756012,6.8480067253
Brunei Darussalam,1994,7.6012377739,9.0498981476
Bulgaria,1994,7.5230331421,7.2909703255
Burkina Faso,1994,7.6484699249,8.2148847580
Burundi,1994,5.3997726440,10.2531480789
Cabo Verde,1994,5.3203263283,8.1293468475
Cambodia,1994,5.8595070839,8.5917577744
Cameroon,1994,7.6260042191,7.6665067673
Canada,1994,3.6355683804,6.7447066307
Caribbean small states,1994,5.8799777031,7.8632478714
Cayman Islands,1994,5.4235820770,5.3459501266
Central African Republic,1994,4.9320440292,6.4326910973
Central Europe and the Baltics,1994,5.6365432739,7.4426302910
Chad,1994,4.3002443314,8.3772830963
Chile,1994,4.5205917358,6.5462012291
China,1994,4.3713579178,5.2094936371
Colombia,1994,3.7665352821,6.5995645523
Comoros,1994,5.4033722878,10.1618471146
"Congo, Dem. Rep.",1994,5.4801874161,10.2981948853
"Congo, Rep.",1994,5.5346336365,9.7697668076
Costa Rica,1994,5.2170810699,7.6282367706
Cote d'Ivoire,1994,7.5670170784,8.8736801147
Croatia,1994,3.8337280750,6.6919932365
Cuba,1994,7.3484735489,9.1511287689
Cyprus,1994,3.5989346504,6.9525299072
Czechia,1994,6.3492560387,7.6205182076
Denmark,1994,4.1952533722,6.3532309532
Djibouti,1994,5.1036043167,7.8976573944
Dominica,1994,6.5814604759,9.1620121002
Dominican Republic,1994,6.5135231018,7.6281957626
Early-demographic dividend,1994,4.9510965347,5.0343337059
East Asia & Pacific,1994,5.0360555649,5.1148076057
East Asia & Pacific (IDA & IBRD countries),1994,4.2186903954,5.2533693314
East Asia & Pacific (excluding high income),1994,4.1861696243,5.2374196053
Ecuador,1994,5.2887039185,6.4532661438
"Egypt, Arab Rep.",1994,6.1840219498,6.4446873665
El Salvador,1994,5.0499997139,6.4053487778
Equatorial Guinea,1994,5.4064254761,8.1842098236
Eritrea,1994,5.2989149094,8.2513360977
Estonia,1994,5.9643864632,9.4255590439
Eswatini,1994,6.9704632759,7.4475765228
Ethiopia,1994,5.9263963699,7.3658738136
Euro area,1994,6.9334487915,5.8809266090
Europe & Central Asia,1994,6.6740899086,5.6808228493
Europe & Central Asia (IDA & IBRD countries),1994,4.5405993462,9.7156305313
Europe & Central Asia (excluding high income),1994,4.4551749229,9.9007091522
European Union,1994,6.8207540512,5.7916779518
Faroe Islands,1994,5.8316788673,8.3501472473
Fiji,1994,4.4417672157,6.9911108017
Finland,1994,5.7038502693,6.7897357941
Fragile and conflict affected situations,1994,5.6161804199,9.9727878571
France,1994,7.2113075256,6.8577513695
French Polynesia,1994,6.1041660309,9.5929880142
Gabon,1994,5.7643775940,7.1993722916
"Gambia, The",1994,6.8359708786,9.8523721695
Georgia,1994,4.7724385262,9.8340044022
Germany,1994,6.9303431511,6.0245342255
Ghana,1994,6.0227155685,6.9273452759
Greece,1994,7.4593796730,7.4696903229
Greenland,1994,3.5316236019,6.8857893944
Grenada,1994,6.4452800751,8.4266061783
Guam,1994,5.9970788956,5.5910758972
Guatemala,1994,5.6704444885,6.4187612534
Guinea,1994,5.5285110474,6.5366344452
Guinea-Bissau,1994,5.9572777748,6.9121651649
Guyana,1994,3.6165926456,8.4097900391
Haiti,1994,4.4659705162,9.7199106216
Heavily indebted poor countries (HIPC),1994,6.8859415054,9.9589719772
High income,1994,6.1244711876,5.3458414078
Honduras,1994,6.8984956741,9.4784097672
"Hong Kong SAR, China",1994,3.4229996204,6.7907280922
Hungary,1994,6.6102790833,6.7185020447
IBRD only,1994,5.0043926239,4.8294749260
IDA & IBRD total,1994,5.0017094612,4.8599972725
IDA blend,1994,7.4907631874,8.9350204468
IDA only,1994,7.6327085495,8.9554901123
IDA total,1994,7.4941592216,9.0522851944
Iceland,1994,5.5185728073,5.9062881470
India,1994,3.1332552433,7.5419669151
Indonesia,1994,3.8687109947,8.9536046982
"Iran, Islamic Rep.",1994,6.1688313484,10.1352910995
Iraq,1994,5.5391068459,7.3870692253
Ireland,1994,3.9573884010,7.0797052383
Isle of Man,1994,5.4519667625,6.6072907448
Israel,1994,3.1167855263,8.3198823929
Italy,1994,7.5536036491,6.9941520691
Jamaica,1994,7.3448677063,8.3672924042
Japan,1994,5.3043041229,5.0604805946
Jordan,1994,4.1839919090,6.9589719772
Kazakhstan,1994,5.6068854332,8.4542207718
Kenya,1994,7.0374135971,7.1111965179
Kiribati,1994,6.6154246330,8.0028009415
"Korea, Rep.",1994,4.2062034607,8.1187686920
Kuwait,1994,3.9428105354,8.7286863327
Kyrgyz Republic,1994,5.6728587151,8.7030344009
Lao PDR,1994,3.5992460251,8.5600271225
Late-demographic dividend,1994,4.6783528328,4.8284893036
Latin America & Caribbean,1994,4.6951336861,5.4554543495
Latin America & Caribbean (excluding high income),1994,4.4527831078,5.6350870132
Latin America & the Caribbean (IDA & IBRD countries),1994,4.5699901581,5.4782977104
Latvia,1994,7.2807798386,6.5271596909
Least developed countries: UN classification,1994,7.1864786148,9.2704381943
Lebanon,1994,4.0430302620,8.6574125290
Lesotho,1994,3.3015782833,7.2297286987
Liberia,1994,5.7376961708,8.7198057175
Libya,1994,7.3209538460,6.9928479195
Liechtenstein,1994,3.7120277882,7.9969620705
Lithuania,1994,4.5208282471,9.9241991043
Low & middle income,1994,4.6387519836,4.7519402504
Low income,1994,7.6785316467,8.0103883743
Lower middle income,1994,5.0054993629,5.4004402161
Luxembourg,1994,5.3831591606,7.0627636909
"Macao SAR, China",1994,4.8849363327,6.5175681114
Madagascar,1994,7.0440082550,9.6299562454
Malawi,1994,4.7569346428,9.6569309235
Malaysia,1994,3.8061397076,8.1063127518
Maldives,1994,4.0096569061,8.6139926910
Mali,1994,5.6823735237,6.7266411781
Malta,1994,3.4563019276,6.3846530914
Marshall Islands,1994,3.7203824520,6.5109186172
Mauritania,1994,5.7039647102,10.1034593582
Mauritius,1994,5.0974082947,7.1264619827
Mexico,1994,5.0099778175,5.9258341789
"Micronesia, Fed. Sts.",1994,6.5411233902,9.6296939850
"Middle East, North Africa, Afghanistan & Pakistan",1994,6.7974524498,6.3601880074
"Middle East, North Africa, Afghanistan & Pakistan (IDA & IBRD)",1994,7.5690784454,6.3805398941
"Middle East, North Africa, Afghanistan & Pakistan (excluding high income)",1994,7.4419250488,6.5194506645
Middle income,1994,4.7093005180,4.7532205582
Moldova,1994,5.8250527382,8.4656982422
Monaco,1994,7.3198628426,7.2197170258
Mongolia,1994,7.2473659515,7.4429974556
Morocco,1994,4.3309569359,8.2443552017
Mozambique,1994,3.4488458633,7.7976088524
Myanmar,1994,3.9472069740,8.8160781860
Namibia,1994,7.1430306435,8.0870943069
Nauru,1994,5.4068989754,10.1294326782
Nepal,1994,3.5992009640,8.3815526962
Netherlands,1994,6.4794363976,7.1747813225
New Caledonia,1994,7.2008948326,6.4435505867
New Zealand,1994,4.5930185318,6.7495775223
Nicaragua,1994,6.2281618118,6.8169126511
Niger,1994,7.7042412758,7.4653816223
Nigeria,1994,5.9704604149,9.7276868820
North America,1994,5.5722293854,5.1495900154
North Macedonia,1994,5.9191808701,9.2942037582
Norway,1994,4.8247814178,6.6758594513
OECD members,1994,6.1769175529,5.2277808189
Oman,1994,5.7796630859,6.4956741333
Other small states,1994,6.1356277466,7.4241337776
Pacific island small states,1994,4.6290984154,7.3118977547
Pakistan,1994,5.2868833542,5.7467169762
Palau,1994,3.4423158169,8.6786594391
Panama,1994,6.7642364502,7.3114228249
Papua New Guinea,1994,3.5714893341,6.8861174583
Paraguay,1994,3.7171220779,6.2153329849
Peru,1994,4.3424477577,8.3517150879
Philippines,1994,5.9883046150,6.2640271187
Poland,1994,4.7068548203,7.4362959862
Portugal,1994,7.9083161354,9.1281890869
Post-demographic dividend,1994,6.1228885651,5.2703704834
Pre-demographic dividend,1994,6.9134449959,9.7603254318
Puerto Rico (US),1994,5.1440143585,7.5532908440
Qatar,1994,6.6759133339,8.2098159790
Romania,1994,5.7536506653,6.2453060150
Russian Federation,1994,4.7631454468,9.2098932266
Rwanda,1994,5.5403084755,8.9562244415
Samoa,1994,5.9043021202,10.1458797455
San Marino,1994,4.8455939293,5.1641812325
Sao Tome and Principe,1994,7.1670928001,7.5558533669
Saudi Arabia,1994,7.8995246887,8.7762575150
Senegal,1994,6.9609546661,9.9148101807
Seychelles,1994,5.8374643326,10.3096656799
Sierra Leone,1994,5.9799566269,10.2220916748
Singapore,1994,3.8035848141,7.7815227509
Slovak Republic,1994,3.8288342953,7.3664402962
Slovenia,1994,4.3298110962,7.2056427002
Small states,1994,5.8268713951,7.4804353714
Solomon Islands,1994,3.6479425430,8.5957412720
"Somalia, Fed. Rep.",1994,5.4859209061,8.7355194092
South Africa,1994,6.9531936646,6.5193891525
South Asia,1994,3.1027421951,7.2594656944
South Asia (IDA & IBRD),1994,3.0740191936,7.2071862221
Spain,1994,7.3505454063,7.0848307610
Sri Lanka,1994,3.4772579670,6.3672137260
St. Kitts and Nevis,1994,4.6491699219,6.8900775909
St. Lucia,1994,6.5475854874,8.5980167389
St. Vincent and the Grenadines,1994,6.0020155907,9.1453638077
Sub-Saharan Africa,1994,7.7658309937,9.3920898438
Sub-Saharan Africa (IDA & IBRD countries),1994,7.7195949554,9.3476734161
Sub-Saharan Africa (excluding high income),1994,7.7031078339,9.3500509262
Sudan,1994,7.2198119164,8.5645608902
Suriname,1994,5.8353180885,7.0466074944
Sweden,1994,5.2190160751,7.0930857658
Switzerland,1994,6.8331351280,8.3607406616
Syrian Arab Republic,1994,3.4241104126,8.7218465805
Tajikistan,1994,5.7880043983,8.9311017990
Tanzania,1994,7.6720547676,8.1171293259
Thailand,1994,4.4673933983,8.6191186905
Timor-Leste,1994,3.3309428692,8.5294437408
Togo,1994,5.4299688339,8.3687038422
Tonga,1994,4.4991965294,6.4928183556
Trinidad and Tobago,1994,5.9918432236,7.2517061234
Tunisia,1994,6.8815846443,7.6547675133
Turkiye,1994,5.2174801826,10.2267189026
Turkmenistan,1994,5.1413106918,8.9928283691
Tuvalu,1994,4.4630074501,8.1251630783
Uganda,1994,3.5419802666,7.5444502831
Ukraine,1994,5.6849546432,8.6159238815
United Arab Emirates,1994,3.3446707726,8.0013990402
United Kingdom,1994,6.9696087837,6.4126405716
United States,1994,5.4860963821,5.0639324188
Upper middle income,1994,4.5811586380,4.8640375137
Uruguay,1994,3.0887963772,8.2919740677
Uzbekistan,1994,5.4498510361,9.5673656464
Vanuatu,1994,4.9502434731,8.4160184860
"Venezuela, RB",1994,5.8432941437,10.2812824249
Viet Nam,1994,4.8119869232,8.5375633240
West Bank and Gaza,1994,6.1033329964,8.6741123199
World,1994,5.8449339867,5.1673555374
"Yemen, Rep.",1994,3.2685277462,8.1326770782
Zambia,1994,4.4652957916,9.7299690247
Zimbabwe,1994,4.7559528351,8.3240919113
Africa Eastern and Southern,1995,9.3080196381,4.0022778511
Africa Western and Central,1995,10.1034908295,7.1916527748
Albania,1995,10.8726673126,4.6559319496
Algeria,1995,8.7061119080,4.3629498482
Andorra,1995,9.1509990692,6.0630793571
Angola,1995,10.6476640701,4.8074040413
Antigua and Barbuda,1995,10.8887872696,5.3551659584
Arab World,1995,8.7594347000,5.3938407898
Argentina,1995,11.4408731461,5.9962439537
Armenia,1995,12.2352142334,3.2420461178
Aruba,1995,9.6977243423,5.8444089890
Australia,1995,8.8552856445,4.8944482803
Austria,1995,9.1987180710,6.3165788651
Azerbaijan,1995,11.6724872589,5.1821622849
"Bahamas, The",1995,9.6560878754,3.9572105408
Bahrain,1995,9.5128612518,4.6765284538
Bangladesh,1995,9.9533939362,3.3428013325
Barbados,1995,10.0803031921,5.7370791435
Belarus,1995,11.9724798203,5.2104778290
Belgium,1995,9.6788940430,6.6660990715
Belize,1995,10.4096717834,5.9908275604
Benin,1995,11.3802490234,2.8498802185
Bermuda,1995,9.6791839600,3.6289455891
Bhutan,1995,12.3801288605,3.3684422970
Bolivia,1995,10.0788602829,3.9422993660
Bosnia and Herzegovina,1995,10.7034969330,4.7615256310
Botswana,1995,12.1651697159,2.9058876038
Brazil,1995,9.9112081528,4.5838203430
Brunei Darussalam,1995,10.2525196075,5.9111948013
Bulgaria,1995,8.5360994339,5.4112763405
Burkina Faso,1995,10.7746543884,2.7103073597
Burundi,1995,11.4178247452,5.4817891121
Cabo Verde,1995,10.7577447891,4.7052097321
Cambodia,1995,11.4946584702,4.4426813126
Cameroon,1995,8.9623899460,6.6046128273
Canada,1995,9.5999612808,5.5454430580
Caribbean small states,1995,9.6177539825,5.4947772026
Cayman Islands,1995,12.9345455170,5.2253537178
Central African Republic,1995,12.4535665512,3.0108823776
Central Europe and the Baltics,1995,11.9812335968,2.7046539783
Chad,1995,10.6932601929,7.3918614388
Chile,1995,12.3670825958,4.4194159508
China,1995,12.7152223587,4.6290302277
Colombia,1995,10.2427310944,3.3428931236
Comoros,1995,8.8361349106,4.4658036232
"Congo, Dem. Rep.",1995,10.9740333557,7.3810763359
"Congo, Rep.",1995,9.2257156372,4.3946895599
Costa Rica,1995,9.9695234299,4.4500479698
Cote d'Ivoire,1995,12.4843540192,4.1753234863
Croatia,1995,11.9336595535,2.6828491688
Cuba,1995,9.4306297302,6.7884192467
Cyprus,1995,11.7457952499,3.7950661182
Czechia,1995,12.8738269806,3.7772722244
Denmark,1995,9.2353725433,5.8012766838
Djibouti,1995,10.5900611877,4.3417878151
Dominica,1995,9.4727535248,5.9386682510
Dominican Republic,1995,10.9703416824,3.1618359089
Early-demographic dividend,1995,13.0018215179,6.3681268692
East Asia & Pacific,1995,13.2774801254,5.3394985199
East Asia & Pacific (IDA & IBRD countries),1995,12.7134933472,4.5913100243
East Asia & Pacific (excluding high income),1995,12.7493839264,4.5284738541
Ecuador,1995,9.8300323486,7.0762009621
"Egypt, Arab Rep.",1995,9.4807806015,3.7331004143
El Salvador,1995,9.2347564697,3.1494557858
Equatorial Guinea,1995,10.5184202194,4.9352011681
Eritrea,1995,9.1101474762,5.8117032051
Estonia,1995,9.7632713318,4.5670514107
Eswatini,1995,9.7479572296,3.3672449589
Ethiopia,1995,10.9807739258,3.1038410664
Euro area,1995,13.5517187119,6.1738839149
Europe & Central Asia,1995,13.3073196411,5.8627109528
Europe & Central Asia (IDA & IBRD countries),1995,11.5606040955,6.8236432076
Europe & Central Asia (excluding high income),1995,10.7318592072,7.1491904259
European Union,1995,13.5144281387,6.1279625893
Faroe Islands,1995,10.5805692673,5.2354879379
Fiji,1995,9.5130624771,6.2191710472
Finland,1995,9.1624269485,4.4088864326
Fragile and conflict affected situations,1995,11.2754173279,6.4995665550
France,1995,8.2907104492,6.4691505432
French Polynesia,1995,11.5534934998,6.5907211304
Gabon,1995,9.9409494400,3.7882332802
"Gambia, The",1995,10.8230857849,7.3162775040
Georgia,1995,9.4160747528,6.2469620705
Germany,1995,12.8868017197,6.3253054619
Ghana,1995,8.8458881378,3.7791204453
Greece,1995,9.6136636734,6.9884009361
Greenland,1995,8.7217063904,4.5963892937
Grenada,1995,9.9362182617,6.5965471268
Guam,1995,12.5418815613,5.9674682617
Guatemala,1995,9.7104749680,3.1917982101
Guinea,1995,9.5423774719,3.8143403530
Guinea-Bissau,1995,8.8970270157,3.7063786983
Guyana,1995,9.4531755447,3.7468428612
Haiti,1995,11.3773889542,4.4322662354
Heavily indebted poor countries (HIPC),1995,9.3425245285,3.0047578812
High income,1995,13.0843124390,5.8367671967
Honduras,1995,11.5925807953,3.4191758633
"Hong Kong SAR, China",1995,9.2360248566,6.1969413757
Hungary,1995,10.3369331360,6.1373338699
IBRD only,1995,13.7344713211,5.9841156006
IDA & IBRD total,1995,13.8396291733,6.0687727928
IDA blend,1995,9.3148117065,6.8226923943
IDA only,1995,9.4123888016,2.8839662075
IDA total,1995,8.9576635361,4.7950196266
Iceland,1995,12.3537549973,5.4422988892
India,1995,12.6787347794,2.4001336098
Indonesia,1995,12.2204780579,3.7518846989
"Iran, Islamic Rep.",1995,9.3461380005,6.8615822792
Iraq,1995,10.0550107956,6.6852040291
Ireland,1995,11.2188920975,3.7026696205
Isle of Man,1995,9.1182365417,3.7258017063
Israel,1995,12.1403141022,2.9915986061
Italy,1995,8.2364425659,6.1723632812
Jamaica,1995,9.1474885941,6.0722794533
Japan,1995,13.3762836456,5.4077019691
Jordan,1995,11.2078313828,3.2952575684
Kazakhstan,1995,11.2005853653,5.3651747704
Kenya,1995,9.0855655670,4.0863156319
Kiribati,1995,9.4805803299,5.9855680466
"Korea, Rep.",1995,11.8825340271,4.4535994530
Kuwait,1995,9.9434986115,4.0439743996
Kyrgyz Republic,1995,10.9684400558,5.4356808662
Lao PDR,1995,11.8876657486,2.8753852844
Late-demographic dividend,1995,13.6351747513,5.5839128494
Latin America & Caribbean,1995,12.5279989243,6.4229550362
Latin America & Caribbean (excluding high income),1995,12.4025869370,6.4044232368
Latin America & the Caribbean (IDA & IBRD countries),1995,12.5353193283,6.3136367798
Latvia,1995,10.8769779205,6.0319080353
Least developed countries: UN classification,1995,10.6570329666,2.7138481140
Lebanon,1995,12.5262098312,2.8929433823
Lesotho,1995,9.2432794571,5.4422178268
Liberia,1995,11.0642986298,5.7278094292
Libya,1995,11.2416210175,6.1092858315
Liechtenstein,1995,10.8186368942,2.6239278316
Lithuania,1995,8.9410858154,5.5449986458
Low & middle income,1995,13.8497066498,6.0897183418
Low income,1995,9.0205888748,3.3314192295
Lower middle income,1995,9.9388418198,2.9797585011
Luxembourg,1995,10.1371116638,6.8348865509
"Macao SAR, China",1995,9.1338768005,4.8666071892
Madagascar,1995,9.8606672287,7.2282028198
Malawi,1995,10.5839138031,4.9064850807
Malaysia,1995,12.9849605560,4.7233247757
Maldives,1995,10.9219932556,4.5756263733
Mali,1995,10.8806991577,7.3561143875
Malta,1995,12.5731296539,3.8334302902
Marshall Islands,1995,11.5001039505,3.6414761543
Mauritania,1995,11.4169368744,4.4467425346
Mauritius,1995,9.5285415649,4.2117147446
Mexico,1995,11.5119161606,5.5656156540
"Micronesia, Fed. Sts.",1995,12.1845817566,3.0914447308
"Middle East, North Africa, Afghanistan & Pakistan",1995,8.5636825562,5.2682752609
"Middle East, North Africa, Afghanistan & Pakistan (IDA & IBRD)",1995,8.1969556808,5.9091587067
"Middle East, North Africa, Afghanistan & Pakistan (excluding high income)",1995,7.9658322334,6.0368814468
Middle income,1995,13.8484306335,6.0365743637
Moldova,1995,11.1494283676,6.4067091942
Monaco,1995,9.8310203552,6.5159888268
Mongolia,1995,12.4508523941,3.2560398579
Morocco,1995,11.0364122391,5.3333926201
Mozambique,1995,9.6942281723,6.9264016151
Myanmar,1995,12.1578922272,3.5566740036
Namibia,1995,9.4400949478,4.8084406853
Nauru,1995,11.3229007721,5.2256383896
Nepal,1995,8.7479295731,4.9189457893
Netherlands,1995,8.5593814850,5.9978909492
New Caledonia,1995,10.6704158783,2.8674077988
New Zealand,1995,9.2802343369,3.1327335835
Nicaragua,1995,10.6394510269,2.7746198177
Niger,1995,9.4309968948,7.0302019119
Nigeria,1995,11.3689565659,6.8066105843
North America,1995,13.2743721008,5.6507630348
North Macedonia,1995,10.7945213318,6.2662072182
Norway,1995,9.2216176987,4.4891562462
OECD members,1995,13.0080566406,5.8107585907
Oman,1995,9.3651371002,3.4247980118
Other small states,1995,9.4539432526,3.8980991840
Pacific island small states,1995,9.8833761215,3.7144856453
Pakistan,1995,10.0273056030,3.0120773315
Palau,1995,11.3337717056,4.4431996346
Panama,1995,10.0130138397,7.2649941444
Papua New Guinea,1995,11.0236024857,5.6933045387
Paraguay,1995,12.1912860870,3.1663529873
Peru,1995,12.3998317719,2.6996128559
Philippines,1995,9.2434072495,3.7669155598
Poland,1995,12.6055068970,3.3340387344
Portugal,1995,8.9406976700,3.6101703644
Post-demographic dividend,1995,12.9388399124,5.7194261551
Pre-demographic dividend,1995,8.7139806747,5.9505691528
Puerto Rico (US),1995,10.1459026337,3.9885118008
Qatar,1995,9.8473100662,6.0185136795
Romania,1995,11.3840866089,3.1155664921
Russian Federation,1995,10.9469690323,5.5474166870
Rwanda,1995,10.8492326736,4.7427458763
Samoa,1995,12.0369338989,2.8414227962
San Marino,1995,13.1076202393,4.8761782646
Sao Tome and Principe,1995,10.0789299011,7.2099719048
Saudi Arabia,1995,10.8256072998,6.6214437485
Senegal,1995,9.7229928970,2.7599337101
Serbia,1995,10.2407503128,5.2663412094
Seychelles,1995,11.0648984909,7.2561850548
Sierra Leone,1995,11.3494749069,5.4073567390
Singapore,1995,12.8454437256,3.2175278664
Slovak Republic,1995,10.7539186478,3.5562655926
Slovenia,1995,9.8360509872,4.4731464386
Small states,1995,9.5844058990,4.3462395668
Solomon Islands,1995,11.5547466278,3.8589165211
"Somalia, Fed. Rep.",1995,9.3685789108,4.3660612106
South Africa,1995,8.9685735703,5.7750787735
South Asia,1995,12.5795993805,2.4738895893
South Asia (IDA & IBRD),1995,12.6311092377,2.4491975307
Spain,1995,8.1831207275,6.1688165665
Sri Lanka,1995,10.5820798874,4.1249489784
St. Kitts and Nevis,1995,10.5339899063,3.4592587948
St. Lucia,1995,10.0160837173,6.0524420738
St. Vincent and the Grenadines,1995,11.4279365540,3.8504569530
Sub-Saharan Africa,1995,8.4115114212,5.9153232574
Sub-Saharan Africa (IDA & IBRD countries),1995,8.3474550247,6.0079498291
Sub-Saharan Africa (excluding high income),1995,8.4521141052,6.1191139221
Sudan,1995,11.0573596954,2.4749088287
Suriname,1995,11.2494783401,7.0360035896
Sweden,1995,8.8823843002,4.3146862984
Switzerland,1995,10.3671369553,5.4896535873
Syrian Arab Republic,1995,12.5406017303,3.1101007462
Tajikistan,1995,12.0972137451,5.1271324158
Tanzania,1995,8.5332059860,4.5871710777
Thailand,1995,11.7856836319,3.3149230480
Timor-Leste,1995,12.3456802368,2.8399922848
Togo,1995,12.3590059280,3.6261978149
Tonga,1995,11.9508647919,2.5646021366
Trinidad and Tobago,1995,9.0324087143,4.8266458511
Tunisia,1995,9.5641412735,6.4347095490
Turkiye,1995,11.9382658005,3.7466464043
Turkmenistan,1995,11.2289466858,5.6091694832
Tuvalu,1995,10.8977365494,5.4283866882
Uganda,1995,11.2252120972,4.5881648064
Ukraine,1995,12.1518344879,5.1706581116
United Arab Emirates,1995,12.4196281433,2.7412018776
United Kingdom,1995,12.6645336151,6.1769332886
United States,1995,13.2026491165,5.5749759674
Upper middle income,1995,13.7843255997,5.6666445732
Uruguay,1995,11.6602983475,6.4813246727
Uzbekistan,1995,11.0430822372,6.2144632339
Vanuatu,1995,10.1229829788,6.2222433090
"Venezuela, RB",1995,8.6555480957,4.1371521950
Viet Nam,1995,11.7781867981,4.3528776169
West Bank and Gaza,1995,11.9600000381,3.2071514130
World,1995,13.3455715179,5.7982511520
"Yemen, Rep.",1995,11.4321260452,2.5838255882
Zambia,1995,9.2539777756,5.7514286041
Zimbabwe,1995,10.4936447144,6.0139656067
Africa Eastern and Southern,1996,3.8868200779,13.3961763382
Africa Western and Central,1996,4.4499883652,12.4399986267
Albania,1996,3.0610275269,13.7767171860
Algeria,1996,4.0302677155,12.1153964996
Andorra,1996,4.3665328026,12.1676778793
Angola,1996,0.4681484699,14.2013893127
Antigua and Barbuda,1996,3.4721672535,14.0313596725
Arab World,1996,4.4645090103,11.6227130890
Argentina,1996,4.6617956161,13.5059709549
Armenia,1996,4.5891489983,14.0503396988
Aruba,1996,1.2710400820,11.4578313828
Australia,1996,3.1350092888,11.0140752792
Austria,1996,3.4147956371,10.9821233749
Azerbaijan,1996,1.0304691792,11.3758087158
"Bahamas, The",1996,2.9544272423,12.7612819672
Bahrain,1996,5.2096257210,12.1794004440
Bangladesh,1996,4.4377222061,12.9040346146
Barbados,1996,2.7664098740,12.9008331299
Belarus,1996,2.3629705906,12.5791959763
Belgium,1996,0.8488534093,10.9851856232
Belize,1996,0.7478302717,11.3212375641
Benin,1996,4.0789217949,12.1073131561
Bermuda,1996,2.4503867626,11.4808158875
Bhutan,1996,4.7114434242,13.7325792313
Bolivia,1996,3.9135186672,10.7884521484
Bosnia and Herzegovina,1996,0.4399128258,14.4529142380
Botswana,1996,4.4415240288,13.6875038147
Brazil,1996,3.0064187050,10.7698850632
Brunei Darussalam,1996,0.4182829559,11.8561286926
Bulgaria,1996,4.3282361031,13.6635236740
Burkina Faso,1996,0.3899585009,14.2495670319
Burundi,1996,1.4524284601,12.7148151398
Cabo Verde,1996,0.6533085704,14.5597686768
Cambodia,1996,4.6712422371,14.1919384003
Cameroon,1996,4.1024599075,12.1416263580
Canada,1996,1.9920827150,11.0133819580
Caribbean small states,1996,5.4044280052,12.2749891281
Cayman Islands,1996,3.9135682583,10.6688041687
Central African Republic,1996,1.2580298185,12.4569454193
Central Europe and the Baltics,1996,4.8388085365,11.8428030014
Chad,1996,1.6396517754,10.7702693939
Chile,1996,2.8955922127,14.1114034653
China,1996,1.2494490147,14.4648580551
Colombia,1996,2.1212139130,11.4116678238
Comoros,1996,1.0813446045,12.1588516235
"Congo, Dem. Rep.",1996,0.8914620876,11.8126287460
"Congo, Rep.",1996,4.5752205849,12.6415767670
Costa Rica,1996,0.8345364332,11.1269073486
Cote d'Ivoire,1996,2.2273006439,14.3126802444
Croatia,1996,4.2017178535,14.3108177185
Cuba,1996,2.0086734295,14.2302503586
Cyprus,1996,0.7739318013,10.8893728256
Czechia,1996,4.3323550224,11.4459829330
Denmark,1996,2.9728469849,11.1886940002
Djibouti,1996,2.5070436001,13.1549310684
Dominica,1996,2.6949751377,12.4160642624
Dominican Republic,1996,4.3803987503,14.2013816833
Early-demographic dividend,1996,4.7892031670,10.4753599167
East Asia & Pacific,1996,4.2191843987,10.4503650665
East Asia & Pacific (IDA & IBRD countries),1996,1.4384114742,14.4170379639
East Asia & Pacific (excluding high income),1996,1.4752968550,14.3920974731
Ecuador,1996,1.5787580013,10.6475324631
"Egypt, Arab Rep.",1996,5.3414888382,11.9096136093
El Salvador,1996,1.5296493769,11.0723743439
Equatorial Guinea,1996,0.2737998664,14.2443666458
Eritrea,1996,1.6160701513,14.5729808807
Estonia,1996,5.1116790771,12.6225194931
Eswatini,1996,3.3663725853,12.3838977814
Ethiopia,1996,0.4321296215,14.3989763260
Euro area,1996,4.4894056320,9.9583959579
Europe & Central Asia,1996,4.2861104012,9.9768705368
Europe & Central Asia (IDA & IBRD countries),1996,2.2359759808,10.5596418381
Europe & Central Asia (excluding high income),1996,3.6362819672,11.9460754395
European Union,1996,4.4164152145,9.9200973511
Faroe Islands,1996,2.2471182346,13.3747920990
Fiji,1996,4.7407116890,12.5766544342
Finland,1996,3.2472903728,11.9563436508
Fragile and conflict affected situations,1996,3.1693887711,12.0852584839
France,1996,1.2308592796,10.6428232193
French Polynesia,1996,1.3589084148,12.0114841461
Gabon,1996,2.4836697578,12.5356988907
"Gambia, The",1996,1.5439605713,10.9298505783
Georgia,1996,0.1707976162,14.3453235626
Germany,1996,2.4586360455,10.4508066177
Ghana,1996,4.5354208946,12.2245416641
Greece,1996,1.3209170103,11.3218050003
Greenland,1996,1.2549667358,11.1603269577
Grenada,1996,3.2579927444,12.9819450378
Guam,1996,3.3584277630,10.4503202438
Guatemala,1996,2.7254135609,11.9610681534
Guinea,1996,4.3112077713,12.3226413727
Guinea-Bissau,1996,0.1060839072,14.4037876129
Guyana,1996,2.0126864910,14.5525312424
Haiti,1996,3.8944013119,12.3861627579
Heavily indebted poor countries (HIPC),1996,4.6815633774,12.6272010803
High income,1996,3.4636301994,10.0766239166
Honduras,1996,2.1142146587,11.4893217087
"Hong Kong SAR, China",1996,3.8361797333,12.6168050766
Hungary,1996,0.6196151972,11.8527297974
IBRD only,1996,4.5454716682,10.2032470703
IDA & IBRD total,1996,4.8179597855,10.1240444183
IDA blend,1996,4.6943573952,12.6720752716
IDA only,1996,4.7357645035,12.6895847321
IDA total,1996,4.9309902191,12.8275051117
Iceland,1996,4.8076276779,12.3218975067
India,1996,2.7777752876,14.8104944229
Indonesia,1996,2.2443645000,13.9339637756
"Iran, Islamic Rep.",1996,5.0112905502,13.7834110260
Iraq,1996,0.5968163013,14.0721569061
Ireland,1996,2.6934154034,13.9869642258
Isle of Man,1996,2.4539659023,14.6146936417
Israel,1996,4.1981325150,13.5583105087
Italy,1996,1.2220247984,10.5712718964
Jamaica,1996,1.4369113445,12.2122745514
Japan,1996,4.0044436455,10.5780448914
Jordan,1996,1.9530071020,11.4278020859
Kazakhstan,1996,0.6180813313,11.3068771362
Kenya,1996,3.6980659962,11.8163404465
Kiribati,1996,0.6787998080,12.1552286148
"Korea, Rep.",1996,2.3106136322,14.5229930878
Kuwait,1996,1.0107123852,11.9119434357
Kyrgyz Republic,1996,3.0159127712,14.4741277695
Lao PDR,1996,3.5207448006,14.4980421066
Late-demographic dividend,1996,4.5733151436,10.3907670975
Latin America & Caribbean,1996,5.1342091560,10.7955379486
Latin America & Caribbean (excluding high income),1996,5.1128344536,10.7903013229
Latin America & the Caribbean (IDA & IBRD countries),1996,5.1547551155,10.7916240692
Latvia,1996,2.1927261353,12.0005674362
Least developed countries: UN classification,1996,4.9505014420,13.6976957321
Lebanon,1996,0.8777419329,14.4043521881
Lesotho,1996,4.7950510979,13.9644060135
Liberia,1996,0.2716661096,14.3773727417
Libya,1996,1.8991003036,10.9087200165
Liechtenstein,1996,3.2885365486,14.4913997650
Lithuania,1996,4.6518793106,12.7319517136
Low & middle income,1996,4.8604373932,10.1469268799
Low income,1996,4.4340872765,12.8638000488
Lower middle income,1996,5.5090808868,13.5709095001
Luxembourg,1996,1.1150017977,11.1327104568
"Macao SAR, China",1996,3.6140120029,10.4253196716
Madagascar,1996,1.5079321861,10.9898738861
Malawi,1996,2.8034131527,13.9229440689
Malaysia,1996,1.8456659317,14.5765113831
Maldives,1996,1.9104145765,14.1079721451
Mali,1996,2.8903458118,14.1181917191
Malta,1996,3.3133690357,12.4154596329
Marshall Islands,1996,2.1897473335,13.1652288437
Mauritania,1996,4.4464144707,14.3913974762
Mauritius,1996,5.2412095070,12.9068479538
Mexico,1996,4.2129440308,11.0040473938
"Micronesia, Fed. Sts.",1996,1.5970619917,12.9544487000
"Middle East, North Africa, Afghanistan & Pakistan",1996,4.6726737022,11.5226802826
"Middle East, North Africa, Afghanistan & Pakistan (IDA & IBRD)",1996,5.5465245247,13.4486837387
"Middle East, North Africa, Afghanistan & Pakistan (excluding high income)",1996,5.3585000038,13.4493093491
Middle income,1996,4.9410290718,10.2366285324
Moldova,1996,1.8402655125,13.0210266113
Monaco,1996,1.3002231121,11.5660972595
Mongolia,1996,1.9201871157,11.4329423904
Morocco,1996,0.2201598436,14.4597749710
Mozambique,1996,0.4842291772,14.6218528748
Myanmar,1996,3.8549754620,14.1796550751
Namibia,1996,2.5036487579,12.5300903320
Nauru,1996,2.0702846050,13.1489000320
Nepal,1996,4.3940939903,11.4793195724
Netherlands,1996,2.9852180481,12.2986631393
New Caledonia,1996,1.2659962177,12.0307149887
New Zealand,1996,3.5695106983,11.9412603378
Nicaragua,1996,3.8433146477,13.6603717804
Niger,1996,1.2346512079,11.9665613174
Nigeria,1996,3.9567997456,12.3469400406
North America,1996,4.0460767746,10.2592544556
North Macedonia,1996,1.1462792158,11.4401664734
Norway,1996,5.0694007874,11.6927461624
OECD members,1996,3.4924335480,10.1600866318
Oman,1996,3.0628502369,11.5003499985
Other small states,1996,2.8831043243,12.6517915726
Pacific island small states,1996,2.7916719913,12.6170825958
Pakistan,1996,4.3194203377,10.8206214905
Palau,1996,0.9252253175,14.5538072586
Panama,1996,1.6435329914,12.8708477020
Papua New Guinea,1996,2.4132814407,14.3355646133
Paraguay,1996,2.2464942932,10.9755983353
Peru,1996,2.6906409264,11.4540090561
Philippines,1996,4.4295520782,13.5568456650
Poland,1996,5.0426301956,13.9340581894
Portugal,1996,3.3759758472,11.7630310059
Post-demographic dividend,1996,3.4791564941,10.1088714600
Pre-demographic dividend,1996,4.6061973572,14.1114234924
Puerto Rico (US),1996,2.0160338879,12.2287368774
Qatar,1996,4.9081788063,12.0606241226
Romania,1996,3.6632041931,12.1853027344
Russian Federation,1996,1.5445058346,12.7043294907
Rwanda,1996,0.3607032001,14.1983127594
Samoa,1996,2.9539082050,14.4004602432
San Marino,1996,4.2506980896,10.4084024429
Sao Tome and Principe,1996,1.0468591452,10.9167337418
Saudi Arabia,1996,3.2739586830,11.6325235367
Senegal,1996,1.6610807180,10.5925569534
Serbia,1996,3.9526720047,14.2504243851
Seychelles,1996,1.7759987116,13.9178800583
Sierra Leone,1996,1.3735376596,10.8119049072
Singapore,1996,2.5120716095,14.6487274170
Slovak Republic,1996,3.9690811634,14.0448760986
Slovenia,1996,2.5589597225,12.2883872986
Small states,1996,3.0961229801,12.6992511749
Solomon Islands,1996,1.7294151783,11.6944017410
"Somalia, Fed. Rep.",1996,1.9536782503,14.4566574097
South Africa,1996,3.8902921677,12.5925664902
South Asia,1996,3.1299655437,14.6627197266
South Asia (IDA & IBRD),1996,3.0297770500,14.7085313797
Spain,1996,2.0989291668,11.3336486816
Sri Lanka,1996,4.7851314545,12.0036821365
St. Kitts and Nevis,1996,4.2179851532,14.2555294037
St. Lucia,1996,2.7383780479,12.3616390228
St. Vincent and the Grenadines,1996,0.8000267744,11.0894575119
Sub-Saharan Africa,1996,5.4127154350,12.1279582977
Sub-Saharan Africa (IDA & IBRD countries),1996,5.5438880920,12.0360851288
Sub-Saharan Africa (excluding high income),1996,5.4059834480,12.0832853317
Sudan,1996,4.4693522453,13.8999090195
Suriname,1996,0.8615945578,11.6891193390
Sweden,1996,1.8627787828,11.1087217331
Switzerland,1996,0.5404770374,11.9145174026
Syrian Arab Republic,1996,1.1040477753,14.7049989700
Tajikistan,1996,3.5036258698,10.8957967758
Tanzania,1996,4.3025946617,12.3977756500
Thailand,1996,4.8601970673,14.1034460068
Timor-Leste,1996,1.9552835226,14.4944696426
Togo,1996,1.8409197330,14.8412294388
Tonga,1996,0.3871175647,11.6912984848
Trinidad and Tobago,1996,2.8435657024,14.6126337051
Tunisia,1996,3.2306714058,14.7505722046
Turkiye,1996,2.7853550911,13.8435010910
Turkmenistan,1996,3.3860006332,14.2284002304
Tuvalu,1996,1.7835084200,13.0122108459
Uganda,1996,1.4721370935,14.2422819138
Ukraine,1996,2.1700561047,13.0897178650
United Arab Emirates,1996,4.7686557770,13.4194030762
United Kingdom,1996,2.8500924110,10.6284408569
United States,1996,4.0743103027,10.3650903702
Upper middle income,1996,4.6826953888,10.1438350677
Uruguay,1996,5.2850251198,13.7409696579
Uzbekistan,1996,1.7378486395,10.7792682648
Vanuatu,1996,2.1051149368,12.0112981796
"Venezuela, RB",1996,0.8537762165,11.8103036880
Viet Nam,1996,1.8218270540,14.1739225388
West Bank and Gaza,1996,0.6658801436,11.5483264923
World,1996,3.7468783855,10.3034210205
"Yemen, Rep.",1996,4.5727181435,13.0752353668
Zambia,1996,3.9490354061,14.3632869720
Zimbabwe,1996,1.0103187561,14.7616634369
Africa Eastern and Southern,1997,18.2306880951,18.3599910736
Africa Western and Central,1997,19.0835380554,18.0791988373
Albania,1997,17.9626960754,19.9901123047
Algeria,1997,16.5020771027,20.3245620728
Andorra,1997,18.7152824402,21.4640541077
Angola,1997,18.6829032898,20.6057109833
Antigua and Barbuda,1997,19.7795963287,19.8056030273
Arab World,1997,20.2960720062,19.9546089172
Argentina,1997,18.1449623108,21.6816997528
Armenia,1997,17.5895404816,18.9380779266
Aruba,1997,18.6272220612,20.6615982056
Australia,1997,18.5713768005,18.0699634552
Austria,1997,16.9051227570,19.1697597504
Azerbaijan,1997,19.0760383606,19.6782531738
"Bahamas, The",1997,16.9787731171,19.9722461700
Bahrain,1997,17.9110240936,19.6273593903
Bangladesh,1997,18.9981937408,18.8348617554
Barbados,1997,18.5814418793,19.4785060883
Belarus,1997,18.2622375488,20.5937976837
Belgium,1997,17.6977005005,18.1789112091
Belize,1997,18.4526195526,18.3232536316
Benin,1997,19.6053256989,19.0713596344
Bermuda,1997,19.1389331818,18.5991764069
Bhutan,1997,19.2185497284,19.8417758942
Bolivia,1997,19.1043739319,18.8381805420
Bosnia and Herzegovina,1997,19.5523757935,21.1052494049
Botswana,1997,18.3328323364,21.2129898071
Brazil,1997,17.9001712799,17.0800876617
Brunei Darussalam,1997,19.1102199554,20.1715774536
Bulgaria,1997,18.0660133362,20.0718212128
Burkina Faso,1997,19.5195121765,20.1403732300
Burundi,1997,17.1692733765,20.4410552979
Cabo Verde,1997,18.8907108307,20.9267101288
Cambodia,1997,18.6841869354,18.2016067505
Cameroon,1997,19.0965919495,19.1427936554
Canada,1997,18.3249683380,17.9105510712
Caribbean small states,1997,18.3200626373,19.2930335999
Cayman Islands,1997,15.9695301056,17.6997451782
Central African Republic,1997,19.6075191498,18.9828758240
Central Europe and the Baltics,1997,16.6446590424,18.7556648254
Chad,1997,19.3203773499,19.3705692291
Chile,1997,18.3800125122,20.3703594208
China,1997,18.4821357727,21.8678760529
Colombia,1997,18.2601947784,17.4270477295
Comoros,1997,18.3244686127,18.8338661194
"Congo, Dem. Rep.",1997,18.2059192657,20.6319942474
"Congo, Rep.",1997,17.5115776062,19.7154293060
Costa Rica,1997,19.3532524109,19.8659324646
Cote d'Ivoire,1997,19.1982460022,21.1489696503
Croatia,1997,19.3696804047,20.3015575409
Cuba,1997,17.7019557953,18.9296455383
Cyprus,1997,17.4134387970,19.4333553314
Czechia,1997,17.8440532684,19.8130912781
Denmark,1997,18.4475746155,17.6949691772
Djibouti,1997,17.9453372955,20.0140953064
Dominica,1997,17.1770019531,19.4953289032
Dominican Republic,1997,18.7387409210,20.2385940552
Early-demographic dividend,1997,17.1064014435,16.5875396729
East Asia & Pacific,1997,16.0415859222,17.2444839478
East Asia & Pacific (IDA & IBRD countries),1997,18.1795597076,21.6796512604
East Asia & Pacific (excluding high income),1997,18.0715732574,21.9013938904
Ecuador,1997,18.5832195282,18.2584533691
"Egypt, Arab Rep.",1997,18.2855110168,18.9846134186
El Salvador,1997,17.5557727814,19.1155796051
Equatorial Guinea,1997,19.9761619568,21.1595916748
Eritrea,1997,18.7425937653,21.1570053101
Estonia,1997,19.5824031830,21.4143524170
Eswatini,1997,17.9009361267,19.2879295349
Ethiopia,1997,17.7311058044,19.2535896301
Euro area,1997,16.2886581421,16.7065067291
Europe & Central Asia,1997,16.2844409943,16.8880538940
Europe & Central Asia (IDA & IBRD countries),1997,17.0133380890,17.6446323395
Europe & Central Asia (excluding high income),1997,20.3322982788,19.6838130951
European Union,1997,16.2935714722,16.7716007233
Faroe Islands,1997,18.2082672119,20.4005508423
Fiji,1997,17.5700759888,20.6610660553
Finland,1997,19.3947505951,20.4302463531
Fragile and conflict affected situations,1997,19.3496932983,17.9550895691
France,1997,16.6235542297,18.8473529816
French Polynesia,1997,17.4375762939,20.6664104462
Gabon,1997,19.1184234619,19.8013839722
"Gambia, The",1997,18.9454860687,19.0505828857
Georgia,1997,19.0476245880,21.1004238129
Germany,1997,16.6402912140,17.8035869598
Ghana,1997,18.7248287201,18.6223545074
Greece,1997,17.9555244446,18.3043289185
Greenland,1997,17.3596916199,20.3498916626
Grenada,1997,18.9523124695,19.4365406036
Guam,1997,16.6345996857,17.3256969452
Guatemala,1997,18.4030609131,19.0947933197
Guinea,1997,18.7766571045,19.2800197601
Guinea-Bissau,1997,19.3068866730,20.4825763702
Guyana,1997,18.8245563507,20.1538429260
Haiti,1997,17.8778533936,19.2510337830
Heavily indebted poor countries (HIPC),1997,19.8625316620,19.1758880615
High income,1997,15.8527908325,17.2108192444
Honduras,1997,18.6728591919,18.9225044250
"Hong Kong SAR, China",1997,18.7471580505,18.7512893677
Hungary,1997,17.1219177246,18.8499679565
IBRD only,1997,15.7724256516,16.6022968292
IDA & IBRD total,1997,15.9153623581,16.5068607330
IDA blend,1997,16.4958934784,19.1889591217
IDA only,1997,19.7291164398,18.9183349609
IDA total,1997,17.7946071625,17.7303371429
Iceland,1997,18.8766307831,19.3072834015
India,1997,19.1889457703,17.3407630920
Indonesia,1997,19.5338382721,18.2865257263
"Iran, Islamic Rep.",1997,16.9900131226,20.4376029968
Iraq,1997,19.8741760254,20.8999671936
Ireland,1997,18.6564884186,21.0810909271
Isle of Man,1997,17.8938274384,21.4899578094
Israel,1997,17.8902072906,18.5517578125
Italy,1997,16.4247760773,19.0758380890
Jamaica,1997,17.3200321198,20.0560054779
Japan,1997,16.2527637482,18.3832912445
Jordan,1997,18.0600776672,18.9671611786
Kazakhstan,1997,17.1564674377,19.7632961273
Kenya,1997,16.6439037323,19.8982200623
Kiribati,1997,17.2976684570,20.1863346100
"Korea, Rep.",1997,18.5525951385,19.4937839508
Kuwait,1997,17.1303653717,19.2503986359
Kyrgyz Republic,1997,19.1554870605,20.8727569580
Lao PDR,1997,19.0633354187,20.4752140045
Late-demographic dividend,1997,15.6713428497,16.7056140900
Latin America & Caribbean,1997,17.3472442627,16.8161430359
Latin America & Caribbean (excluding high income),1997,17.3087482452,16.7345581055
Latin America & the Caribbean (IDA & IBRD countries),1997,17.2488594055,16.6472110748
Latvia,1997,18.6493568420,21.3998527527
Least developed countries: UN classification,1997,19.3641166687,19.6921367645
Lebanon,1997,16.7395401001,19.6248626709
Lesotho,1997,17.7005863190,18.3371009827
Liberia,1997,20.0437660217,21.3492927551
Libya,1997,19.3761882782,19.0730304718
Liechtenstein,1997,18.7685661316,20.4759120941
Lithuania,1997,18.0687160492,21.0278644562
Low & middle income,1997,15.9576320648,16.4156169891
Low income,1997,19.7470245361,20.3724708557
Lower middle income,1997,17.9416599274,17.9865531921
Luxembourg,1997,19.5439052582,19.6274280548
"Macao SAR, China",1997,17.1182022095,19.8679752350
Madagascar,1997,18.2859706879,18.7273159027
Malawi,1997,17.8816108704,18.2839221954
Malaysia,1997,18.6113853455,21.1450481415
Maldives,1997,18.3702449799,21.5005626678
Mali,1997,19.6432781219,18.6742229462
Malta,1997,19.0939083099,19.5498771667
Marshall Islands,1997,18.4006633759,19.9672431946
Mauritania,1997,17.9872703552,20.3844585419
Mauritius,1997,18.8815555573,20.0279026031
Mexico,1997,15.8473854065,18.0583648682
"Micronesia, Fed. Sts.",1997,18.3858051300,19.9632492065
"Middle East, North Africa, Afghanistan & Pakistan",1997,18.9023838043,17.8901710510
"Middle East, North Africa, Afghanistan & Pakistan (IDA & IBRD)",1997,17.3769454956,17.6671943665
"Middle East, North Africa, Afghanistan & Pakistan (excluding high income)",1997,17.3762474060,17.7242393494
Middle income,1997,15.9220418930,16.5097904205
Moldova,1997,17.7928638458,20.0798358917
Monaco,1997,17.0445442200,19.3562202454
Mongolia,1997,18.9522533417,18.4251232147
Montenegro,1997,18.1506748199,19.5289001465
Morocco,1997,17.0625915527,20.6490955353
Mozambique,1997,19.5071926117,21.4742336273
Myanmar,1997,19.6810626984,19.6391315460
Namibia,1997,18.5244045258,17.9683799744
Nauru,1997,18.1326007843,20.0630912781
Nepal,1997,20.2241630554,19.4261112213
Netherlands,1997,18.4090938568,17.1919498444
New Caledonia,1997,16.6773395538,19.5353107452
New Zealand,1997,16.7455310822,19.3634071350
Nicaragua,1997,18.1269397736,18.1083202362
Niger,1997,17.2066421509,20.3604278564
Nigeria,1997,17.5143203735,18.8942031860
North America,1997,16.1555805206,17.3043174744
North Macedonia,1997,16.8059787750,20.0576171875
Norway,1997,20.1659374237,20.0447826385
OECD members,1997,15.8207187653,17.1890163422
Oman,1997,19.3894100189,20.3839302063
Other small states,1997,18.8145580292,20.4187412262
Pacific island small states,1997,17.4465618134,20.6583671570
Pakistan,1997,16.5778884888,20.2309665680
Palau,1997,16.6395587921,18.8677120209
Panama,1997,17.9999542236,20.9283771515
Papua New Guinea,1997,18.1100044250,20.2685718536
Paraguay,1997,18.9156742096,18.4608516693
Peru,1997,18.6232547760,19.7736549377
Philippines,1997,19.8482360840,18.7106857300
Poland,1997,19.8597049713,19.3372879028
Portugal,1997,19.1288375854,17.9235744476
Post-demographic dividend,1997,15.8263368607,17.1614856720
Pre-demographic dividend,1997,19.6946086884,20.4132728577
Puerto Rico (US),1997,18.2796764374,19.3339118958
Qatar,1997,19.8214874268,21.1758842468
Romania,1997,17.8781394958,20.5283775330
Russian Federation,1997,16.7378730774,20.1438198090
Rwanda,1997,19.9609737396,21.4112682343
Samoa,1997,16.7511463165,20.1513118744
San Marino,1997,18.8562183380,20.5177402496
Sao Tome and Principe,1997,16.6576080322,20.4920578003
Saudi Arabia,1997,16.9705505371,19.0134544373
Senegal,1997,17.6674461365,19.2446517944
Serbia,1997,18.3861751556,21.5684318542
Seychelles,1997,19.6744556427,21.4389915466
Sierra Leone,1997,17.7725715637,20.7857227325
Singapore,1997,18.1076602936,21.3016643524
Slovak Republic,1997,19.9124641418,19.8512668610
Slovenia,1997,18.5366954803,19.6519527435
Small states,1997,19.8421363831,19.9989910126
Solomon Islands,1997,17.6230297089,20.4791660309
"Somalia, Fed. Rep.",1997,16.8723983765,20.3640518188
South Africa,1997,16.7716541290,19.1857280731
South Asia,1997,19.3139801025,17.4701652527
South Asia (IDA & IBRD),1997,19.2960815430,17.4572410583
Spain,1997,17.7186260223,17.4402065277
Sri Lanka,1997,19.0438251495,20.1998081207
St. Kitts and Nevis,1997,18.5506515503,20.3063087463
St. Lucia,1997,17.2964038849,20.8866424561
St. Vincent and the Grenadines,1997,17.6450538635,18.8946437836
Sub-Saharan Africa,1997,18.2197532654,17.1613330841
Sub-Saharan Africa (IDA & IBRD countries),1997,18.1365337372,17.0900516510
Sub-Saharan Africa (excluding high income),1997,18.2543811798,17.0930690765
Sudan,1997,20.0215034485,21.2936267853
Suriname,1997,19.5482597351,19.5142536163
Sweden,1997,16.9821395874,18.3283309937
Switzerland,1997,16.2056064606,18.4443321228
Syrian Arab Republic,1997,20.2254123688,19.1020469666
Tajikistan,1997,16.7893390656,19.7805366516
Tanzania,1997,17.9548721313,18.6435146332
Thailand,1997,17.7855892181,20.2054405212
Timor-Leste,1997,18.4486865997,17.7770366669
Togo,1997,20.1264972687,21.4749164581
Tonga,1997,17.3850708008,20.5012493134
Trinidad and Tobago,1997,18.3651046753,20.8981609344
Tunisia,1997,18.0783462524,19.6696014404
Turkiye,1997,18.4601345062,20.7954673767
Turkmenistan,1997,18.2271938324,20.2135982513
Tuvalu,1997,19.0820770264,21.3241157532
Uganda,1997,18.5733547211,19.6129493713
Ukraine,1997,17.5586471558,20.2825412750
United Arab Emirates,1997,18.1508922577,21.3275318146
United Kingdom,1997,19.3386077881,18.2345390320
United States,1997,16.2380294800,17.2450218201
Upper middle income,1997,15.6390857697,16.7026424408
Uruguay,1997,18.1513576508,21.5985527039
Uzbekistan,1997,19.5669765472,18.9217567444
Vanuatu,1997,18.8869895935,19.1750926971
"Venezuela, RB",1997,19.9343795776,19.3734626770
Viet Nam,1997,18.0591144562,21.3841838837
West Bank and Gaza,1997,19.7744312286,21.2198715210
World,1997,15.9575691223,16.8739528656
"Yemen, Rep.",1997,19.5379104614,19.9125576019
Zambia,1997,17.5863742828,18.1028614044
Zimbabwe,1997,16.5761032104,19.2079162598
Africa Eastern and Southern,1998,9.1396017075,10.8686017990
Africa Western and Central,1998,11.3717775345,11.6532058716
Albania,1998,10.0353441238,14.6959676743
Algeria,1998,11.9238109589,13.5057725906
Andorra,1998,10.5476360321,11.5720710754
Angola,1998,12.0574369431,13.0496149063
Antigua and Barbuda,1998,11.3284330368,13.4814023972
Arab World,1998,12.3058252335,13.6119070053
Argentina,1998,11.7433156967,11.8682117462
Armenia,1998,10.4293794632,14.2207899094
Aruba,1998,9.1287574768,11.4021797180
Australia,1998,12.3529825211,11.9655990601
Austria,1998,11.2952480316,11.5479841232
Azerbaijan,1998,9.1004571915,14.1592435837
"Bahamas, The",1998,12.1300544739,13.0014505386
Bahrain,1998,12.2203006744,13.4044294357
Bangladesh,1998,11.9337158203,14.4256944656
Barbados,1998,10.5576019287,12.8330202103
Belarus,1998,10.3056344986,13.9551286697
Belgium,1998,9.2582883835,11.8816347122
Belize,1998,11.0029726028,12.5873270035
Benin,1998,11.4177064896,12.3009271622
Bermuda,1998,11.8441581726,11.9548721313
Bhutan,1998,10.9477367401,14.0969791412
Bolivia,1998,11.5383367538,13.0873889923
Bosnia and Herzegovina,1998,8.8760232925,14.2953824997
Botswana,1998,9.1706514359,12.3370447159
Brazil,1998,8.6183338165,12.0046644211
Brunei Darussalam,1998,9.7989606857,13.1828374863
Bulgaria,1998,11.4310894012,11.7543716431
Burkina Faso,1998,10.0676336288,14.8285531998
Burundi,1998,12.1011209488,13.8098678589
Cabo Verde,1998,8.9213056564,14.4865655899
Cambodia,1998,11.7997465134,13.0366735458
Cameroon,1998,12.0126657486,13.2731990814
Canada,1998,11.7464094162,10.9386243820
Caribbean small states,1998,11.7688865662,13.9831790924
Cayman Islands,1998,11.0434074402,10.2193288803
Central African Republic,1998,12.0045690536,12.9307212830
Central Europe and the Baltics,1998,10.1669826508,11.3061971664
Chad,1998,10.0518522263,14.8664073944
Channel Islands,1998,10.0995140076,12.7124032974
Chile,1998,11.5902595520,12.5448474884
China,1998,10.4518938065,14.8217115402
Colombia,1998,8.6741600037,12.2956953049
Comoros,1998,8.7210626602,11.6170158386
"Congo, Dem. Rep.",1998,9.6360197067,12.8852195740
"Congo, Rep.",1998,11.3768739700,11.7432985306
Costa Rica,1998,9.6925649643,13.8327398300
Cote d'Ivoire,1998,12.2580289841,12.1565952301
Croatia,1998,9.2246456146,11.1110286713
Cuba,1998,8.9691667557,12.6414318085
Cyprus,1998,10.6911430359,13.8031520844
Czechia,1998,8.8988275528,13.1451606750
Denmark,1998,8.8505067825,10.8599567413
Djibouti,1998,9.8080472946,13.5501775742
Dominica,1998,10.7442426682,12.4873666763
Dominican Republic,1998,10.6189556122,14.5224189758
Early-demographic dividend,1998,10.1928682327,9.5620250702
East Asia & Pacific,1998,11.2353630066,9.6491985321
East Asia & Pacific (IDA & IBRD countries),1998,10.8906269073,10.9708499908
East Asia & Pacific (excluding high income),1998,10.7898445129,10.8910636902
Ecuador,1998,10.5994825363,11.8944644928
"Egypt, Arab Rep.",1998,10.8521680832,13.1956148148
El Salvador,1998,9.5951995850,11.0269517899
Equatorial Guinea,1998,8.7696275711,14.0975809097
Eritrea,1998,9.7240571976,12.3084917068
Estonia,1998,10.9901876450,12.9353189468
Eswatini,1998,9.7160577774,11.2398414612
Ethiopia,1998,10.0590391159,13.2885532379
Euro area,1998,11.1301746368,9.0410928726
Europe & Central Asia,1998,11.4285936356,9.3927993774
Europe & Central Asia (IDA & IBRD countries),1998,9.1287269592,13.1275215149
Europe & Central Asia (excluding high income),1998,9.5385990143,10.2811393738
European Union,1998,11.2445840836,9.1639499664
Faroe Islands,1998,9.2413806915,13.8762989044
Fiji,1998,9.4786729813,12.2174100876
Finland,1998,11.4101371765,14.0627889633
Fragile and conflict affected situations,1998,11.8229360580,13.8375539780
France,1998,10.6166896820,10.3572463989
French Polynesia,1998,8.8129348755,11.9402599335
Gabon,1998,10.7547302246,11.8666257858
"Gambia, The",1998,11.1684474945,11.7988872528
Georgia,1998,10.3918581009,11.2938518524
Germany,1998,10.4455108643,9.5331249237
Ghana,1998,11.8404598236,13.1455039978
Greece,1998,11.1951971054,11.4422750473
Greenland,1998,9.5391788483,14.2827262878
Grenada,1998,8.7648000717,14.3916444778
Guam,1998,11.6084785461,10.1211299896
Guatemala,1998,11.8432407379,13.8215389252
Guinea,1998,11.7209539413,11.7153739929
Guinea-Bissau,1998,10.0315246582,13.3040618896
Guyana,1998,9.3870058060,12.9079952240
Haiti,1998,8.9251127243,11.5795841217
Heavily indebted poor countries (HIPC),1998,11.2713060379,11.2468204498
High income,1998,11.3500185013,9.5890684128
Honduras,1998,10.9954900742,12.3704023361
"Hong Kong SAR, China",1998,11.3403453827,10.4012498856
Hungary,1998,11.5918750763,12.1389627457
IBRD only,1998,10.9938516617,8.9110975266
IDA & IBRD total,1998,11.1520137787,9.0320224762
IDA blend,1998,9.8693971634,10.7936630249
IDA only,1998,11.9794006348,12.5008049011
IDA total,1998,11.2401618958,11.2427959442
Iceland,1998,10.5946216583,14.5546588898
India,1998,11.4869318008,14.7992105484
Indonesia,1998,10.2787122726,13.2632360458
"Iran, Islamic Rep.",1998,9.0195817947,11.5917253494
Iraq,1998,8.8291387558,14.3202381134
Ireland,1998,9.6800651550,14.2321310043
Isle of Man,1998,8.7820653915,14.5977954865
Israel,1998,11.8120508194,12.1525163651
Italy,1998,9.2871618271,10.1889104843
Jamaica,1998,9.4897117615,13.2180986404
Japan,1998,11.0322093964,10.0942811966
Jordan,1998,10.7247962952,12.1724910736
Kazakhstan,1998,9.4613275528,13.2176008224
Kenya,1998,10.7198047638,11.3745546341
Kiribati,1998,11.2566165924,12.9567623138
"Korea, Rep.",1998,9.9806270599,12.9328012466
Kuwait,1998,10.9334526062,11.7344360352
Kyrgyz Republic,1998,9.0463466644,11.4764509201
Lao PDR,1998,11.4296436310,12.1903562546
Late-demographic dividend,1998,10.7818984985,9.4155387878
Latin America & Caribbean,1998,10.0989618301,9.6620044708
Latin America & Caribbean (excluding high income),1998,10.0331144333,9.7099533081
Latin America & the Caribbean (IDA & IBRD countries),1998,10.1999788284,9.5789661407
Latvia,1998,10.0641622543,13.8764495850
Least developed countries: UN classification,1998,11.0583133698,12.1240596771
Lebanon,1998,10.8983850479,11.7372035980
Lesotho,1998,9.0402240753,12.1683874130
Liberia,1998,8.8912734985,14.5504531860
Libya,1998,10.1455373764,13.0252084732
Liechtenstein,1998,9.6839132309,14.6191473007
Lithuania,1998,9.4124145508,14.0046911240
Low & middle income,1998,11.2338085175,8.9912776947
Low income,1998,11.9797458649,13.3956336975
Lower middle income,1998,11.8952636719,13.4095268250
Luxembourg,1998,10.1160707474,13.9901676178
"Macao SAR, China",1998,9.7779359818,13.2915973663
Madagascar,1998,11.9867267609,11.6652193069
Malawi,1998,11.6368951797,12.4165754318
Malaysia,1998,11.3621673584,10.2471208572
Maldives,1998,9.7196826935,14.4903993607
Mali,1998,9.7225189209,14.7067289352
Malta,1998,11.1440572739,13.5310983658
Marshall Islands,1998,9.1464691162,13.5270786285
Mauritania,1998,9.9882202148,10.9290685654
Mauritius,1998,10.6812305450,14.1644754410
Mexico,1998,11.4199028015,14.1923427582
"Micronesia, Fed. Sts.",1998,10.4029912949,11.9776134491
"Middle East, North Africa, Afghanistan & Pakistan",1998,11.8868598938,12.6538352966
"Middle East, North Africa, Afghanistan & Pakistan (IDA & IBRD)",1998,12.6618881226,13.3002023697
"Middle East, North Africa, Afghanistan & Pakistan (excluding high income)",1998,12.5713672638,13.2157192230
Middle income,1998,11.0473289490,8.9583396912
Moldova,1998,9.7358932495,13.5878934860
Monaco,1998,11.0488891602,11.7009658813
Mongolia,1998,10.5585660934,11.5813293457
Montenegro,1998,12.3768587112,13.4653253555
Morocco,1998,9.9501600266,14.5046539307
Mozambique,1998,9.3521013260,14.9100980759
Myanmar,1998,10.9253025055,14.0227241516
Namibia,1998,10.2885179520,12.0984859467
Nauru,1998,10.1159334183,13.4889936447
Nepal,1998,10.1905145645,11.5467920303
Netherlands,1998,11.9497499466,13.5876941681
New Caledonia,1998,10.0673704147,13.1164770126
New Zealand,1998,10.2536096573,12.5231313705
Nicaragua,1998,11.1614313126,12.1911306381
Niger,1998,9.6121950150,14.9127044678
Nigeria,1998,9.6577768326,10.6702632904
North America,1998,11.5503349304,9.6565341949
North Macedonia,1998,10.9214982986,11.2318391800
Norway,1998,9.5872440338,10.7097196579
OECD members,1998,11.3544473648,9.7905788422
Oman,1998,8.9021921158,13.3033161163
Other small states,1998,10.7326536179,12.2581281662
Pacific island small states,1998,9.1946706772,12.3167848587
Pakistan,1998,9.4379844666,11.7545728683
Palau,1998,8.7691993713,11.6845903397
Panama,1998,9.8213891983,13.8216466904
Papua New Guinea,1998,9.9034214020,13.2666254044
Paraguay,1998,8.7616624832,12.8083133698
Peru,1998,9.0852479935,12.5705232620
Philippines,1998,8.9135780334,13.2740077972
Poland,1998,12.4817867279,12.9399051666
Portugal,1998,12.3220243454,13.8057374954
Post-demographic dividend,1998,11.4388761520,9.7407493591
Pre-demographic dividend,1998,10.1712608337,14.3929357529
Puerto Rico (US),1998,10.7220363617,13.6019248962
Qatar,1998,8.9547061920,14.2083263397
Romania,1998,9.8248395920,12.7333259583
Russian Federation,1998,10.1014966965,13.1372938156
Rwanda,1998,9.8734397888,14.9460325241
Samoa,1998,8.9248657227,11.2484827042
San Marino,1998,10.1715993881,14.8485212326
Sao Tome and Principe,1998,9.2449016571,10.9640150070
Saudi Arabia,1998,10.2186832428,11.2537069321
Senegal,1998,11.2603311539,14.1079187393
Serbia,1998,12.1593809128,14.1614217758
Seychelles,1998,9.5667514801,11.4449090958
Sierra Leone,1998,8.5963668823,11.5339899063
Singapore,1998,9.5557136536,12.5807256699
Slovak Republic,1998,10.6518106461,12.5868120193
Slovenia,1998,10.1593427658,11.8451509476
Small states,1998,10.6506395340,12.6678552628
Solomon Islands,1998,9.3896007538,11.8153228760
"Somalia, Fed. Rep.",1998,10.7059030533,14.4457550049
South Africa,1998,8.8351974487,12.3507413864
South Asia,1998,11.6234464645,14.7545518875
South Asia (IDA & IBRD),1998,11.5722217560,14.7896842957
Spain,1998,12.1143627167,12.6786928177
Sri Lanka,1998,12.0962247849,12.9069194794
St. Kitts and Nevis,1998,9.0397253036,13.3933172226
St. Lucia,1998,10.4441270828,14.2307739258
St. Vincent and the Grenadines,1998,10.9571685791,12.9155197144
Sub-Saharan Africa,1998,9.2450160980,9.9886960983
Sub-Saharan Africa (IDA & IBRD countries),1998,9.3950395584,10.0962553024
Sub-Saharan Africa (excluding high income),1998,9.4696607590,10.2023954391
Sudan,1998,12.1318235397,12.2158546448
Suriname,1998,8.9213018417,11.7541599274
Sweden,1998,12.2991313934,12.5250930786
Switzerland,1998,10.4226970673,11.6643772125
Syrian Arab Republic,1998,10.2818651199,14.6434354782
Tajikistan,1998,11.2044935226,13.6292943954
Tanzania,1998,11.8910017014,11.8517417908
Thailand,1998,10.0491390228,13.1877574921
Timor-Leste,1998,9.5158166885,12.9549636841
Togo,1998,9.8318605423,12.9913263321
Tonga,1998,9.0199728012,11.2703466415
Trinidad and Tobago,1998,9.4710578918,13.9069852829
Tunisia,1998,12.3638563156,13.1653165817
Turkiye,1998,9.4642333984,10.4190874100
Turkmenistan,1998,9.9319534302,13.9760713577
Tuvalu,1998,8.6686697006,14.4532442093
Uganda,1998,11.9666709900,14.1383495331
Ukraine,1998,9.3770236969,13.4883165359
United Arab Emirates,1998,8.6203536987,12.6613245010
United Kingdom,1998,11.4460792542,10.8714294434
United States,1998,11.5504970551,9.5561933517
Upper middle income,1998,10.9254646301,9.3177986145
Uruguay,1998,11.6415786743,13.2475452423
Uzbekistan,1998,11.2663774490,12.9749317169
Vanuatu,1998,8.9316301346,12.7156066895
"Venezuela, RB",1998,8.6543035507,12.3357019424
Viet Nam,1998,10.7120800018,13.5948610306
West Bank and Gaza,1998,8.7217874527,14.5445508957
World,1998,11.3473615646,9.2106714249
"Yemen, Rep.",1998,10.9651708603,14.3103466034
Zambia,1998,8.9860506058,13.3125524521
Zimbabwe,1998,10.0445623398,11.9792070389
Africa Eastern and Southern,1999,3.9722542763,4.3500261307
Africa Western and Central,1999,2.3294811249,5.4997744560
Albania,1999,4.0185818672,6.9412155151
Algeria,1999,4.7436585426,4.4520063400
Andorra,1999,5.3864336014,5.6216702461
Angola,1999,2.9691159725,4.6041197777
Antigua and Barbuda,1999,4.6288976669,5.6092624664
Arab World,1999,3.7128000259,3.9184803963
Argentina,1999,2.7414836884,7.0148296356
Armenia,1999,4.3628630638,5.0694065094
Aruba,1999,3.2077677250,5.5914306641
Australia,1999,5.5573134422,5.6854782104
Austria,1999,4.3359761238,5.7784342766
Azerbaijan,1999,4.8014431000,7.0813841820
"Bahamas, The",1999,4.9137353897,6.9932947159
Bahrain,1999,4.3921027184,5.5425686836
Bangladesh,1999,5.0668606758,5.7263455391
Barbados,1999,2.9755635262,6.0199108124
Belarus,1999,4.5943503380,5.1131858826
Belgium,1999,4.3660578728,5.2293448448
Belize,1999,4.1555461884,6.6139459610
Benin,1999,5.9255213737,6.6198477745
Bermuda,1999,4.8405981064,4.8324289322
Bhutan,1999,4.6160273552,7.3180079460
Bolivia,1999,3.4349322319,5.1082844734
Bosnia and Herzegovina,1999,4.0080194473,7.1111173630
Botswana,1999,4.0129475594,7.0598077774
Brazil,1999,3.6698324680,5.8096985817
Brunei Darussalam,1999,5.0258712769,6.0575966835
Bulgaria,1999,3.2214782238,7.9394426346
Burkina Faso,1999,5.2254805565,7.5289926529
Burundi,1999,2.3915810585,6.5708804131
Cabo Verde,1999,4.2471065521,6.9166316986
Cambodia,1999,3.8788237572,6.7600469589
Cameroon,1999,5.8695836067,5.2610874176
Canada,1999,4.9926977158,5.9196872711
Caribbean small states,1999,4.5491852760,6.3567414284
Central African Republic,1999,5.3095040321,4.6867680550
Central Europe and the Baltics,1999,3.5247282982,5.4533667564
Chad,1999,2.0803601742,6.3770689964
Channel Islands,1999,3.8681070805,5.7641711235
Chile,1999,2.7488379478,6.0750036240
China,1999,5.0801491737,7.6951751709
Colombia,1999,2.6814315319,7.5518889427
Comoros,1999,2.9745769501,4.8397412300
"Congo, Dem. Rep.",1999,2.7276439667,7.6586132050
"Congo, Rep.",1999,2.9735207558,6.9607076645
Costa Rica,1999,4.7174534798,5.8797574043
Cote d'Ivoire,1999,2.2311689854,5.5873079300
Croatia,1999,2.8917052746,6.3411750793
Cuba,1999,5.4519314766,6.8513736725
Cyprus,1999,4.3444681168,5.9384284019
Czechia,1999,2.9230234623,5.1633973122
Denmark,1999,4.2959327698,4.0968508720
Djibouti,1999,4.0126614571,6.3131980896
Dominica,1999,3.2498054504,5.7817993164
Dominican Republic,1999,4.6840176582,6.4740076065
Early-demographic dividend,1999,2.4975061417,3.1467192173
East Asia & Pacific,1999,3.0039758682,2.7075016499
East Asia & Pacific (IDA & IBRD countries),1999,5.4879264832,7.6427950859
East Asia & Pacific (excluding high income),1999,5.4476714134,7.6014494896
Ecuador,1999,2.6242144108,7.7226824760
"Egypt, Arab Rep.",1999,5.3547816277,7.0527706146
El Salvador,1999,2.7843124866,4.5447864532
Equatorial Guinea,1999,3.8023154736,6.5658421516
Eritrea,1999,3.5052320957,6.1806945801
Estonia,1999,2.8565757275,5.9795470238
Eswatini,1999,3.8957431316,4.4682064056
Ethiopia,1999,4.5139255524,6.1135921478
Euro area,1999,2.6280639172,2.3015782833
Europe & Central Asia,1999,2.8266770840,2.4754319191
Europe & Central Asia (IDA & IBRD countries),1999,2.8827180862,3.7770757675
Europe & Central Asia (excluding high income),1999,2.5021326542,6.6354980469
European Union,1999,2.7803375721,2.3007280827
Faroe Islands,1999,3.5911023617,6.5212659836
Fiji,1999,4.2572946548,7.3913793564
Finland,1999,5.4503717422,6.2968416214
Fragile and conflict affected situations,1999,3.9386932850,3.5314083099
France,1999,3.3138840199,2.9299101830
French Polynesia,1999,2.4893164635,4.7460680008
Gabon,1999,3.3443756104,7.8303446770
"Gambia, The",1999,5.7237105370,7.0378332138
Georgia,1999,3.8181457520,4.1804876328
Germany,1999,2.6236083508,3.0049841404
Ghana,1999,5.4467635155,5.8927512169
Greece,1999,3.8282945156,4.4810543060
Greenland,1999,2.6816899776,5.5432815552
Grenada,1999,4.9455966949,7.3756732941
Guam,1999,1.7909160852,5.2528734207
Guatemala,1999,5.5339488983,4.8933649063
Guinea,1999,5.2769756317,5.3796863556
Guinea-Bissau,1999,3.7098743916,6.9240226746
Guyana,1999,4.1782259941,5.1265640259
Haiti,1999,3.6701874733,4.0206298828
Heavily indebted poor countries (HIPC),1999,4.1265783310,3.9377167225
High income,1999,2.7981147766,2.6693782806
Honduras,1999,2.9736273289,6.6811079979
"Hong Kong SAR, China",1999,3.4688684940,4.9437322617
Hungary,1999,4.2584791183,4.8565130234
IBRD only,1999,2.7409613132,1.7562289238
IDA & IBRD total,1999,2.7406404018,1.9093990326
IDA blend,1999,2.3385708332,4.6486301422
IDA only,1999,5.3130478859,4.6761279106
IDA total,1999,3.6557903290,3.5192058086
Iceland,1999,4.9326310158,5.3954730034
India,1999,4.3723855019,7.9789276123
Indonesia,1999,2.0827903748,5.9088287354
"Iran, Islamic Rep.",1999,2.4763779640,4.4833674431
Iraq,1999,3.8775267601,6.5281696320
Ireland,1999,4.2594528198,7.2345113754
Isle of Man,1999,3.7962186337,6.5708780289
Israel,1999,4.4950189590,4.6313114166
Italy,1999,2.5430426598,3.2981307507
Jamaica,1999,3.0792284012,5.1792616844
Japan,1999,2.9728004932,3.0842704773
Jordan,1999,4.5957012177,4.8630251884
Kazakhstan,1999,3.8583147526,4.8439798355
Kenya,1999,3.2411210537,4.8531646729
Kiribati,1999,3.0260715485,7.3235564232
"Korea, Rep.",1999,4.6520924568,6.8934292793
Kuwait,1999,2.8233032227,6.5566911697
Kyrgyz Republic,1999,4.6362195015,5.1321177483
Lao PDR,1999,4.7578372955,7.3897747993
Late-demographic dividend,1999,5.3461084366,4.1922369003
Latin America & Caribbean,1999,1.9749350548,4.2057080269
Latin America & Caribbean (excluding high income),1999,1.9609295130,4.4144568443
Latin America & the Caribbean (IDA & IBRD countries),1999,1.9278036356,4.3138756752
Latvia,1999,4.1296944618,4.4212226868
Least developed countries: UN classification,1999,5.5314421654,5.3130178452
Lebanon,1999,2.5627613068,6.0720500946
Lesotho,1999,2.4014039040,5.7808918953
Liberia,1999,3.5292425156,6.7210087776
Libya,1999,2.3080532551,4.9186172485
Liechtenstein,1999,3.8120183945,7.2670235634
Lithuania,1999,3.0332720280,6.4670863152
Low & middle income,1999,2.8101525307,1.8628898859
Low income,1999,3.3654010296,4.7029571533
Lower middle income,1999,5.5698471069,6.4515132904
Luxembourg,1999,4.4691476822,6.9646725655
"Macao SAR, China",1999,2.8573889732,6.5327820778
Madagascar,1999,5.9747271538,5.2823848724
Malawi,1999,4.6070604324,4.3736824989
Malaysia,1999,5.2531313896,6.9918522835
Maldives,1999,5.5765414238,6.9640731812
Mali,1999,5.8120059967,6.9158182144
Malta,1999,5.1254062653,5.4305763245
Marshall Islands,1999,3.1547112465,6.4787397385
Mauritania,1999,5.5016579628,4.6045894623
Mauritius,1999,3.8604156971,4.9639797211
Mexico,1999,3.8003430367,3.5930430889
"Micronesia, Fed. Sts.",1999,3.1841714382,5.6613888741
"Middle East, North Africa, Afghanistan & Pakistan",1999,3.2876274586,3.7158138752
"Middle East, North Africa, Afghanistan & Pakistan (IDA & IBRD)",1999,6.3401088715,5.7630486488
"Middle East, North Africa, Afghanistan & Pakistan (excluding high income)",1999,6.4114794731,5.8643469810
Middle income,1999,2.8016836643,1.8004637957
Moldova,1999,3.2462458611,7.0188179016
Monaco,1999,4.9112715721,4.5958929062
Mongolia,1999,4.1613197327,4.5450720787
Montenegro,1999,3.4575860500,7.6860618591
Morocco,1999,1.9775493145,5.1360826492
Mozambique,1999,3.9566776752,7.3340668678
Myanmar,1999,3.8862390518,7.2197117805
Namibia,1999,4.5947589874,4.5604548454
Nauru,1999,2.9261221886,7.9471158981
Nepal,1999,6.1073632240,5.9898991585
Netherlands,1999,4.4161791801,6.1718926430
New Caledonia,1999,2.3116889000,5.7629833221
New Zealand,1999,5.8461618423,6.6119956970
Nicaragua,1999,5.1174774170,7.3858451843
Niger,1999,2.1989927292,6.3671469688
Nigeria,1999,2.0739810467,6.0601630211
North America,1999,2.9922277927,2.6141550541
North Macedonia,1999,5.2053976059,6.0811491013
Norway,1999,2.5521936417,4.0506567955
OECD members,1999,2.8737919331,2.5077533722
Oman,1999,3.1787791252,5.9509425163
Other small states,1999,3.7508797646,5.0469226837
Pacific island small states,1999,4.1674699783,5.9926733971
Pakistan,1999,5.1480555534,5.2489585876
Palau,1999,2.7718679905,7.5928478241
Panama,1999,4.2089900970,6.4252424240
Papua New Guinea,1999,2.9575657845,5.1425418854
Paraguay,1999,2.2327585220,6.6356983185
Peru,1999,2.5538794994,4.9407811165
Philippines,1999,4.6850061417,4.6676626205
Poland,1999,5.9838266373,5.8568167686
Portugal,1999,5.0678410530,5.7005858421
Post-demographic dividend,1999,2.8451185226,2.7038278580
Pre-demographic dividend,1999,5.7102375031,5.9151234627
Puerto Rico (US),1999,4.3905043602,6.3141565323
Qatar,1999,4.7782998085,5.8104062080
Romania,1999,1.8761476278,6.1922926903
Russian Federation,1999,5.0200605392,7.2881569862
Rwanda,1999,5.8288741112,5.2040419579
Samoa,1999,2.9249548912,4.5065779686
San Marino,1999,4.2813091278,7.7422447205
Sao Tome and Principe,1999,3.5921082497,4.7647762299
Saudi Arabia,1999,2.3684825897,5.8883981705
Senegal,1999,5.8398399353,7.0336728096
Serbia,1999,3.2042241096,7.6143465042
Seychelles,1999,2.9102599621,4.8463292122
Sierra Leone,1999,2.2725272179,6.9730134010
Singapore,1999,5.0093336105,4.9258589745
Slovak Republic,1999,3.4898066521,5.9873480797
Slovenia,1999,4.5989995003,5.9490470886
Small states,1999,4.1462230682,5.4560971260
Solomon Islands,1999,2.2716815472,6.2236909866
"Somalia, Fed. Rep.",1999,4.9070773125,7.4944939613
South Africa,1999,3.2190537453,4.2959938049
South Asia,1999,4.4027433395,8.0242700577
South Asia (IDA & IBRD),1999,4.5263772011,8.0242595673
Spain,1999,6.4190587997,5.8836898804
Sri Lanka,1999,4.8364400864,6.0569186211
St. Kitts and Nevis,1999,4.4813394547,5.0738940239
St. Lucia,1999,3.7793538570,5.1415591240
St. Vincent and the Grenadines,1999,3.7938342094,5.0573234558
Sub-Saharan Africa,1999,2.5699298382,3.7629632950
Sub-Saharan Africa (IDA & IBRD countries),1999,2.6121416092,3.8522958755
Sub-Saharan Africa (excluding high income),1999,2.4062237740,3.6413910389
Sudan,1999,4.5759434700,4.3672199249
Suriname,1999,2.7831737995,6.6205511093
Sweden,1999,5.1124687195,5.9853305817
Switzerland,1999,3.1448101997,4.5474224091
Syrian Arab Republic,1999,2.1690950394,6.9685034752
Tajikistan,1999,4.3451499939,5.5019249916
Tanzania,1999,5.6358394623,5.5984616280
Thailand,1999,3.8682818413,5.9938888550
Timor-Leste,1999,3.0479428768,7.8103499413
Togo,1999,3.5013651848,4.3777914047
Tonga,1999,3.0144381523,4.4057750702
Trinidad and Tobago,1999,4.6266360283,7.6819562912
Tunisia,1999,5.0594868660,6.4389595985
Turkiye,1999,2.2592504025,7.1696119308
Turkmenistan,1999,3.8871300220,6.4516949654
Tuvalu,1999,2.5163156986,6.6840324402
Uganda,1999,4.8520951271,7.8873734474
Ukraine,1999,3.5448958874,6.2628827095
United Arab Emirates,1999,3.9831926823,4.1032133102
United Kingdom,1999,4.8936586380,4.1125283241
United States,1999,3.1332468987,2.6630563736
Upper middle income,1999,2.9764862061,1.6988197565
Uruguay,1999,2.7288067341,6.2425303459
Uzbekistan,1999,5.8110389709,5.5274820328
Vanuatu,1999,3.3639345169,6.0299601555
"Venezuela, RB",1999,2.8176121712,8.0428838730
Viet Nam,1999,4.0034728050,6.0358829498
West Bank and Gaza,1999,4.0856685638,7.3734550476
World,1999,2.6579332352,2.6222128868
"Yemen, Rep.",1999,5.1951413155,5.1615414619
Zambia,1999,5.7216243744,6.3247628212
Zimbabwe,1999,1.9547159672,6.4774932861
Afghanistan,2000,-0.6137360334,-4.7409329414
Africa Eastern and Southern,2000,0.0413108431,-4.2689638138
Africa Western and Central,2000,2.1245281696,-4.0788779259
Albania,2000,0.4658933282,-4.6001839638
Algeria,2000,0.1622026265,-4.6453385353
American Samoa,2000,4.0360956192,-2.6351974010
Andorra,2000,1.1720197201,-3.4478654861
Angola,2000,0.9381007552,-4.9411253929
Antigua and Barbuda,2000,0.2576247156,-4.1620249748
Arab World,2000,-0.2444951385,-4.1232309341
Argentina,2000,0.7832955718,-3.3382108212
Armenia,2000,0.1762235314,-3.9237623215
Aruba,2000,0.5796846747,-3.9515604973
Australia,2000,0.8014924526,-3.9875321388
Austria,2000,0.7081274986,-4.2332677841
Azerbaijan,2000,0.7281704545,-4.4320611954
"Bahamas, The",2000,0.3445359766,-4.3426446915
Bahrain,2000,-0.5956009030,-3.9193015099
Bangladesh,2000,0.0412873477,-3.6268923283
Barbados,2000,0.3237819672,-4.0849709511
Belarus,2000,-0.0944627300,-4.1727442741
Belgium,2000,2.5224361420,-4.3078398705
Belize,2000,0.8079431057,-4.1397686005
Benin,2000,0.6540952921,-3.5908174515
Bermuda,2000,0.0467071645,-4.6938056946
Bhutan,2000,0.8586530685,-4.3782095909
Bolivia,2000,0.4833613634,-3.9988298416
Bosnia and Herzegovina,2000,0.5800146461,-4.5863256454
Botswana,2000,0.5793298483,-3.1258466244
Brazil,2000,0.5204073191,-3.9181561470
Brunei Darussalam,2000,0.3753704727,-4.0743045807
Bulgaria,2000,0.2178930789,-3.6572730541
Burkina Faso,2000,0.2766166031,-3.7835512161
Burundi,2000,-0.1450195312,-3.5602073669
Cabo Verde,2000,0.2305106819,-3.8238906860
Cambodia,2000,0.5470159054,-3.5362896919
Cameroon,2000,1.0821411610,-3.9034218788
Canada,2000,-0.1779359281,-4.0438852310
Caribbean small states,2000,0.9807039499,-4.1259331703
Central African Republic,2000,0.3704058528,-4.3263864517
Central Europe and the Baltics,2000,0.8343894482,-3.5335671902
Chad,2000,0.2096518427,-4.3467898369
Channel Islands,2000,-0.2783143818,-3.3269884586
Chile,2000,-0.4252309799,-3.9859526157
China,2000,3.5035359859,-2.5621078014
Colombia,2000,0.5660985112,-3.2205684185
Comoros,2000,-1.1382240057,-2.7681756020
"Congo, Dem. Rep.",2000,-0.5142431855,-3.3667013645
"Congo, Rep.",2000,-0.0083024688,-3.6678903103
Costa Rica,2000,1.6338992119,-4.0317983627
Cote d'Ivoire,2000,-0.3423237205,-3.5859687328
Croatia,2000,0.6237262487,-3.5313251019
Cuba,2000,0.6162043810,-3.6627860069
Curacao,2000,1.1022640467,-3.9547483921
Cyprus,2000,0.2044410408,-3.2761607170
Czechia,2000,0.4670052528,-6.3679690361
Denmark,2000,0.3433445096,-3.1935636997
Djibouti,2000,0.5273131728,-5.0416240692
Dominica,2000,-0.9345239997,-3.7015178204
Dominican Republic,2000,-0.8331460357,-5.6848368645
Early-demographic dividend,2000,2.8008139133,-2.6686429977
East Asia & Pacific,2000,3.9069783688,-2.3560934067
East Asia & Pacific (IDA & IBRD countries),2000,3.3767738342,-2.4254360199
East Asia & Pacific (excluding high income),2000,3.4001936913,-2.5168678761
Ecuador,2000,-0.0023597931,-6.2434697151
"Egypt, Arab Rep.",2000,0.1513002068,-3.5218622684
El Salvador,2000,1.3980976343,-5.2300605774
Equatorial Guinea,2000,-0.6098185778,-4.7167448997
Eritrea,2000,-0.1953337789,-2.9818763733
Estonia,2000,0.5027253628,-3.8811511993
Eswatini,2000,-0.6724150181,-3.5439109802
Ethiopia,2000,-0.9666424394,-6.0893549919
Euro area,2000,4.3036608696,-2.0295619965
Europe & Central Asia,2000,4.2753005028,-2.0172789097
Europe & Central Asia (IDA & IBRD countries),2000,0.1962573975,-3.4969193935
Europe & Central Asia (excluding high income),2000,-0.2750513256,-3.0805814266
European Union,2000,4.3258094788,-1.9517771006
Faroe Islands,2000,-0.7752559185,-4.7349934578
Fiji,2000,-0.4751340151,-3.4441578388
Finland,2000,-1.6798286438,-3.9015481472
Fragile and conflict affected situations,2000,-2.0783333778,-4.1485581398
France,2000,2.7733042240,-4.1077518463
French Polynesia,2000,0.4809344411,-3.0123422146
Gabon,2000,-0.9029801488,-3.4753742218
"Gambia, The",2000,-1.2601214647,-3.5609965324
Georgia,2000,-0.6862518787,-3.0490508080
Germany,2000,3.0489404202,-4.4867854118
Ghana,2000,-1.3898897171,-3.3787257671
Greece,2000,1.0627243519,-6.0680928230
Greenland,2000,-0.7017862201,-4.4456777573
Grenada,2000,-0.7341194749,-4.1970996857
Guam,2000,1.1939978600,-2.9061484337
Guatemala,2000,-1.5781408548,-5.2530136108
Guinea,2000,-2.0423252583,-5.2158989906
Guinea-Bissau,2000,-1.1302798986,-4.3190250397
Guyana,2000,-0.1567780972,-3.1925928593
Haiti,2000,-1.5862683058,-4.9566359520
Heavily indebted poor countries (HIPC),2000,1.0011923313,-5.2735338211
High income,2000,4.0041155815,-2.2789669037
Honduras,2000,-1.1290491819,-4.8008189201
"Hong Kong SAR, China",2000,1.6099536419,-5.6442389488
Hungary,2000,-0.8411282897,-3.9063580036
IBRD only,2000,4.3038849831,-2.5070588589
IDA & IBRD total,2000,4.4393754005,-2.6015508175
IDA blend,2000,2.3998422623,-4.4697260857
IDA only,2000,1.6545416117,-3.7132561207
IDA total,2000,2.5582959652,-3.8965296745
Iceland,2000,-0.8363554478,-3.7886545658
India,2000,1.4801734686,-2.5028424263
Indonesia,2000,-0.6344538927,-4.4175710678
"Iran, Islamic Rep.",2000,-1.8146761656,-4.7728772163
Iraq,2000,-1.1542530060,-5.1438169479
Ireland,2000,-1.2167097330,-4.3262219429
Isle of Man,2000,-1.3889244795,-3.7770574093
Israel,2000,-0.7845402956,-3.4939596653
Italy,2000,2.9594240189,-4.1121416092
Jamaica,2000,-1.1636745930,-5.6798834801
Japan,2000,3.7330126762,-2.7821307182
Jordan,2000,-0.6630070210,-5.8294343948
Kazakhstan,2000,-1.1556206942,-4.1683497429
Kenya,2000,-1.0757521391,-5.1576399803
Kiribati,2000,-0.6713273525,-5.0169153214
"Korea, Rep.",2000,3.4168431759,-2.8868987560
Kosovo,2000,4.0347862244,-1.8647639751
Kuwait,2000,1.1656140089,-4.8286700249
Kyrgyz Republic,2000,-0.8615033627,-4.4282455444
Lao PDR,2000,-1.4726730585,-4.1176719666
Late-demographic dividend,2000,4.1235046387,-2.8629741669
Latin America & Caribbean,2000,2.3526861668,-2.8239643574
Latin America & Caribbean (excluding high income),2000,2.2676334381,-2.7890563011
Latin America & the Caribbean (IDA & IBRD countries),2000,2.3378791809,-2.8102650642
Latvia,2000,-0.0558571517,-5.7354536057
Least developed countries: UN classification,2000,-0.8883865476,-6.0968518257
Lebanon,2000,0.9641567469,-4.6857023239
Lesotho,2000,1.6066689491,-4.1043667793
Liberia,2000,-0.4075302780,-4.6664037704
Libya,2000,1.1700865030,-3.6517000198
Liechtenstein,2000,-0.1312683076,-4.3410444260
Lithuania,2000,-0.1740547270,-4.8045606613
Low & middle income,2000,4.4490976334,-2.5890755653
Low income,2000,0.8008182645,-5.4231052399
Lower middle income,2000,2.5617976189,-2.8124630451
Luxembourg,2000,-0.9121755958,-4.2841753960
"Macao SAR, China",2000,0.0309801605,-6.0787611008
Madagascar,2000,-0.5400518179,-5.4324493408
Malawi,2000,-1.0387445688,-4.8795771599
Malaysia,2000,-0.9123753905,-4.2851138115
Maldives,2000,1.5761495829,-3.8106062412
Mali,2000,-1.2356611490,-4.8572111130
Malta,2000,-0.0396195576,-5.1832084656
Marshall Islands,2000,0.5311129093,-5.9025874138
Mauritania,2000,-0.4245913029,-5.6655898094
Mauritius,2000,0.1265119910,-5.3076748848
Mexico,2000,-1.9557627439,-4.2977237701
"Micronesia, Fed. Sts.",2000,-0.8077448606,-5.3850994110
"Middle East, North Africa, Afghanistan & Pakistan",2000,-0.2317242771,-3.6989152431
"Middle East, North Africa, Afghanistan & Pakistan (IDA & IBRD)",2000,-0.9506891370,-2.7798926830
"Middle East, North Africa, Afghanistan & Pakistan (excluding high income)",2000,-1.0708231926,-2.6900594234
Middle income,2000,4.3166184425,-2.7273027897
Moldova,2000,0.5566168427,-5.6124987602
Monaco,2000,1.6987634897,-3.6133706570
Mongolia,2000,-1.0914697647,-3.2900226116
Montenegro,2000,-0.4509060085,-5.2837514877
Morocco,2000,0.4322170317,-5.3958430290
Mozambique,2000,-0.4843422472,-5.2112927437
Myanmar,2000,-0.7817077041,-4.9363689423
Namibia,2000,1.6849303246,-5.0854163170
Nauru,2000,-0.7033880353,-3.5896508694
Nepal,2000,-0.6486213803,-2.5785322189
Netherlands,2000,2.3017017841,-3.9978089333
New Caledonia,2000,0.2276905775,-2.5396034718
New Zealand,2000,0.4015461206,-5.0080022812
Nicaragua,2000,0.3884443045,-5.4947438240
Niger,2000,-0.1364178509,-4.8558621407
Nigeria,2000,-0.7971709371,-4.3903656006
North America,2000,3.9513103962,-2.3532185555
North Macedonia,2000,-0.2913506329,-4.3457670212
Northern Mariana Islands,2000,3.7103559971,-2.6577568054
Norway,2000,2.2722284794,-4.7967386246
OECD members,2000,4.0607538223,-2.1726694107
Oman,2000,0.3073342144,-5.2425675392
Other small states,2000,0.0493274108,-5.5941114426
Pacific island small states,2000,-0.6803872585,-5.5361237526
Pakistan,2000,1.2840076685,-4.6401062012
Palau,2000,-0.0549737737,-4.4618339539
Panama,2000,0.2361498475,-4.8063883781
Papua New Guinea,2000,0.1341837496,-5.4467926025
Paraguay,2000,-0.4989333451,-2.5935099125
Peru,2000,1.3463153839,-3.0995366573
Philippines,2000,0.6919351816,-5.3576164246
Poland,2000,0.6724222302,-5.1518254280
Portugal,2000,2.3696913719,-3.7437715530
Post-demographic dividend,2000,3.9592094421,-2.1313045025
Pre-demographic dividend,2000,-1.8718974590,-4.0011472702
Puerto Rico (US),2000,1.5354036093,-4.7771387100
Qatar,2000,0.9878735542,-4.5036621094
Romania,2000,0.2673493028,-2.8512122631
Russian Federation,2000,-0.3556570113,-4.8772072792
Rwanda,2000,-0.0128217796,-5.9065761566
Samoa,2000,-0.4433885217,-4.3203125000
San Marino,2000,0.9363479018,-5.2057995796
Sao Tome and Principe,2000,-0.3568716645,-5.0865058899
Saudi Arabia,2000,0.0240670275,-5.4934635162
Senegal,2000,1.4142993689,-3.8620803356
Serbia,2000,0.4499241114,-2.3994078636
Seychelles,2000,1.7817363739,-4.6092333794
Sierra Leone,2000,-0.7819319963,-3.9530735016
Singapore,2000,1.6891030073,-3.3387506008
Slovak Republic,2000,0.1577897221,-2.7230069637
Slovenia,2000,1.7997225523,-4.3811774254
Small states,2000,-0.8281287551,-6.3516607285
Solomon Islands,2000,0.1223071441,-4.6368517876
"Somalia, Fed. Rep.",2000,-0.2935573161,-4.5451464653
South Africa,2000,0.8446669579,-4.3646893501
South Asia,2000,1.5799256563,-2.4394524097
South Asia (IDA & IBRD),2000,1.5789905787,-2.4641315937
Spain,2000,-2.0077228546,-3.8964047432
Sri Lanka,2000,1.2079879045,-4.8603138924
St. Kitts and Nevis,2000,-0.3037787378,-4.9371166229
St. Lucia,2000,0.4094975293,-4.9582552910
St. Vincent and the Grenadines,2000,-0.5485921502,-4.9323015213
Sub-Saharan Africa,2000,2.9136502743,-4.4372544289
Sub-Saharan Africa (IDA & IBRD countries),2000,3.0002872944,-4.5781631470
Sub-Saharan Africa (excluding high income),2000,2.9439184666,-4.4964027405
Sudan,2000,0.2530787289,-4.6469674110
Suriname,2000,0.0629794747,-2.5922892094
Sweden,2000,1.2785481215,-4.3009486198
Switzerland,2000,1.2380582094,-3.8050851822
Syrian Arab Republic,2000,1.1049991846,-5.4392852783
Tajikistan,2000,0.7898802757,-2.8089351654
Tanzania,2000,0.2317081243,-3.4051132202
Thailand,2000,1.1021494865,-3.5571374893
Timor-Leste,2000,-1.7197470665,-5.7987027168
Togo,2000,-0.1134491637,-3.9342651367
Tonga,2000,0.8797065020,-2.6487874985
Trinidad and Tobago,2000,-0.1894765198,-2.6132221222
Tunisia,2000,1.0434415340,-2.9932131767
Turkiye,2000,-1.6420736313,-3.5325231552
Turkmenistan,2000,-1.8513660431,-4.3556194305
Tuvalu,2000,0.2977782786,-4.7259216309
Uganda,2000,0.1540595144,-4.0745482445
Ukraine,2000,1.1213123798,-5.9348464012
United Arab Emirates,2000,-1.1788662672,-2.8875207901
United Kingdom,2000,3.5623507500,-3.3035511971
United States,2000,3.9122431278,-2.4414117336
Upper middle income,2000,4.4638781548,-2.7687735558
Uruguay,2000,-0.2432344258,-3.2510981560
Uzbekistan,2000,1.4328635931,-4.2341923714
Vanuatu,2000,1.3604110479,-4.4925041199
"Venezuela, RB",2000,-1.5113230944,-5.5499358177
Viet Nam,2000,-2.0870409012,-4.7972140312
West Bank and Gaza,2000,0.0017463219,-3.9378349781
World,2000,4.1728811264,-2.1803843975
"Yemen, Rep.",2000,-1.6376205683,-4.4431524277
Zambia,2000,-0.3333272040,-2.5265741348
Zimbabwe,2000,-1.5644038916,-2.9270057678
Afghanistan,2001,-1.5238925219,-5.6059331894
Africa Eastern and Southern,2001,-0.1283083558,-5.5301079750
Africa Western and Central,2001,-0.2127425075,-6.7491917610
Albania,2001,-1.3289076090,-5.8242144585
Algeria,2001,0.8987160325,-5.7139115334
Andorra,2001,-1.7081518173,-6.3837327957
Angola,2001,0.7246767282,-6.4194889069
Antigua and Barbuda,2001,-2.1418969631,-5.6062331200
Arab World,2001,0.1037051529,-4.1958074570
Argentina,2001,-1.8013066053,-5.1354393959
Armenia,2001,-1.3348309994,-5.7041225433
Aruba,2001,1.2692761421,-6.4691009521
Australia,2001,-0.0069422699,-4.5231528282
Austria,2001,-0.6474217772,-3.8173370361
Azerbaijan,2001,-0.9893773198,-5.7950725555
"Bahamas, The",2001,0.2168787867,-4.4253687859
Bahrain,2001,-0.3480203450,-5.3178205490
Bangladesh,2001,-0.6530329585,-5.9551963806
Barbados,2001,-1.7090963125,-6.0190534592
Belarus,2001,0.4593781531,-6.2334065437
Belgium,2001,-0.4123263657,-4.1203260422
Belize,2001,-0.2794056535,-5.9361724854
Benin,2001,-0.4498097301,-6.4580554962
Bermuda,2001,-1.2831294537,-6.8235502243
Bhutan,2001,-1.3119857311,-6.8685159683
Bolivia,2001,-0.2147475332,-5.0604653358
Bosnia and Herzegovina,2001,-0.9019937515,-5.0684509277
Botswana,2001,-1.1204267740,-4.1246256828
Brazil,2001,-1.0329827070,-4.4758691788
Brunei Darussalam,2001,-0.7318371534,-4.1021051407
Bulgaria,2001,1.6458334923,-5.9665312767
Burkina Faso,2001,-1.2842404842,-7.1215267181
Burundi,2001,-0.6451659203,-4.8021259308
Cabo Verde,2001,-0.3110614419,-4.8479042053
Cambodia,2001,-1.3763871193,-6.9426875114
Cameroon,2001,0.9598989487,-5.8456912041
Canada,2001,0.4990712404,-3.5080778599
Caribbean small states,2001,-0.3972436488,-5.1370697021
Cayman Islands,2001,1.0542064905,-3.2153148651
Central African Republic,2001,0.0606315769,-6.0049362183
Central Europe and the Baltics,2001,1.1176545620,-4.1261301041
Chad,2001,-0.8759662509,-6.0116658211
Channel Islands,2001,-0.1573166847,-5.4417710304
Chile,2001,-0.5078862906,-5.6044654846
China,2001,-1.7398529053,-6.9112906456
Colombia,2001,-0.4830930233,-4.3955011368
Comoros,2001,0.1790551096,-4.9481754303
"Congo, Dem. Rep.",2001,-1.6381199360,-4.3370389938
"Congo, Rep.",2001,0.8145285845,-5.6568470001
Costa Rica,2001,1.2530627251,-5.3554530144
Cote d'Ivoire,2001,-1.7082390785,-4.8203749657
Croatia,2001,0.4560310543,-5.5507020950
Cuba,2001,0.9278798103,-4.8396034241
Curacao,2001,-1.6522463560,-3.7116794586
Cyprus,2001,0.3680329621,-6.2992086411
Czechia,2001,-0.2605300248,-5.0577487946
Denmark,2001,-0.8327763677,-3.7865858078
Djibouti,2001,-1.5238633156,-5.0256590843
Dominica,2001,-2.1083354950,-4.2245736122
Dominican Republic,2001,0.2473487109,-3.9261915684
Early-demographic dividend,2001,-0.4627494514,-2.7530007362
East Asia & Pacific,2001,1.3060315847,-3.3565952778
East Asia & Pacific (IDA & IBRD countries),2001,-1.6327028275,-7.2055621147
East Asia & Pacific (excluding high income),2001,-1.6453694105,-7.1397757530
Ecuador,2001,1.1966038942,-6.2914962769
"Egypt, Arab Rep.",2001,0.9434390068,-6.6671085358
El Salvador,2001,-0.1959343106,-3.7575111389
Equatorial Guinea,2001,-1.5335584879,-5.9475078583
Eritrea,2001,-1.0936543941,-5.8430261612
Estonia,2001,-0.4131802917,-7.1685371399
Eswatini,2001,-1.3713836670,-4.6541461945
Ethiopia,2001,-1.3156644106,-6.2058315277
Euro area,2001,1.5313986540,-3.0246992111
Europe & Central Asia,2001,1.5538516045,-2.9872334003
Europe & Central Asia (IDA & IBRD countries),2001,0.6151101589,-4.1329145432
Europe & Central Asia (excluding high income),2001,-1.8395456076,-4.0146784782
European Union,2001,1.6156985760,-2.9763548374
Faroe Islands,2001,-2.0458409786,-6.1149024963
Fiji,2001,-0.6796984673,-5.2200427055
Finland,2001,-0.0438687354,-5.2005219460
Fragile and conflict affected situations,2001,1.7835100889,-6.2019548416
France,2001,0.8732171655,-3.6304864883
French Polynesia,2001,-1.5636709929,-3.7123808861
Gabon,2001,-0.5016160607,-4.8412003517
"Gambia, The",2001,-0.5086553693,-6.7058944702
Georgia,2001,0.4429329336,-6.8467459679
Germany,2001,0.5562884212,-3.3816318512
Ghana,2001,0.4486159384,-5.9717459679
Greece,2001,1.0179369450,-6.9190592766
Greenland,2001,-0.8326560855,-4.6989932060
Grenada,2001,-2.0048990250,-6.1017804146
Guam,2001,1.5775562525,-3.7891278267
Guatemala,2001,0.1868138462,-4.2927188873
Guinea,2001,0.2858870327,-5.7226390839
Guinea-Bissau,2001,-0.4115023613,-6.1859521866
Guyana,2001,-0.5872915387,-4.7266645432
Haiti,2001,-1.5267269611,-4.1183180809
Heavily indebted poor countries (HIPC),2001,1.1288346052,-5.6332030296
High income,2001,1.6166276932,-3.1233658791
Honduras,2001,0.0684400871,-5.0701994896
"Hong Kong SAR, China",2001,-1.2711548805,-3.3950221539
Hungary,2001,0.8720949292,-6.5150656700
IBRD only,2001,1.8055289984,-2.6374528408
IDA & IBRD total,2001,1.7691693306,-2.5514292717
IDA blend,2001,1.7510317564,-5.8132762909
IDA only,2001,1.9367253780,-6.0456008911
IDA total,2001,1.8131018877,-6.0610766411
Iceland,2001,0.2024065703,-6.5204539299
India,2001,1.9212634563,-4.7491588593
Indonesia,2001,1.2978266478,-5.5822911263
"Iran, Islamic Rep.",2001,-0.2681705654,-4.4702668190
Iraq,2001,-0.6621940732,-5.3482422829
Ireland,2001,-0.5057450533,-7.3697223663
Isle of Man,2001,-0.5291824937,-6.3747634888
Israel,2001,-1.5914041996,-3.9907972813
Italy,2001,-0.4604415894,-5.1458134651
Jamaica,2001,-0.5525049567,-4.2568626404
Japan,2001,1.0655384064,-3.1467661858
Jordan,2001,-0.5664507747,-7.0569686890
Kazakhstan,2001,-0.9318214059,-5.8688049316
Kenya,2001,-0.3690488040,-5.6591906548
Kiribati,2001,-2.1512792110,-5.8483095169
"Korea, Rep.",2001,0.0539833121,-7.1034202576
Kosovo,2001,-1.3305112123,-5.2700715065
Kuwait,2001,-1.3528275490,-3.6951768398
Kyrgyz Republic,2001,-0.0530426912,-7.3177914619
Lao PDR,2001,-0.3963155448,-7.2060403824
Late-demographic dividend,2001,1.3196350336,-2.5465900898
Latin America & Caribbean,2001,-0.5510124564,-2.7528464794
Latin America & Caribbean (excluding high income),2001,-0.6016876101,-2.7906920910
Latin America & the Caribbean (IDA & IBRD countries),2001,-0.5116309524,-2.6749355793
Latvia,2001,-1.0045660734,-6.8447594643
Least developed countries: UN classification,2001,0.0030931900,-6.3846464157
Lebanon,2001,0.3957510293,-6.2364377975
Lesotho,2001,1.3280010223,-5.3626642227
Liberia,2001,0.6448961496,-5.0424122810
Libya,2001,-1.9841848612,-4.3386011124
Liechtenstein,2001,-1.8342899084,-4.4277524948
Lithuania,2001,-1.2419817448,-6.6425333023
Low & middle income,2001,1.7139884233,-2.4880833626
Low income,2001,0.5579167604,-5.9976181984
Lower middle income,2001,-0.1952394545,-6.0361804962
Luxembourg,2001,0.2984605730,-6.3180942535
"Macao SAR, China",2001,0.4198351502,-5.0056147575
Madagascar,2001,-0.4593548775,-7.0154695511
Malawi,2001,-1.8579311371,-5.6938786507
Malaysia,2001,-1.4047930241,-3.2832875252
Maldives,2001,-2.1001241207,-5.1559023857
Mali,2001,-0.8232752681,-5.8357677460
Malta,2001,-1.3959665298,-3.9253745079
Marshall Islands,2001,-1.0553734303,-6.6234765053
Mauritania,2001,-1.4728642702,-4.7312870026
Mauritius,2001,0.0368256494,-5.8645439148
Mexico,2001,-1.7139207125,-3.6919744015
"Micronesia, Fed. Sts.",2001,-0.4114631116,-4.5855927467
"Middle East, North Africa, Afghanistan & Pakistan",2001,0.4628825784,-4.1300821304
"Middle East, North Africa, Afghanistan & Pakistan (IDA & IBRD)",2001,0.3093388379,-4.3297209740
"Middle East, North Africa, Afghanistan & Pakistan (excluding high income)",2001,0.2821833491,-4.4597983360
Middle income,2001,1.6915024519,-2.4595489502
Moldova,2001,-0.7029845119,-6.5503659248
Monaco,2001,0.0304705538,-4.1966042519
Mongolia,2001,0.1605108231,-5.4768347740
Montenegro,2001,-1.1411890984,-4.6312813759
Morocco,2001,-1.5379780531,-6.2543659210
Mozambique,2001,-0.7757201195,-5.9516601562
Myanmar,2001,-1.1580903530,-5.9466309547
Namibia,2001,-0.9326766729,-4.0510339737
Nauru,2001,-1.9462069273,-5.5600957870
Nepal,2001,-0.2007439435,-6.1379628181
Netherlands,2001,0.4289551079,-4.6562366486
New Caledonia,2001,-1.4770357609,-5.9498391151
New Zealand,2001,0.9431104660,-5.2612943649
Nicaragua,2001,1.4288582802,-5.7373175621
Niger,2001,-1.5652655363,-7.0676417351
Nigeria,2001,-0.7763808966,-7.0782136917
North America,2001,1.3861712217,-3.2686784267
North Macedonia,2001,-1.7466510534,-5.2744956017
Norway,2001,-0.1064738706,-3.9265892506
OECD members,2001,1.6321258545,-3.0850181580
Oman,2001,0.0634712800,-5.9387941360
Other small states,2001,0.2986724973,-5.3303041458
Pacific island small states,2001,-0.8643789887,-5.4160966873
Pakistan,2001,1.8268747330,-5.8476777077
Palau,2001,-1.0462466478,-7.3926973343
Panama,2001,-1.3189842701,-4.6507139206
Papua New Guinea,2001,-2.0651991367,-4.6320705414
Paraguay,2001,-1.5359637737,-3.7213642597
Peru,2001,-1.6663613319,-3.7877736092
Philippines,2001,0.0202705525,-4.9081120491
Poland,2001,-1.0841653347,-5.3805522919
Portugal,2001,-0.1433102936,-3.6879801750
Post-demographic dividend,2001,1.5620249510,-3.1068816185
Pre-demographic dividend,2001,0.6647180319,-6.5145025253
Puerto Rico (US),2001,-1.0198541880,-7.2696366310
Qatar,2001,-0.2308050543,-5.6600389481
Romania,2001,-0.2150632590,-6.8071112633
Russian Federation,2001,0.0727223530,-7.0613455772
Rwanda,2001,-1.3497823477,-6.3680162430
Samoa,2001,-1.6044477224,-6.6046733856
San Marino,2001,-0.4734182060,-7.0477714539
Sao Tome and Principe,2001,0.3505009413,-5.6216259003
Saudi Arabia,2001,-1.9454548359,-3.8339381218
Senegal,2001,1.1630198956,-5.9131002426
Serbia,2001,-1.2102395296,-6.7142548561
Seychelles,2001,-2.0635075569,-4.5444512367
Sierra Leone,2001,-2.2030005455,-5.4533472061
Singapore,2001,-1.7620663643,-3.3832213879
Slovak Republic,2001,0.4367712140,-5.2186174393
Slovenia,2001,0.6271113753,-4.9744391441
Small states,2001,0.3546798527,-4.9818248749
Solomon Islands,2001,-1.6894139051,-5.8032016754
"Somalia, Fed. Rep.",2001,-1.8170834780,-6.9417233467
South Africa,2001,-1.2340117693,-5.2764043808
South Asia,2001,1.9644442797,-4.7395153046
South Asia (IDA & IBRD),2001,2.0320248604,-4.6882905960
Spain,2001,-0.1496360749,-6.0582432747
Sri Lanka,2001,-1.2008980513,-3.5506587029
St. Kitts and Nevis,2001,-0.0803403258,-6.9159922600
St. Lucia,2001,-2.0951280594,-6.0228238106
St. Vincent and the Grenadines,2001,-0.8410458565,-5.3360209465
Sub-Saharan Africa,2001,1.3219717741,-6.7199182510
Sub-Saharan Africa (IDA & IBRD countries),2001,1.2821787596,-6.8111810684
Sub-Saharan Africa (excluding high income),2001,1.4055669308,-6.7507653236
Sudan,2001,-1.3917225599,-7.4770164490
Suriname,2001,0.8803079128,-6.0850324631
Sweden,2001,-0.5565880537,-3.7781493664
Switzerland,2001,-0.8619982004,-3.9226963520
Syrian Arab Republic,2001,-1.2569607496,-4.6114716530
Tajikistan,2001,-1.4283170700,-6.1269168854
Tanzania,2001,-0.8373718262,-7.4028911591
Thailand,2001,0.9117877483,-5.3926568031
Timor-Leste,2001,-1.1376154423,-5.5475630760
Togo,2001,-1.0708354712,-4.8886499405
Tonga,2001,-0.4645419121,-5.0690851212
Trinidad and Tobago,2001,0.7467839122,-6.8663992882
Tunisia,2001,1.3742597103,-6.9084401131
Turkiye,2001,-1.8585342169,-5.4625210762
Turkmenistan,2001,0.6444267631,-6.6630382538
Turks and Caicos Islands,2001,-0.5214709640,-5.6558475494
Tuvalu,2001,-1.3397802114,-3.4122500420
Uganda,2001,-0.4502140284,-6.4295186996
Ukraine,2001,-1.7110613585,-5.7611541748
United Arab Emirates,2001,-0.7607317567,-4.0537018776
United Kingdom,2001,-2.0642940998,-4.9544558525
United States,2001,1.4699240923,-3.2095494270
Upper middle income,2001,1.6425462961,-2.4757058620
Uruguay,2001,-2.2981331348,-5.1738080978
Uzbekistan,2001,1.0069593191,-6.4111719131
Vanuatu,2001,-1.9537441730,-5.1641106606
"Venezuela, RB",2001,1.4763709307,-5.0479393005
Viet Nam,2001,-1.1784417629,-7.3451161385
West Bank and Gaza,2001,-1.6811928749,-5.3602199554
World,2001,1.7981625795,-3.0708596706
"Yemen, Rep.",2001,0.8352473974,-5.6435532570
Zambia,2001,0.1180223152,-7.1230850220
Zimbabwe,2001,-1.0479217768,-4.9375166893
Afghanistan,2002,-1.5400764942,11.3600702286
Africa Eastern and Southern,2002,-1.2766680717,9.5845432281
Africa Western and Central,2002,-0.6681820750,11.4788103104
Albania,2002,-0.3959495127,9.6922626495
Algeria,2002,0.1305686384,9.8766574860
American Samoa,2002,-1.3132101297,11.8391199112
Andorra,2002,-0.3988771141,8.6035213470
Angola,2002,-0.4844437838,10.7107963562
Antigua and Barbuda,2002,-2.2793154716,10.6148929596
Arab World,2002,-2.1231691837,10.3340768814
Argentina,2002,-1.0883916616,10.8543395996
Armenia,2002,-0.6210595965,10.7867250443
Aruba,2002,-2.0399999619,11.9560966492
Australia,2002,-0.9253832698,8.9936904907
Austria,2002,-3.6717782021,11.2443447113
Azerbaijan,2002,-0.5394609571,11.2923803329
"Bahamas, The",2002,-2.0138602257,9.5707817078
Bahrain,2002,-1.1589620113,9.7141237259
Bangladesh,2002,-0.3757259548,10.0142230988
Barbados,2002,-1.5523053408,11.5424690247
Belarus,2002,-0.0918135867,9.5644388199
Belgium,2002,-2.6646201611,10.2454261780
Belize,2002,-0.0012564589,10.3656978607
Benin,2002,-0.1231369823,8.8286466599
Bermuda,2002,-2.1269640923,11.5139160156
Bhutan,2002,-0.9907988310,11.0847282410
Bolivia,2002,-2.3748466969,10.2302684784
Bosnia and Herzegovina,2002,-0.5691753030,9.7783184052
Botswana,2002,-0.1501162350,10.5565614700
Brazil,2002,1.1676199436,9.0783252716
Brunei Darussalam,2002,-0.7121000886,10.1622896194
Bulgaria,2002,-0.3669791222,10.5302133560
Burkina Faso,2002,-0.2192296833,9.1951398849
Burundi,2002,-0.2818787992,8.7899065018
Cabo Verde,2002,-0.3778921366,10.1003789902
Cambodia,2002,0.3025081754,10.7078170776
Cameroon,2002,-0.4123685956,9.1148843765
Canada,2002,-0.8464184403,10.0261411667
Caribbean small states,2002,-1.0510028601,11.1345386505
Cayman Islands,2002,-3.9937443733,12.2065629959
Central African Republic,2002,-0.5404263735,9.4826450348
Central Europe and the Baltics,2002,-0.5288309455,9.9258031845
Chad,2002,0.0333649591,11.1652879715
Channel Islands,2002,-1.2057315111,10.1848745346
Chile,2002,-1.7456287146,8.8995256424
China,2002,-0.6253122091,12.3525018692
Colombia,2002,-0.6089214087,10.6267395020
Comoros,2002,-0.6078435779,9.9037961960
"Congo, Dem. Rep.",2002,-0.3743645549,9.6600217819
"Congo, Rep.",2002,-0.2937800586,9.4728479385
Costa Rica,2002,-0.2214932293,9.8873996735
Cote d'Ivoire,2002,-1.3679718971,10.5205421448
Croatia,2002,0.5217857361,10.8566265106
Cuba,2002,-1.7580659389,10.0730171204
Curacao,2002,-2.9453120232,11.2104234695
Cyprus,2002,0.2073816657,8.5925970078
Czechia,2002,-1.5459759235,10.2573499680
Denmark,2002,-3.0443367958,11.2406444550
Djibouti,2002,-0.2725283802,10.8899164200
Dominica,2002,-1.2767013311,11.3866024017
Dominican Republic,2002,-0.2875708342,9.2886400223
Early-demographic dividend,2002,-3.4513728619,9.6241369247
East Asia & Pacific,2002,-4.5247926712,12.3693094254
East Asia & Pacific (IDA & IBRD countries),2002,-0.7619478106,12.3288993835
East Asia & Pacific (excluding high income),2002,-0.6344779134,12.4179620743
Ecuador,2002,0.5486307144,9.1468648911
"Egypt, Arab Rep.",2002,-2.1829695702,10.0808963776
El Salvador,2002,-2.5650413036,9.8049306870
Equatorial Guinea,2002,-1.5585191250,11.5962553024
Eritrea,2002,0.1329403222,9.9306755066
Estonia,2002,0.4097029269,11.2978782654
Eswatini,2002,-0.7845978141,8.9064950943
Ethiopia,2002,-1.9182208776,10.6302337646
Euro area,2002,-4.7938494682,12.5798072815
Europe & Central Asia,2002,-4.9485154152,12.5551013947
Europe & Central Asia (IDA & IBRD countries),2002,0.7916067243,9.5318593979
Europe & Central Asia (excluding high income),2002,1.0625567436,11.6121978760
European Union,2002,-4.7822470665,12.6547641754
Faroe Islands,2002,-1.3990697861,11.3769187927
Fiji,2002,-1.3492763042,9.4784841537
Finland,2002,-2.4130363464,10.3074932098
Fragile and conflict affected situations,2002,0.5728728771,9.2472391129
France,2002,-2.8831136227,10.1625843048
French Polynesia,2002,-2.0947997570,11.0619668961
Gabon,2002,-2.5127134323,11.3324537277
"Gambia, The",2002,-1.3847332001,10.3566703796
Georgia,2002,0.7154120207,10.4808578491
Germany,2002,-2.8750281334,11.6339292526
Ghana,2002,-0.0286057964,9.4676713943
Greece,2002,-0.3706278801,8.5361251831
Greenland,2002,-2.0532238483,11.9060459137
Grenada,2002,-1.6311939955,9.4785966873
Guam,2002,-1.6079214811,10.9644813538
Guatemala,2002,-0.2329960465,8.8619098663
Guinea,2002,0.0568560585,9.1411333084
Guinea-Bissau,2002,-0.6012271643,9.3380384445
Guyana,2002,-2.6783001423,10.6327333450
Haiti,2002,-1.8371502161,9.7528696060
Heavily indebted poor countries (HIPC),2002,-1.4131000042,9.2226915359
High income,2002,-4.6332345009,12.5651588440
Honduras,2002,-0.5534573793,9.2661333084
"Hong Kong SAR, China",2002,-2.7873477936,10.8070173264
Hungary,2002,0.2990774512,8.8379096985
IBRD only,2002,-4.5780591965,12.8077030182
IDA & IBRD total,2002,-4.6473970413,12.9099044800
IDA blend,2002,0.7775683999,11.5966968536
IDA only,2002,0.4862259924,9.3202629089
IDA total,2002,0.6920612454,10.2464590073
Iceland,2002,-3.3449594975,10.5792999268
India,2002,1.3310648203,8.9782924652
Indonesia,2002,0.2963821888,9.0145168304
"Iran, Islamic Rep.",2002,-0.0632092208,11.9882545471
Iraq,2002,-0.4625674486,10.3700227737
Ireland,2002,0.4567123353,9.7523708344
Isle of Man,2002,0.3843164742,10.8776073456
Israel,2002,-3.1670598984,10.7462139130
Italy,2002,-3.0603919029,10.9522314072
Jamaica,2002,-1.8330425024,10.3977518082
Japan,2002,-4.0110425949,12.0031452179
Jordan,2002,-0.4517225623,9.4114837646
Kazakhstan,2002,-0.5414036512,11.2709474564
Kenya,2002,-2.0724675655,10.9340038300
Kiribati,2002,-0.9237686396,10.1239919662
"Korea, Rep.",2002,-0.3447814286,12.0851020813
Kosovo,2002,-1.1384217739,10.6847906113
Kuwait,2002,-1.5701241493,9.5493030548
Kyrgyz Republic,2002,-2.8710105419,11.2573213577
Lao PDR,2002,0.3797650635,10.5077753067
Late-demographic dividend,2002,-4.1818985939,12.6519212723
Latin America & Caribbean,2002,-3.5650882721,9.7557115555
Latin America & Caribbean (excluding high income),2002,-3.5292351246,9.8518600464
Latin America & the Caribbean (IDA & IBRD countries),2002,-3.5243661404,9.8256616592
Latvia,2002,-0.0755196735,11.6184930801
Least developed countries: UN classification,2002,0.6984828115,9.9984550476
Lebanon,2002,-1.4239754677,9.0876750946
Lesotho,2002,-2.1630167961,11.1727342606
Liberia,2002,-0.8564208150,9.6748085022
Libya,2002,-2.0508930683,12.0612297058
Liechtenstein,2002,-1.8652391434,12.1616535187
Lithuania,2002,0.4802504480,11.4103212357
Low & middle income,2002,-4.6670513153,12.9471511841
Low income,2002,0.2252588719,9.2666807175
Lower middle income,2002,-0.6617449522,8.3236627579
Luxembourg,2002,-1.9388273954,9.2935619354
"Macao SAR, China",2002,-1.0225633383,11.8044204712
Madagascar,2002,-0.9442459941,10.4990653992
Malawi,2002,-1.5951025486,10.8569879532
Malaysia,2002,0.1814928502,8.9769544601
Maldives,2002,-0.0264463332,11.7957344055
Mali,2002,-1.2434185743,10.0276889801
Malta,2002,-0.3813303709,10.1640062332
Marshall Islands,2002,-0.4590618610,10.3024148941
Mauritania,2002,-2.4116995335,9.6535367966
Mauritius,2002,-1.8304226398,9.8020048141
Mexico,2002,-2.5219330788,11.0877428055
"Micronesia, Fed. Sts.",2002,-2.5892012119,11.0987386703
"Middle East, North Africa, Afghanistan & Pakistan",2002,-2.4482274055,9.9935607910
"Middle East, North Africa, Afghanistan & Pakistan (IDA & IBRD)",2002,-1.9224147797,8.7453546524
"Middle East, North Africa, Afghanistan & Pakistan (excluding high income)",2002,-1.9695849419,8.7458791733
Middle income,2002,-4.6062412262,12.8688592911
Moldova,2002,0.1357145756,11.3586578369
Monaco,2002,-2.9677228928,10.3508100510
Mongolia,2002,-0.2754182220,8.5065441132
Montenegro,2002,-1.8587621450,10.4794197083
Morocco,2002,-1.6415692568,8.9605245590
Mozambique,2002,-0.6575102210,11.4873170853
Myanmar,2002,-1.1527793407,11.4624719620
Namibia,2002,0.0001110155,10.1222152710
Nauru,2002,-0.9292306900,11.2829914093
Nepal,2002,-2.9679272175,9.8308849335
Netherlands,2002,-2.9534306526,11.3033514023
New Caledonia,2002,-1.7830357552,11.2526731491
New Zealand,2002,-3.4172265530,12.1521749496
Nicaragua,2002,-2.1492145061,10.8681678772
Niger,2002,-0.1667160243,9.0319890976
Nigeria,2002,-1.1845221519,11.6807947159
North America,2002,-4.5080647469,12.3219509125
North Macedonia,2002,-1.6427959204,10.6095142365
Northern Mariana Islands,2002,-1.7090020180,11.8168239594
Norway,2002,-3.1161744595,10.5197668076
OECD members,2002,-4.6606550217,12.6220731735
Oman,2002,-2.0649261475,12.1031017303
Other small states,2002,-0.8685627580,9.5004367828
Pacific island small states,2002,-1.5963020325,9.9498682022
Pakistan,2002,-1.0771144629,9.4630651474
Palau,2002,0.1739316434,9.1799793243
Panama,2002,-1.5542078018,9.8682250977
Papua New Guinea,2002,-0.5841584802,10.4608554840
Paraguay,2002,-2.3684861660,11.4226989746
Peru,2002,0.3066719472,8.4578037262
Philippines,2002,0.0043848003,9.7844696045
Poland,2002,-1.8298376799,10.5333433151
Portugal,2002,-3.3862898350,10.8402996063
Post-demographic dividend,2002,-4.7819900513,12.5972528458
Pre-demographic dividend,2002,0.7936621308,10.8316841125
Puerto Rico (US),2002,-2.1829340458,10.3700485229
Qatar,2002,-0.0504333600,11.6562042236
Romania,2002,0.8739637733,10.0902547836
Russian Federation,2002,0.5387925506,8.7717037201
Rwanda,2002,-0.7768241763,11.3978052139
Samoa,2002,0.0248021372,10.4910793304
San Marino,2002,-2.9715178013,11.3563985825
Sao Tome and Principe,2002,-1.4017286301,12.1174917221
Saudi Arabia,2002,-3.5231468678,11.7838144302
Senegal,2002,-3.1988029480,11.5240659714
Serbia,2002,0.5744591355,11.4362745285
Seychelles,2002,-2.7425763607,10.5033159256
Sierra Leone,2002,-1.1140737534,10.4428186417
Singapore,2002,-2.8243684769,12.1755781174
Slovak Republic,2002,-0.7581464052,8.9489841461
Slovenia,2002,-0.4190122187,10.3708190918
Small states,2002,-0.7638546228,9.5656976700
Solomon Islands,2002,-1.5931607485,10.6281461716
"Somalia, Fed. Rep.",2002,-0.0476040952,11.9159898758
South Africa,2002,-1.3011709452,8.9257354736
South Asia,2002,1.3112107515,8.9778118134
South Asia (IDA & IBRD),2002,1.3954480886,8.9195327759
Spain,2002,-2.1051988602,9.2836341858
Sri Lanka,2002,0.4614834487,9.5871953964
St. Kitts and Nevis,2002,-2.0263593197,9.8628845215
St. Lucia,2002,-1.7293229103,11.6378145218
St. Vincent and the Grenadines,2002,-0.8592936993,11.6529560089
Sub-Saharan Africa,2002,1.0694903135,11.4897480011
Sub-Saharan Africa (IDA & IBRD countries),2002,1.1358677149,11.4707612991
Sub-Saharan Africa (excluding high income),2002,1.1718485355,11.4992799759
Sudan,2002,0.4711467028,10.5902585983
Suriname,2002,-1.2320158482,10.0840377808
Sweden,2002,-3.6929447651,11.3239135742
Switzerland,2002,-2.4979705811,11.5274324417
Syrian Arab Republic,2002,-0.8455102444,8.6740407944
Tajikistan,2002,-0.3686411679,11.1553773880
Tanzania,2002,0.2033426166,11.8064613342
Thailand,2002,0.8906369805,10.8960752487
Timor-Leste,2002,-0.9608978629,11.0625600815
Togo,2002,-1.0327415466,9.7066049576
Tonga,2002,-0.7096771598,9.1022853851
Trinidad and Tobago,2002,-1.5670979023,11.9345417023
Tunisia,2002,-2.8506567478,10.1123771667
Turkiye,2002,1.1675435305,11.5085830688
Turkmenistan,2002,-3.3940968513,10.9425134659
Turks and Caicos Islands,2002,-0.5712286234,10.1570491791
Tuvalu,2002,-1.1062936783,11.9521579742
Uganda,2002,-0.1461952776,12.0290298462
Ukraine,2002,-0.1096915156,11.0832786560
United Arab Emirates,2002,-1.3208831549,10.0461883545
United Kingdom,2002,-3.8373978138,11.6724128723
United States,2002,-4.4465780258,12.4166879654
Upper middle income,2002,-4.4479532242,12.8513841629
Uruguay,2002,-1.4902226925,10.9860105515
Uzbekistan,2002,-1.0371854305,9.9014253616
Vanuatu,2002,-1.2077105045,10.9512529373
"Venezuela, RB",2002,-1.2661556005,10.7268514633
Viet Nam,2002,1.1122729778,11.0733623505
Virgin Islands (U.S.),2002,-1.7997204065,12.0005712509
West Bank and Gaza,2002,-0.8954859376,10.7926282883
World,2002,-4.7691054344,12.8095045090
"Yemen, Rep.",2002,-0.8361307979,8.8339824677
Zambia,2002,-1.1788158417,8.5367412567
Zimbabwe,2002,-1.0632628202,10.6114873886
Afghanistan,2003,9.9428558350,8.8627462387
Africa Eastern and Southern,2003,9.2626714706,6.6082029343
Africa Western and Central,2003,11.1617908478,6.2142453194
Albania,2003,10.3116598129,6.3176927567
Algeria,2003,11.3042936325,7.5454378128
American Samoa,2003,9.1843576431,7.0590333939
Andorra,2003,9.8933010101,8.7805118561
Angola,2003,9.8615407944,6.6097168922
Antigua and Barbuda,2003,10.7992668152,7.1923594475
Arab World,2003,9.1742248535,5.0137553215
Argentina,2003,10.2494401932,8.9803628922
Armenia,2003,9.6924591064,7.2265167236
Aruba,2003,7.6343955994,7.2660856247
Australia,2003,8.8515329361,6.0130543709
Austria,2003,7.5621771812,7.4597043991
Azerbaijan,2003,9.8639602661,7.6184873581
"Bahamas, The",2003,8.7485227585,7.5664448738
Bahrain,2003,10.6541614532,7.0238785744
Bangladesh,2003,9.6661348343,6.2195758820
Barbados,2003,8.5892524719,7.1194963455
Belarus,2003,10.4646053314,7.5540800095
Belgium,2003,8.3079338074,7.2442922592
Belize,2003,9.9079065323,7.9878482819
Benin,2003,9.0790557861,6.3422966003
Bermuda,2003,8.6310281754,6.1600461006
Bhutan,2003,10.6971673965,8.4076528549
Bolivia,2003,9.2822437286,6.6691813469
Bosnia and Herzegovina,2003,9.3693790436,5.3522377014
Botswana,2003,10.1621093750,5.7425742149
Brazil,2003,7.8747477531,7.5130438805
Brunei Darussalam,2003,9.4525899887,6.0677995682
Bulgaria,2003,10.2397747040,6.1321430206
Burkina Faso,2003,10.6995687485,8.6270332336
Burundi,2003,9.5414571762,6.9511222839
Cabo Verde,2003,9.7812213898,6.4515480995
Cambodia,2003,10.2633457184,8.4745130539
Cameroon,2003,11.0748214722,6.5117588043
Canada,2003,8.3191032410,7.1928248405
Caribbean small states,2003,10.6765489578,6.9369959831
Cayman Islands,2003,8.1048030853,9.3517131805
Central African Republic,2003,9.8721065521,7.1746916771
Central Europe and the Baltics,2003,8.9557456970,5.7635297775
Chad,2003,9.7140150070,7.0776729584
Channel Islands,2003,9.0327377319,7.4916658401
Chile,2003,9.5802268982,6.5021624565
China,2003,9.2610521317,9.3445196152
Colombia,2003,9.2182569504,5.5264415741
Comoros,2003,8.2360315323,6.9390482903
"Congo, Dem. Rep.",2003,10.7710704803,6.6169209480
"Congo, Rep.",2003,8.3538122177,7.6789431572
Costa Rica,2003,9.3623170853,5.0006237030
Cote d'Ivoire,2003,9.7476167679,7.2803568840
Croatia,2003,10.9108629227,6.2234392166
Cuba,2003,9.2771720886,5.7245488167
Curacao,2003,8.0235948563,8.0499048233
Cyprus,2003,8.7461967468,6.5706100464
Czechia,2003,9.1849203110,6.1830596924
Denmark,2003,8.0516719818,8.0876874924
Djibouti,2003,10.0191631317,6.4369826317
Dominica,2003,10.4189758301,6.5395660400
Dominican Republic,2003,9.4655990601,6.8759713173
Early-demographic dividend,2003,11.4838838577,6.1516675949
East Asia & Pacific,2003,7.7256107330,9.7498474121
East Asia & Pacific (IDA & IBRD countries),2003,9.3502864838,9.3966007233
East Asia & Pacific (excluding high income),2003,9.4229030609,9.4417428970
Ecuador,2003,8.3424043655,5.8517627716
"Egypt, Arab Rep.",2003,8.5666561127,5.9277520180
El Salvador,2003,7.8197536469,7.1133308411
Equatorial Guinea,2003,9.6572694778,7.6566762924
Eritrea,2003,9.1687088013,7.4607486725
Estonia,2003,10.8178453445,8.3601493835
Eswatini,2003,9.1088781357,5.3701686859
Ethiopia,2003,9.4590196609,7.5221362114
Euro area,2003,7.6430797577,10.2399902344
Europe & Central Asia,2003,7.5702395439,10.0360717773
Europe & Central Asia (IDA & IBRD countries),2003,11.2409524918,6.6350398064
Europe & Central Asia (excluding high income),2003,10.6086282730,7.3063716888
European Union,2003,7.6339659691,10.0735282898
Faroe Islands,2003,10.1206274033,7.7613825798
Fiji,2003,7.7602119446,7.2980303764
Finland,2003,8.3777246475,7.0223374367
Fragile and conflict affected situations,2003,8.4840803146,7.7944774628
France,2003,7.6304678917,7.8878836632
French Polynesia,2003,8.1670475006,6.7609205246
Gabon,2003,8.8952131271,6.8766632080
"Gambia, The",2003,10.8041753769,8.2805318832
Georgia,2003,10.0542459488,7.9605956078
Germany,2003,8.6113252640,8.4188976288
Ghana,2003,10.5887603760,5.8670034409
Greece,2003,11.1169691086,7.1254258156
Greenland,2003,10.1122245789,5.3295369148
Grenada,2003,9.9228982925,8.1387519836
Guam,2003,7.9853987694,7.4515037537
Guatemala,2003,8.1997547150,6.6943650246
Guinea,2003,8.1867551804,7.3794384003
Guinea-Bissau,2003,8.4975347519,7.9254136086
Guyana,2003,8.7437429428,7.3841586113
Haiti,2003,9.1636800766,6.3896355629
Heavily indebted poor countries (HIPC),2003,8.9889087677,5.5927600861
High income,2003,7.6551403999,9.9979877472
Honduras,2003,9.8051509857,5.5648469925
"Hong Kong SAR, China",2003,8.5941562653,6.5522308350
Hungary,2003,9.6686773300,5.8880376816
IBRD only,2003,7.2270884514,10.1991863251
IDA & IBRD total,2003,7.3206486702,10.3196754456
IDA blend,2003,10.5198421478,5.1433472633
IDA only,2003,11.1852312088,5.5962080956
IDA total,2003,10.8507261276,5.4065737724
Iceland,2003,7.8073778152,7.7436838150
India,2003,11.0569667816,9.0926742554
Indonesia,2003,10.9041776657,5.2767958641
"Iran, Islamic Rep.",2003,9.6605796814,8.7223043442
Iraq,2003,9.9706735611,6.7044029236
Ireland,2003,7.9194655418,6.4008741379
Isle of Man,2003,11.3664913177,6.6963753700
Israel,2003,7.9861650467,7.3835802078
Italy,2003,7.9062261581,8.1599159241
Jamaica,2003,9.4236707687,5.6575498581
Japan,2003,7.8233518600,9.3668251038
Jordan,2003,10.3630704880,6.3516254425
Kazakhstan,2003,10.0726871490,8.0193166733
Kenya,2003,8.3601493835,5.8467674255
Kiribati,2003,9.3717203140,7.0382237434
"Korea, Rep.",2003,7.8720264435,6.4718427658
Kosovo,2003,10.2950325012,5.8796758652
Kuwait,2003,9.2393779755,8.3038196564
Kyrgyz Republic,2003,10.8611297607,8.0862636566
Lao PDR,2003,11.1899547577,6.7164888382
Late-demographic dividend,2003,7.4983024597,10.4380073547
Latin America & Caribbean,2003,8.0055875778,5.3373742104
Latin America & Caribbean (excluding high income),2003,7.9895906448,5.3217668533
Latin America & the Caribbean (IDA & IBRD countries),2003,7.9552865028,5.2967348099
Latvia,2003,10.0784320831,8.5844955444
Least developed countries: UN classification,2003,11.0346469879,5.4375987053
Lebanon,2003,9.1402721405,6.6162314415
Lesotho,2003,10.3964891434,5.2269768715
Liberia,2003,9.7431430817,7.5591320992
Libya,2003,9.5978517532,7.5852718353
Liechtenstein,2003,9.0061798096,7.7826514244
Lithuania,2003,10.2224807739,8.1302623749
Low & middle income,2003,7.3107671738,10.2075691223
Low income,2003,11.3997640610,6.2567796707
Lower middle income,2003,11.5710668564,6.2989702225
Luxembourg,2003,7.9200186729,6.9072985649
"Macao SAR, China",2003,9.5296516418,8.5691852570
Madagascar,2003,10.0646696091,9.0725135803
Malawi,2003,10.8805274963,6.6119761467
Malaysia,2003,8.5873908997,9.1000652313
Maldives,2003,9.6116218567,7.9345564842
Mali,2003,9.7701034546,8.5574798584
Malta,2003,9.0256242752,5.5011887550
Marshall Islands,2003,9.2483053207,7.3670887947
Mauritania,2003,11.4169416428,7.6175899506
Mauritius,2003,9.9489269257,7.0944757462
Mexico,2003,8.2435894012,8.2924585342
"Micronesia, Fed. Sts.",2003,8.8182039261,7.2946324348
"Middle East, North Africa, Afghanistan & Pakistan",2003,9.2086534500,4.9027900696
"Middle East, North Africa, Afghanistan & Pakistan (IDA & IBRD)",2003,8.0565757751,6.0435333252
"Middle East, North Africa, Afghanistan & Pakistan (excluding high income)",2003,8.0802764893,6.1281685829
Middle income,2003,7.3254570961,10.2766408920
Moldova,2003,10.4201564789,6.9860930443
Monaco,2003,7.4280090332,7.4904866219
Mongolia,2003,10.4327926636,7.3163566589
Montenegro,2003,8.9482479095,6.8705534935
Morocco,2003,11.0613584518,6.8780875206
Mozambique,2003,10.6755037308,8.1476383209
Myanmar,2003,9.5222339630,7.6472396851
Namibia,2003,9.9486417770,5.5969600677
Nauru,2003,8.1286783218,8.2029981613
Nepal,2003,8.3715772629,5.5499382019
Netherlands,2003,8.2079992294,8.8286848068
New Caledonia,2003,9.0579366684,8.3335542679
New Zealand,2003,10.6018724442,5.1633658409
Nicaragua,2003,8.7293338776,6.8227062225
Niger,2003,8.4198598862,6.9137353897
Nigeria,2003,10.7009057999,8.2865514755
North America,2003,7.6093001366,9.7666845322
North Macedonia,2003,9.6604642868,6.2178721428
Northern Mariana Islands,2003,8.1272315979,7.9754152298
Norway,2003,7.6713552475,7.8537507057
OECD members,2003,7.3668346405,9.8704872131
Oman,2003,9.0019397736,7.8129606247
Other small states,2003,10.0112180710,5.8599991798
Pacific island small states,2003,9.4041242599,6.9842896461
Pakistan,2003,10.5229263306,5.7895421982
Palau,2003,9.2857465744,7.5033030510
Panama,2003,10.5548315048,6.1730890274
Papua New Guinea,2003,9.1008129120,6.8963532448
Paraguay,2003,9.1683530807,5.0983853340
Peru,2003,8.7363519669,5.7364883423
Philippines,2003,9.7205209732,6.0756936073
Poland,2003,8.8332290649,5.6777019501
Portugal,2003,8.5107803345,8.1648178101
Post-demographic dividend,2003,7.4198207855,9.9085216522
Pre-demographic dividend,2003,9.1642541885,8.0223512650
Puerto Rico (US),2003,8.2527236938,8.0350637436
Qatar,2003,9.3157367706,5.8845915794
Romania,2003,7.9547743797,6.4162230492
Russian Federation,2003,11.1786165237,7.9155626297
Rwanda,2003,8.0951309204,6.7510519028
Samoa,2003,10.2590618134,6.1171360016
San Marino,2003,8.6715717316,5.8488860130
Sao Tome and Principe,2003,10.1851530075,8.5128154755
Saudi Arabia,2003,9.9505958557,9.0749034882
Senegal,2003,11.0304708481,5.6690292358
Serbia,2003,10.5762109756,5.3820204735
Seychelles,2003,9.9400529861,6.9283084869
Sierra Leone,2003,10.0177221298,9.0388879776
Singapore,2003,8.9631443024,6.9870767593
Slovak Republic,2003,10.4544343948,5.4588484764
Slovenia,2003,9.2998352051,6.3304014206
Small states,2003,9.9805212021,6.7244553566
Solomon Islands,2003,11.1610565186,7.4384183884
"Somalia, Fed. Rep.",2003,10.9315958023,8.6413974762
South Africa,2003,8.7279739380,6.2233529091
South Asia,2003,11.1909742355,9.1282405853
South Asia (IDA & IBRD),2003,11.1506185532,9.0957326889
Spain,2003,8.3994550705,6.5887856483
Sri Lanka,2003,10.1691732407,6.7614822388
St. Kitts and Nevis,2003,9.4545011520,7.8797302246
St. Lucia,2003,10.1242971420,5.5583496094
St. Vincent and the Grenadines,2003,10.4912490845,7.5230793953
Sub-Saharan Africa,2003,9.8100128174,4.6890158653
Sub-Saharan Africa (IDA & IBRD countries),2003,9.8125896454,4.6572360992
Sub-Saharan Africa (excluding high income),2003,9.8601074219,4.7569208145
Sudan,2003,11.1818065643,6.8502879143
Suriname,2003,10.6922998428,7.2474479675
Sweden,2003,7.7383241653,6.7229504585
Switzerland,2003,7.8063783646,8.2728137970
Syrian Arab Republic,2003,11.0109682083,8.2418632507
Tajikistan,2003,9.1200857162,8.8869132996
Tanzania,2003,11.3848571777,6.9366807938
Thailand,2003,10.8720350266,8.1998920441
Timor-Leste,2003,9.1431245804,7.5617427826
Togo,2003,11.3901882172,7.6617155075
Tonga,2003,8.0887393951,8.5315093994
Trinidad and Tobago,2003,9.4580545425,8.1242818832
Tunisia,2003,9.6863880157,4.7755975723
Turkiye,2003,11.4204683304,6.2802696228
Turkmenistan,2003,8.3984136581,6.2782535553
Turks and Caicos Islands,2003,9.6956472397,6.9065508842
Tuvalu,2003,10.0503530502,6.9855766296
Uganda,2003,10.5713624954,7.0033211708
Ukraine,2003,9.7619218826,8.1923913956
United Arab Emirates,2003,10.0114374161,8.3936796188
United Kingdom,2003,8.0128965378,9.0648536682
United States,2003,7.5248589516,9.7906770706
Upper middle income,2003,7.3847112656,10.4474563599
Uruguay,2003,7.6490955353,7.6922225952
Uzbekistan,2003,9.8136129379,4.8612108231
Vanuatu,2003,9.7602186203,5.8246011734
"Venezuela, RB",2003,9.7715415955,7.3935513496
Viet Nam,2003,10.8035459518,7.6066541672
Virgin Islands (U.S.),2003,10.2047605515,7.3111310005
West Bank and Gaza,2003,10.2479352951,6.6293659210
World,2003,7.4704337120,10.1453657150
"Yemen, Rep.",2003,9.5680484772,5.2670774460
Zambia,2003,10.8759527206,7.7808938026
Zimbabwe,2003,9.4773235321,7.7814602852
Afghanistan,2004,10.9183702469,6.7646665573
Africa Eastern and Southern,2004,9.7988910675,8.0908880234
Africa Western and Central,2004,9.8555803299,9.5963878632
Albania,2004,9.8447866440,8.4767227173
Algeria,2004,9.1281099319,7.6343536377
American Samoa,2004,10.2112064362,8.2646932602
Andorra,2004,9.7254743576,10.2628221512
Angola,2004,10.6644058228,9.1651201248
Antigua and Barbuda,2004,9.7549085617,8.1430845261
Arab World,2004,9.8512363434,9.0924606323
Argentina,2004,9.9205274582,9.8098125458
Armenia,2004,10.3679456711,9.0574016571
Aruba,2004,8.8262376785,10.0051965714
Australia,2004,9.2652587891,6.7856292725
Austria,2004,10.3134355545,6.3330163956
Azerbaijan,2004,10.5194902420,9.8896389008
"Bahamas, The",2004,10.8540039062,7.3190526962
Bahrain,2004,8.5063610077,9.3404607773
Bangladesh,2004,9.6680221558,8.1390342712
Barbados,2004,11.0963287354,7.2151126862
Belarus,2004,10.9655799866,9.4248857498
Belgium,2004,9.5031385422,6.7952294350
Belize,2004,8.5078477859,8.2322130203
Benin,2004,9.3509635925,7.5665988922
Bermuda,2004,10.3766260147,6.3465890884
Bhutan,2004,8.9237251282,8.0889892578
Bolivia,2004,7.7632298470,7.5831270218
Bosnia and Herzegovina,2004,8.9365301132,8.9005422592
Botswana,2004,10.0699539185,7.7591876984
Brazil,2004,9.8243627548,8.4722690582
Brunei Darussalam,2004,10.9291410446,7.7290372849
Bulgaria,2004,9.2834625244,8.8163013458
Burkina Faso,2004,9.6635046005,7.7805404663
Burundi,2004,9.5129547119,8.3089151382
Cabo Verde,2004,10.5270681381,9.2679014206
Cambodia,2004,10.4185447693,10.0618839264
Cameroon,2004,9.3819952011,9.0599956512
Canada,2004,9.8326196671,6.4154005051
Caribbean small states,2004,8.3193674088,7.9716601372
Cayman Islands,2004,11.8572654724,6.2958626747
Central African Republic,2004,9.7009544373,8.3593301773
Central Europe and the Baltics,2004,9.0800571442,8.7285680771
Chad,2004,11.0308160782,8.5498142242
Channel Islands,2004,9.9917583466,8.6154060364
Chile,2004,9.1213836670,9.7145490646
China,2004,12.0951671600,6.7192807198
Colombia,2004,9.6621980667,8.7045507431
Comoros,2004,10.3768615723,6.9302754402
"Congo, Dem. Rep.",2004,9.8440647125,9.0005712509
"Congo, Rep.",2004,9.7734851837,7.3018393517
Costa Rica,2004,8.4555778503,7.2221927643
Cote d'Ivoire,2004,10.0119924545,7.4611124992
Croatia,2004,7.9159011841,7.5512065887
Cuba,2004,9.7034120560,8.6673212051
Curacao,2004,11.0122556686,7.6537861824
Cyprus,2004,9.1538152695,6.5558753014
Czechia,2004,8.5149459839,7.3690114021
Denmark,2004,10.2453565598,6.1652469635
Djibouti,2004,10.4127006531,8.8709669113
Dominica,2004,7.7566995621,7.8039913177
Dominican Republic,2004,10.2880134583,6.7439775467
Early-demographic dividend,2004,8.0414533615,10.6856193542
East Asia & Pacific,2004,12.2278060913,6.2653074265
East Asia & Pacific (IDA & IBRD countries),2004,12.1746025085,6.8140716553
East Asia & Pacific (excluding high income),2004,12.1468000412,6.7543587685
Ecuador,2004,8.6799745560,9.5809431076
"Egypt, Arab Rep.",2004,9.2853164673,7.0381865501
El Salvador,2004,11.1843776703,7.1125302315
Equatorial Guinea,2004,11.1747293472,8.2025394440
Eritrea,2004,10.2421588898,7.2010893822
Estonia,2004,8.2040777206,9.1497020721
Eswatini,2004,10.1460552216,7.6146101952
Ethiopia,2004,11.4041366577,8.4326858521
Euro area,2004,12.4318790436,5.9521789551
Europe & Central Asia,2004,12.5041303635,5.9764666557
Europe & Central Asia (IDA & IBRD countries),2004,8.6893348694,10.8426246643
Europe & Central Asia (excluding high income),2004,10.6477193832,9.4445257187
European Union,2004,12.4795637131,5.8502073288
Faroe Islands,2004,11.2247905731,8.0522594452
Fiji,2004,8.4363737106,8.5782871246
Finland,2004,8.9816865921,6.8481044769
Fragile and conflict affected situations,2004,11.1196346283,9.2787628174
France,2004,10.1052598953,6.3082251549
French Polynesia,2004,11.1367588043,7.1379542351
Gabon,2004,10.4962892532,7.3759541512
"Gambia, The",2004,9.7861413956,9.2523622513
Georgia,2004,9.6641807556,8.6222248077
Germany,2004,11.1213483810,6.7815403938
Ghana,2004,9.0363721848,8.1500577927
Greece,2004,8.7137384415,8.0490159988
Greenland,2004,8.2204599380,9.3055858612
Grenada,2004,10.7361917496,8.1518583298
Guam,2004,8.2724475861,8.8070497513
Guatemala,2004,9.7120542526,6.4709920883
Guinea,2004,10.1556110382,6.8340406418
Guinea-Bissau,2004,10.7108068466,7.3411335945
Guyana,2004,10.2385272980,7.4247303009
Haiti,2004,10.4247379303,7.9187479019
Heavily indebted poor countries (HIPC),2004,9.8816385269,7.9841060638
High income,2004,12.5826158524,6.0727829933
Honduras,2004,7.8217258453,8.4825868607
"Hong Kong SAR, China",2004,8.9040346146,8.7487554550
Hungary,2004,7.7497477531,8.0187616348
IBRD only,2004,12.8310709000,6.0319991112
IDA & IBRD total,2004,12.7722539902,6.0373563766
IDA blend,2004,8.8921880722,9.5828227997
IDA only,2004,8.1285705566,10.0941724777
IDA total,2004,8.1436367035,9.8073539734
Iceland,2004,9.4851245880,9.7292184830
India,2004,9.7129259109,10.8586902618
Indonesia,2004,9.3989391327,7.9525890350
"Iran, Islamic Rep.",2004,8.4252710342,7.5118503571
Iraq,2004,11.4984493256,8.5171346664
Ireland,2004,8.8517761230,9.0661878586
Isle of Man,2004,9.2341680527,8.1549682617
Israel,2004,8.6758289337,6.9401130676
Italy,2004,11.0137166977,6.7311172485
Jamaica,2004,10.9952268600,6.9045600891
Japan,2004,11.7507104874,6.2024989128
Jordan,2004,9.6245956421,9.8872127533
Kazakhstan,2004,10.2917623520,9.3262920380
Kenya,2004,9.2030057907,7.8736076355
Kiribati,2004,10.4863862991,8.4005918503
"Korea, Rep.",2004,11.3820638657,6.3144216537
Kosovo,2004,10.7509069443,8.8194980621
Kuwait,2004,9.8827123642,9.6178989410
Kyrgyz Republic,2004,8.6966705322,9.8692150116
Lao PDR,2004,8.8009490967,8.7112350464
Late-demographic dividend,2004,12.7957334518,5.7008562088
Latin America & Caribbean,2004,7.8494286537,10.5250349045
Latin America & Caribbean (excluding high income),2004,7.7950792313,10.4558591843
Latin America & the Caribbean (IDA & IBRD countries),2004,7.7232527733,10.5136432648
Latvia,2004,10.1271238327,9.7077388763
Least developed countries: UN classification,2004,7.9354295731,10.0163183212
Lebanon,2004,8.7285728455,9.3390150070
Lesotho,2004,10.9165544510,7.8283867836
Liberia,2004,10.6497735977,7.4964227676
Libya,2004,8.7515974045,7.5338678360
Liechtenstein,2004,9.7138891220,7.0780501366
Lithuania,2004,8.3546352386,8.9524250031
Low & middle income,2004,12.7859992981,5.9883298874
Low income,2004,9.3833093643,8.2463598251
Lower middle income,2004,8.5484638214,10.7544498444
Luxembourg,2004,9.1759500504,6.9712376595
"Macao SAR, China",2004,11.6189088821,8.4647331238
Madagascar,2004,9.3323621750,8.2806110382
Malawi,2004,10.1661376953,8.4841508865
Malaysia,2004,9.0369262695,9.3540983200
Maldives,2004,9.0968370438,8.6996469498
Mali,2004,10.7336874008,7.0542573929
Malta,2004,11.1296415329,7.7465171814
Marshall Islands,2004,10.3960685730,8.3513422012
Mauritania,2004,8.6070728302,7.2857065201
Mauritius,2004,8.9634876251,7.1495494843
Mexico,2004,9.7517967224,6.9889326096
"Micronesia, Fed. Sts.",2004,10.9401931763,8.0826883316
"Middle East, North Africa, Afghanistan & Pakistan",2004,9.3660001755,10.4712133408
"Middle East, North Africa, Afghanistan & Pakistan (IDA & IBRD)",2004,8.7913103104,10.7268571854
"Middle East, North Africa, Afghanistan & Pakistan (excluding high income)",2004,8.7489652634,10.7271804810
Middle income,2004,12.7953367233,5.8832402229
Moldova,2004,8.8633317947,9.4317092896
Monaco,2004,10.2228145599,6.4850754738
Mongolia,2004,10.6907405853,9.3857307434
Montenegro,2004,9.0073556900,7.6468486786
Morocco,2004,8.4874038696,7.7814135551
Mozambique,2004,9.7411146164,9.9798316956
Myanmar,2004,11.4862422943,8.2793903351
Namibia,2004,11.1501121521,8.8196659088
Nauru,2004,11.0051164627,8.2416715622
Nepal,2004,9.3061895370,7.8739161491
Netherlands,2004,10.7187862396,6.2736873627
New Caledonia,2004,11.3537483215,7.9411206245
New Zealand,2004,7.8833370209,7.9748144150
Nicaragua,2004,8.9706363678,7.8867764473
Niger,2004,10.6483440399,7.4841470718
Nigeria,2004,10.6802616119,9.9291515350
North America,2004,11.9181623459,6.1110954285
North Macedonia,2004,8.4981441498,8.0922708511
Northern Mariana Islands,2004,10.2856035233,8.6329221725
Norway,2004,9.0236120224,6.4291467667
OECD members,2004,12.4213933945,6.0912389755
Oman,2004,10.4569997787,6.7982745171
Other small states,2004,8.7817220688,7.1455388069
Pacific island small states,2004,8.8339548111,6.9940981865
Pakistan,2004,9.5259380341,10.2726259232
Palau,2004,8.9176301956,6.4777636528
Panama,2004,9.6636848450,9.5103321075
Papua New Guinea,2004,9.9404096603,7.2801055908
Paraguay,2004,8.6080560684,6.6327705383
Peru,2004,8.8724403381,8.0157947540
Philippines,2004,11.6312131882,6.8228569031
Poland,2004,8.8555269241,8.5301876068
Portugal,2004,10.5109996796,6.4108705521
Post-demographic dividend,2004,12.3692989349,6.2458543777
Pre-demographic dividend,2004,11.2997350693,9.0343742371
Puerto Rico (US),2004,10.1372556686,9.6385793686
Qatar,2004,11.5466899872,8.5557937622
Romania,2004,10.4035654068,9.5380878448
Russian Federation,2004,8.7272930145,10.1917104721
Rwanda,2004,9.4444084167,9.1719655991
Samoa,2004,9.6470623016,6.5091390610
San Marino,2004,8.3834743500,7.0868506432
Sao Tome and Principe,2004,10.2848510742,7.7680988312
Saudi Arabia,2004,9.4864635468,10.0366649628
Senegal,2004,8.9682989120,7.6092624664
Serbia,2004,9.2345113754,9.5218744278
Seychelles,2004,10.4599370956,8.5063505173
Sierra Leone,2004,9.7378044128,8.9336462021
Singapore,2004,9.3185510635,8.0849857330
Slovak Republic,2004,10.2776088715,8.8865394592
Slovenia,2004,7.9126629829,7.4263830185
Small states,2004,8.6979026794,7.4742174149
Solomon Islands,2004,9.0334243774,9.8796224594
"Somalia, Fed. Rep.",2004,9.0957994461,9.6056766510
South Africa,2004,8.4196557999,6.7129178047
South Asia,2004,9.6068286896,10.7184171677
South Asia (IDA & IBRD),2004,9.6916656494,10.7890691757
Spain,2004,9.6207466125,6.3354010582
Sri Lanka,2004,8.2372694016,8.2274379730
St. Kitts and Nevis,2004,9.5038280487,7.2247977257
St. Lucia,2004,9.1936445236,9.9577131271
St. Vincent and the Grenadines,2004,8.0223217010,7.3468456268
Sub-Saharan Africa,2004,7.8450584412,9.1166543961
Sub-Saharan Africa (IDA & IBRD countries),2004,7.8477954865,9.2761850357
Sub-Saharan Africa (excluding high income),2004,7.7605528831,9.2341976166
Sudan,2004,9.6529569626,7.9569535255
Suriname,2004,10.1087465286,9.8513565063
Sweden,2004,8.4518098831,6.5284581184
Switzerland,2004,10.3946533203,6.3531250954
Syrian Arab Republic,2004,8.9179143906,9.3728399277
Tajikistan,2004,10.7675771713,9.5324230194
Tanzania,2004,9.4102468491,9.1102666855
Thailand,2004,8.0686473846,9.4299058914
Timor-Leste,2004,10.4550523758,7.9202771187
Togo,2004,11.3205289841,7.8351006508
Tonga,2004,10.5390129089,7.9625835419
Trinidad and Tobago,2004,9.6623573303,10.6872406006
Tunisia,2004,7.8672471046,9.2105865479
Turkiye,2004,10.7624940872,9.9747362137
Turkmenistan,2004,9.4043121338,7.4720215797
Turks and Caicos Islands,2004,10.0418205261,7.9655437469
Tuvalu,2004,10.8196992874,8.3083248138
Uganda,2004,9.5321149826,9.2227516174
Ukraine,2004,11.3121738434,9.2213439941
United Arab Emirates,2004,10.5427436829,9.7901477814
United Kingdom,2004,11.1038837433,6.1826214790
United States,2004,12.2762813568,6.0121302605
Upper middle income,2004,12.9400053024,5.8124747276
Uruguay,2004,9.3096189499,7.5171322823
Uzbekistan,2004,9.0958147049,9.6592121124
Vanuatu,2004,8.1903591156,7.0927071571
"Venezuela, RB",2004,11.1472415924,8.8437442780
Viet Nam,2004,8.4720582962,9.7680892944
Virgin Islands (U.S.),2004,10.2171688080,8.2022733688
West Bank and Gaza,2004,11.0039005280,9.0064687729
World,2004,12.6931953430,6.0003466606
"Yemen, Rep.",2004,9.0813369751,6.4075350761
Zambia,2004,9.2657299042,10.0189685822
Zimbabwe,2004,11.4740800858,7.7801570892
Afghanistan,2005,4.8534970284,4.1000032425
Africa Eastern and Southern,2005,3.5192351341,3.8291428089
Africa Western and Central,2005,3.1420190334,5.4029655457
Albania,2005,3.5326743126,3.4543166161
Algeria,2005,2.7209544182,4.8643832207
American Samoa,2005,4.1236567497,2.9280586243
Andorra,2005,1.7543261051,3.4876248837
Angola,2005,4.2312641144,3.3662335873
Antigua and Barbuda,2005,3.4674227238,4.1203436852
Arab World,2005,2.0653324127,3.5500323772
Argentina,2005,4.2013754845,4.4593224525
Armenia,2005,4.3368649483,3.5044126511
Aruba,2005,4.2146162987,2.6924495697
Australia,2005,2.2359585762,2.8003950119
Austria,2005,2.6204950809,1.9951205254
Azerbaijan,2005,4.0167183876,3.1945424080
"Bahamas, The",2005,2.8961403370,2.4617819786
Bahrain,2005,2.5580773354,4.3059349060
Bangladesh,2005,1.7845366001,4.3555536270
Barbados,2005,3.3106615543,2.8561329842
Belarus,2005,4.1246490479,3.9350833893
Belgium,2005,2.7418665886,2.3148651123
Belize,2005,2.9205143452,2.0968170166
Benin,2005,2.9105124474,2.1999483109
Bermuda,2005,2.6660876274,1.7768096924
Bhutan,2005,3.1390094757,4.0304980278
Bolivia,2005,3.0678825378,3.2195429802
Bosnia and Herzegovina,2005,2.8376080990,2.5423889160
Botswana,2005,3.8090536594,3.1953384876
Brazil,2005,3.2983653545,2.7990543842
Brunei Darussalam,2005,4.4397130013,2.8261561394
Bulgaria,2005,3.1232681274,3.9865286350
Burkina Faso,2005,3.5322246552,4.4896631241
Burundi,2005,3.8433194160,2.5083220005
Cabo Verde,2005,3.4121708870,3.7347939014
Cambodia,2005,4.3038744926,3.5897626877
Cameroon,2005,2.9304833412,2.2826788425
Canada,2005,3.2936756611,2.9488921165
Caribbean small states,2005,3.0601220131,2.9169943333
Cayman Islands,2005,0.2905551493,4.4818873405
Central African Republic,2005,3.6237084866,2.5335235596
Central Europe and the Baltics,2005,2.2673196793,3.4197349548
Chad,2005,4.3653316498,3.2670989037
Channel Islands,2005,3.3506498337,3.2533044815
Chile,2005,2.0871024132,3.7155458927
China,2005,0.3948864639,4.0501136780
Colombia,2005,3.2148025036,3.2843005657
Comoros,2005,4.8527274132,1.9633095264
"Congo, Dem. Rep.",2005,2.2833065987,4.4688119888
"Congo, Rep.",2005,2.7179698944,4.0997114182
Costa Rica,2005,3.3552753925,2.3659224510
Cote d'Ivoire,2005,4.3103036880,2.6434350014
Croatia,2005,3.2073259354,2.8443384171
Cuba,2005,4.7707729340,3.9052712917
Curacao,2005,3.3367190361,2.4893031120
Cyprus,2005,1.6317994595,3.7955093384
Czechia,2005,2.7630486488,4.0377740860
Denmark,2005,2.3835060596,1.6256248951
Djibouti,2005,4.8385019302,3.5615508556
Dominica,2005,3.7565739155,2.5410532951
Dominican Republic,2005,4.5374083519,3.7158684731
Early-demographic dividend,2005,0.8282756209,5.0029315948
East Asia & Pacific,2005,-0.3420715928,4.5885505676
East Asia & Pacific (IDA & IBRD countries),2005,0.4796342850,3.8995172977
East Asia & Pacific (excluding high income),2005,0.5675030947,3.9168088436
Ecuador,2005,1.5048081875,3.3588607311
"Egypt, Arab Rep.",2005,2.9276807308,3.3323340416
El Salvador,2005,3.2825810909,1.9736949205
Equatorial Guinea,2005,4.2993130684,3.8361999989
Eritrea,2005,4.4008717537,1.8614581823
Estonia,2005,4.6659450531,4.6297049522
Eswatini,2005,3.2570278645,4.3263874054
Ethiopia,2005,4.1179590225,3.6609301567
Euro area,2005,-0.5072838068,4.7004776001
Europe & Central Asia,2005,-0.3170633912,4.7133631706
Europe & Central Asia (IDA & IBRD countries),2005,1.1819802523,5.2658700943
Europe & Central Asia (excluding high income),2005,4.6910328865,3.5843322277
European Union,2005,-0.5990867019,4.6669220924
Faroe Islands,2005,3.7287826538,3.4634253979
Fiji,2005,2.9516053200,1.5394537449
Finland,2005,3.1287548542,1.7005606890
Fragile and conflict affected situations,2005,3.0016326904,5.6313958168
France,2005,2.3968327045,1.8097007275
French Polynesia,2005,4.0000538826,2.2271313667
Gabon,2005,2.2669808865,2.5580930710
"Gambia, The",2005,4.5099253654,2.6267430782
Georgia,2005,5.0236825943,4.1193780899
Germany,2005,3.3680198193,1.9664677382
Ghana,2005,3.3130881786,4.9301271439
Greece,2005,2.5796062946,1.6379245520
Greenland,2005,3.7363896370,3.4169685841
Grenada,2005,4.4607095718,3.2888352871
Guam,2005,4.2168445587,2.2695739269
Guatemala,2005,4.0968804359,2.1555318832
Guinea,2005,5.0202350616,2.0251510143
Guinea-Bissau,2005,2.7610917091,4.4423127174
Guyana,2005,4.2332510948,2.8300015926
Haiti,2005,4.8944373131,1.8729161024
Heavily indebted poor countries (HIPC),2005,3.4005355835,5.5456123352
High income,2005,-0.5595228076,4.6722154617
Honduras,2005,2.1015841961,4.5413937569
"Hong Kong SAR, China",2005,2.2370364666,4.0062203407
Hungary,2005,2.4643151760,2.9892666340
IBRD only,2005,-0.6314610839,5.0311946869
IDA & IBRD total,2005,-0.4928796887,4.8960881233
IDA blend,2005,3.0535449982,5.3304872513
IDA only,2005,2.2874925137,5.3009514809
IDA total,2005,2.5230083466,5.4309601784
Iceland,2005,1.8598507643,4.0720186234
India,2005,0.6225985885,4.4404163361
Indonesia,2005,3.1403009892,5.5954818726
"Iran, Islamic Rep.",2005,3.4465556145,1.9650760889
Iraq,2005,3.0424737930,1.7995867729
Ireland,2005,1.7028510571,4.0943169594
Isle of Man,2005,3.3627159595,5.0974540710
Israel,2005,2.6736192703,2.7141346931
Italy,2005,2.3376727104,1.6597881317
Jamaica,2005,4.3614506721,3.0174548626
Japan,2005,0.1402641684,4.3282227516
Jordan,2005,2.6122159958,4.1811470985
Kazakhstan,2005,5.1425738335,3.7573218346
Kenya,2005,2.5415914059,3.7234625816
Kiribati,2005,3.0505146980,2.1950106621
"Korea, Rep.",2005,1.0382812023,3.4560177326
Kosovo,2005,1.8870838881,2.9041786194
Kuwait,2005,4.7150368690,4.2201123238
Kyrgyz Republic,2005,4.0743379593,2.8863811493
Lao PDR,2005,2.5626978874,4.7264008522
Late-demographic dividend,2005,-0.1907115728,5.1646552086
Latin America & Caribbean,2005,2.5217113495,5.9669775963
Latin America & Caribbean (excluding high income),2005,2.4555401802,5.9229431152
Latin America & the Caribbean (IDA & IBRD countries),2005,2.4064826965,6.0565099716
Latvia,2005,5.1124391556,4.1350145340
Least developed countries: UN classification,2005,4.9925999641,3.2849278450
Lebanon,2005,4.1244382858,1.7383500338
Lesotho,2005,4.9547386169,2.3317990303
Liberia,2005,3.3871314526,3.2314479351
Libya,2005,5.0489549637,4.2147169113
Liechtenstein,2005,2.7846016884,3.3850982189
Lithuania,2005,3.6440556049,4.2962102890
Low & middle income,2005,-0.5763738155,5.1360583305
Low income,2005,2.8047440052,5.1949224472
Lower middle income,2005,1.0079665184,4.6282124519
Luxembourg,2005,2.2540071011,2.2873215675
"Macao SAR, China",2005,2.2247800827,4.4089546204
Madagascar,2005,3.0690433979,3.6398713589
Malawi,2005,5.0279436111,2.1345911026
Malaysia,2005,1.2412300110,4.0399732590
Maldives,2005,4.2087092400,3.3044626713
Mali,2005,3.5044002533,4.5094838142
Malta,2005,2.4273719788,2.4509806633
Marshall Islands,2005,2.2158710957,2.0613636971
Mauritania,2005,4.7690725327,4.0280976295
Mauritius,2005,2.4087367058,1.9467977285
Mexico,2005,1.8378671408,2.3400943279
"Micronesia, Fed. Sts.",2005,4.2443852425,2.3253796101
"Middle East, North Africa, Afghanistan & Pakistan",2005,2.0008583069,3.5430002213
"Middle East, North Africa, Afghanistan & Pakistan (IDA & IBRD)",2005,2.4355225563,3.7431087494
"Middle East, North Africa, Afghanistan & Pakistan (excluding high income)",2005,2.3864560127,3.6888597012
Middle income,2005,-0.6014103293,5.0655417442
Moldova,2005,2.6740005016,4.6787528992
Monaco,2005,2.4930512905,1.8922607899
Mongolia,2005,3.5542490482,4.1801123619
Montenegro,2005,4.2282800674,3.6423547268
Morocco,2005,4.7738394737,2.2794566154
Mozambique,2005,2.4898245335,4.7537159920
Myanmar,2005,4.0782847404,3.7278928757
Namibia,2005,3.4140939713,1.4565441608
Nauru,2005,4.1623730659,2.9426443577
Nepal,2005,3.7036662102,2.6960513592
Netherlands,2005,2.0573408604,1.8811267614
New Caledonia,2005,3.8413808346,3.8750693798
New Zealand,2005,4.9575748444,2.6806385517
Nicaragua,2005,4.3029341698,2.3181793690
Niger,2005,3.0071907043,4.7246799469
Nigeria,2005,2.9164948463,4.8121089935
North America,2005,-0.0668495297,4.4231176376
North Macedonia,2005,2.5470416546,3.1131229401
Northern Mariana Islands,2005,4.8311891556,3.2352762222
Norway,2005,1.9419842958,2.1080987453
OECD members,2005,-0.5651423335,4.8299436569
Oman,2005,3.9956002235,1.4530932903
Other small states,2005,3.3722305298,3.3864588737
Pacific island small states,2005,4.6042299271,1.4893823862
Pakistan,2005,3.0056149960,4.3131422997
Palau,2005,4.6885371208,2.3199129105
Panama,2005,4.2926502228,4.7301602364
Papua New Guinea,2005,1.7731031179,4.4832444191
Paraguay,2005,2.7695591450,1.4451140165
Peru,2005,3.6752271652,4.9894914627
Philippines,2005,1.4614373446,3.6793935299
Poland,2005,3.5897028446,1.7719163895
Portugal,2005,4.1760296822,2.2976446152
Post-demographic dividend,2005,-0.5065745115,4.7938842773
Pre-demographic dividend,2005,3.0156435966,5.6030993462
Puerto Rico (US),2005,3.4793293476,2.6449866295
Qatar,2005,3.4478018284,3.9390523434
Romania,2005,4.2987375259,3.5359501839
Russian Federation,2005,1.9616656303,4.6045675278
Rwanda,2005,4.1727223396,4.5013737679
Samoa,2005,1.7387311459,3.5003206730
San Marino,2005,4.4296722412,1.5462030172
Sao Tome and Principe,2005,2.1214268208,3.1396396160
Saudi Arabia,2005,1.7956125736,3.9156820774
Senegal,2005,4.7706532478,2.9733569622
Serbia,2005,1.7907906771,2.9531579018
Seychelles,2005,3.8675491810,4.8510832787
Sierra Leone,2005,3.6314020157,3.3232123852
Singapore,2005,2.1005585194,4.6927289963
Slovak Republic,2005,2.3106679916,4.2595567703
Slovenia,2005,2.5165724754,2.9304976463
Small states,2005,2.8992896080,3.5066013336
Solomon Islands,2005,4.3830928802,4.1612224579
"Somalia, Fed. Rep.",2005,2.8630378246,4.5084590912
South Africa,2005,1.8384231329,3.2282519341
South Asia,2005,0.6155324578,4.4419903755
South Asia (IDA & IBRD),2005,0.6552330852,4.4945116043
Spain,2005,2.8044860363,1.9330304861
Sri Lanka,2005,2.2112534046,4.0510129929
St. Kitts and Nevis,2005,4.8178849220,4.5262064934
St. Lucia,2005,3.8290615082,3.0143532753
St. Vincent and the Grenadines,2005,3.5810980797,2.1768825054
Sub-Saharan Africa,2005,1.4038245678,5.1548275948
Sub-Saharan Africa (IDA & IBRD countries),2005,1.4060821533,5.2386450768
Sub-Saharan Africa (excluding high income),2005,1.3599805832,5.3082485199
Sudan,2005,3.1371166706,5.2856745720
Suriname,2005,3.8111882210,3.1481554508
Sweden,2005,3.1625962257,1.2403343916
Switzerland,2005,2.0276741982,1.6599712372
Syrian Arab Republic,2005,3.3096249104,4.9799833298
Tajikistan,2005,3.6376421452,4.4626250267
Tanzania,2005,3.1715397835,4.5124497414
Thailand,2005,4.6482377052,2.8746404648
Timor-Leste,2005,3.9895188808,1.5969094038
Togo,2005,5.3897480965,2.9342975616
Tonga,2005,4.5304541588,2.7503743172
Trinidad and Tobago,2005,3.3939206600,3.8156309128
Tunisia,2005,2.9731085300,2.7471880913
Turkiye,2005,4.6904149055,4.1823458672
Turkmenistan,2005,4.8119955063,3.3309314251
Turks and Caicos Islands,2005,5.0838613510,2.8706126213
Tuvalu,2005,5.2470545769,3.0606381893
Uganda,2005,2.3626291752,5.1570653915
Ukraine,2005,3.9591038227,1.8978091478
United Arab Emirates,2005,2.9634130001,3.2035596371
United Kingdom,2005,0.1569649726,4.2361640930
United States,2005,-0.2635439038,4.4622869492
Upper middle income,2005,-0.4159306884,5.2362604141
Uruguay,2005,3.9562578201,4.0680637360
Uzbekistan,2005,3.5400435925,4.7563185692
Vanuatu,2005,3.3908727169,3.3718791008
"Venezuela, RB",2005,5.0838308334,3.7986259460
Viet Nam,2005,3.9675850868,4.6122579575
Virgin Islands (U.S.),2005,5.1960391998,2.5125920773
West Bank and Gaza,2005,4.4590349197,4.1251993179
World,2005,-0.4184651971,4.6605315208
"Yemen, Rep.",2005,1.9113392830,3.5452811718
Zambia,2005,5.0729689598,3.5058052540
Zimbabwe,2005,5.2808399200,3.0190513134
Afghanistan,2006,1.6313788891,7.9036574364
Africa Eastern and Southern,2006,2.3158469200,7.4547510147
Africa Western and Central,2006,0.6279796362,6.4993467331
Albania,2006,2.1862893105,6.0227160454
Algeria,2006,1.8637483120,9.0576953888
American Samoa,2006,3.0932044983,8.4749269485
Andorra,2006,0.3418017328,7.8528952599
Angola,2006,3.4306447506,8.2720451355
Antigua and Barbuda,2006,2.8801801205,8.2568540573
Arab World,2006,1.6749227047,7.3020739555
Argentina,2006,3.3143522739,7.0430264473
Armenia,2006,2.7766160965,7.8640360832
Aruba,2006,2.7851088047,8.0554580688
Australia,2006,1.3341410160,9.3092632294
Austria,2006,1.8575369120,7.9330029488
Azerbaijan,2006,2.3602256775,8.0879869461
"Bahamas, The",2006,2.1331524849,8.5864257812
Bahrain,2006,2.4813981056,7.4495058060
Bangladesh,2006,2.3852093220,6.9319081306
Barbados,2006,1.6686582565,7.0688738823
Belarus,2006,3.6522359848,8.0669822693
Belgium,2006,1.9730899334,8.7003974915
Belize,2006,1.6612093449,7.6975235939
Benin,2006,2.5170333385,8.3099699020
Bermuda,2006,0.9891593456,6.9201397896
Bhutan,2006,1.1893813610,6.7738122940
Bolivia,2006,0.4460608661,7.6425590515
Bosnia and Herzegovina,2006,0.9085327387,6.9238200188
Botswana,2006,3.0725026131,8.0189847946
Brazil,2006,0.9144763350,7.5651369095
Brunei Darussalam,2006,2.1814599037,7.9343457222
Bulgaria,2006,2.2625467777,7.1661558151
Burkina Faso,2006,1.8777483702,6.5273032188
Burundi,2006,0.7707422376,6.9787378311
Cabo Verde,2006,2.7561488152,7.6332879066
Cambodia,2006,3.2895529270,7.7874197960
Cameroon,2006,2.9046719074,8.3251152039
Canada,2006,1.5595701933,9.2639141083
Caribbean small states,2006,3.0200157166,7.1619539261
Cayman Islands,2006,2.5561125278,7.9597468376
Central African Republic,2006,2.1920490265,8.2415924072
Central Europe and the Baltics,2006,1.6635792255,7.3030562401
Chad,2006,2.4792115688,8.1381330490
Channel Islands,2006,2.0639648438,7.5392332077
Chile,2006,1.4856096506,6.6875295639
China,2006,4.5119004250,6.6165122986
Colombia,2006,2.9179377556,6.9801416397
Comoros,2006,2.5290806293,9.3698320389
"Congo, Dem. Rep.",2006,1.9377236366,6.9955921173
"Congo, Rep.",2006,3.7728450298,7.4803004265
Costa Rica,2006,2.1726672649,7.4660754204
Cote d'Ivoire,2006,1.7503842115,9.5870475769
Croatia,2006,0.9992699027,7.7152252197
Cuba,2006,3.3339433670,8.3573617935
Curacao,2006,2.5721154213,7.8145961761
Cyprus,2006,0.3945723772,7.3460097313
Czechia,2006,2.0596427917,6.5958104134
Denmark,2006,1.4512680769,7.6257462502
Djibouti,2006,3.5672740936,8.5524253845
Dominica,2006,1.5539680719,7.9346423149
Dominican Republic,2006,3.8968684673,8.0316648483
Early-demographic dividend,2006,2.8994963169,5.1219139099
East Asia & Pacific,2006,2.4804501534,4.2489323616
East Asia & Pacific (IDA & IBRD countries),2006,4.5045466423,6.5440473557
East Asia & Pacific (excluding high income),2006,4.4809136391,6.6228489876
Ecuador,2006,1.2974401712,8.4626674652
"Egypt, Arab Rep.",2006,2.1534426212,6.5129590034
El Salvador,2006,1.1093565226,7.7822480202
Equatorial Guinea,2006,3.8129439354,7.5429887772
Eritrea,2006,3.1929330826,9.1573152542
Estonia,2006,3.6407213211,7.1012086868
Eswatini,2006,2.0475907326,7.2794542313
Ethiopia,2006,3.9617617130,8.6507272720
Euro area,2006,2.6373388767,3.8585493565
Europe & Central Asia,2006,2.6311118603,4.0903797150
Europe & Central Asia (IDA & IBRD countries),2006,2.5784978867,4.9824376106
Europe & Central Asia (excluding high income),2006,3.5587725639,6.5203952789
European Union,2006,2.6973166466,3.8856022358
Faroe Islands,2006,1.8208434582,7.9333152771
Fiji,2006,2.4532012939,7.8604083061
Finland,2006,0.7964574695,8.4138889313
Fragile and conflict affected situations,2006,1.0714139938,5.6107826233
France,2006,1.3367787600,9.5878295898
French Polynesia,2006,2.9325418472,9.3812274933
Gabon,2006,3.0135884285,8.9456624985
"Gambia, The",2006,3.5267970562,6.3277263641
Georgia,2006,3.5643155575,8.5102796555
Germany,2006,0.8680632114,7.8794631958
Ghana,2006,1.9402817488,6.2579097748
Greece,2006,1.7872843742,6.8854503632
Greenland,2006,1.2718399763,7.4280691147
Grenada,2006,2.7985455990,8.8238477707
Guam,2006,3.2731716633,8.9889774323
Guatemala,2006,0.9770463109,7.1886882782
Guinea,2006,2.4283516407,8.4899559021
Guinea-Bissau,2006,2.2331364155,9.0769548416
Guyana,2006,1.1081430912,8.3768663406
Haiti,2006,2.4459321499,8.8523988724
Heavily indebted poor countries (HIPC),2006,1.2674813271,5.7497935295
High income,2006,2.5946135521,4.1268954277
Honduras,2006,2.1028349400,6.6278643608
"Hong Kong SAR, China",2006,1.3944551945,6.7458810806
Hungary,2006,1.6728305817,8.2778959274
IBRD only,2006,2.8396689892,3.9811758995
IDA & IBRD total,2006,2.9609487057,4.1407732964
IDA blend,2006,0.9915392995,5.6328492165
IDA only,2006,2.7413885593,6.6916284561
IDA total,2006,1.3049958944,5.5168838501
Iceland,2006,1.3838950396,6.5567083359
India,2006,3.7298653126,5.5163860321
Indonesia,2006,0.9199160933,5.7716765404
"Iran, Islamic Rep.",2006,0.6427285671,7.3635325432
Iraq,2006,1.9804565907,8.1631994247
Ireland,2006,0.3615303338,7.3076901436
Isle of Man,2006,3.9753503799,7.1821169853
Israel,2006,1.0432643890,7.0762047768
Italy,2006,1.7997601032,9.6250381470
Jamaica,2006,1.4723601341,8.9022140503
Japan,2006,2.2490634918,4.9141688347
Jordan,2006,1.7727814913,6.8821401596
Kazakhstan,2006,3.7104334831,9.0746650696
Kenya,2006,2.2266950607,6.8360514641
Kiribati,2006,0.9262881875,7.5273995399
"Korea, Rep.",2006,0.8836070299,6.8292989731
Kosovo,2006,3.4091427326,5.3793506622
Kuwait,2006,2.5915451050,7.2093777657
Kyrgyz Republic,2006,1.5904130936,8.6123666763
Lao PDR,2006,3.2590289116,7.7363924980
Late-demographic dividend,2006,3.0305371284,3.9475634098
Latin America & Caribbean,2006,1.6363718510,5.3795948029
Latin America & Caribbean (excluding high income),2006,1.5461463928,5.4425401688
Latin America & the Caribbean (IDA & IBRD countries),2006,1.6028065681,5.4773788452
Latvia,2006,2.8402092457,8.7181854248
Least developed countries: UN classification,2006,2.8893654346,6.5882549286
Lebanon,2006,2.3753490448,8.9320526123
Lesotho,2006,1.9179521799,8.5679645538
Liberia,2006,3.7834129333,7.7831506729
Libya,2006,2.6690750122,8.8691329956
Liechtenstein,2006,3.3811402321,7.2426304817
Lithuania,2006,3.5790405273,7.4938664436
Low & middle income,2006,2.8717048168,4.0381178856
Low income,2006,0.5757752061,6.5573601723
Lower middle income,2006,2.8630416393,5.4549603462
Luxembourg,2006,1.3365045786,6.9493880272
"Macao SAR, China",2006,3.3749990463,7.9104924202
Madagascar,2006,4.1631054878,7.7305417061
Malawi,2006,1.2574077845,8.3892641068
Malaysia,2006,1.8145273924,7.3381500244
Maldives,2006,2.5591783524,8.7006330490
Mali,2006,2.6083192825,6.4481554031
Malta,2006,1.6985377073,8.8079118729
Marshall Islands,2006,3.5260903835,8.8295564651
Mauritania,2006,2.7748837471,8.0631074905
Mauritius,2006,0.2301202416,6.8930296898
Mexico,2006,0.5845960975,7.2092857361
"Micronesia, Fed. Sts.",2006,3.3416280746,8.8073577881
"Middle East, North Africa, Afghanistan & Pakistan",2006,1.4016228914,6.4594411850
"Middle East, North Africa, Afghanistan & Pakistan (IDA & IBRD)",2006,1.3767787218,6.0373682976
"Middle East, North Africa, Afghanistan & Pakistan (excluding high income)",2006,1.2793804407,5.9977827072
Middle income,2006,2.9405193329,3.9465670586
Moldova,2006,0.3640203476,8.2643442154
Monaco,2006,1.3348953724,6.2338843346
Mongolia,2006,3.3739113808,7.3485140800
Montenegro,2006,3.5538589954,7.7823390961
Morocco,2006,3.9939017296,7.9470167160
Mozambique,2006,4.1593022346,8.2812356949
Myanmar,2006,2.3898794651,8.7248287201
Namibia,2006,2.8688693047,7.6777925491
Nauru,2006,3.6234090328,6.8271689415
Nepal,2006,2.7088944912,7.6029548645
Netherlands,2006,0.3840173781,8.2999248505
New Caledonia,2006,1.0559206009,8.6935062408
New Zealand,2006,1.5880361795,9.6381092072
Nicaragua,2006,1.1625676155,8.3139238358
Niger,2006,2.0727560520,7.6383037567
Nigeria,2006,2.3099188805,6.1075854301
North America,2006,2.3989608288,4.5946745872
North Macedonia,2006,1.3689264059,7.3952589035
Northern Mariana Islands,2006,3.7410926819,8.5648260117
Norway,2006,1.5593256950,9.0482692719
OECD members,2006,2.7474160194,4.0820121765
Oman,2006,1.0961831808,8.1140422821
Other small states,2006,2.8996765614,7.8519134521
Pacific island small states,2006,2.5098519325,9.1276140213
Pakistan,2006,1.6739363670,6.4450411797
Palau,2006,3.2952353954,8.0910768509
Panama,2006,4.0082163811,7.7814006805
Papua New Guinea,2006,0.6151294112,6.8730158806
Paraguay,2006,0.1992787570,7.4679470062
Peru,2006,2.8497531414,6.5384912491
Philippines,2006,0.4898974299,6.9680919647
Poland,2006,1.6484537125,6.3736743927
Portugal,2006,1.7627961636,9.3232307434
Post-demographic dividend,2006,2.6219871044,4.0093765259
Pre-demographic dividend,2006,2.4009532928,5.9204053879
Puerto Rico (US),2006,3.4477548599,8.6000289917
Qatar,2006,1.9481155872,8.1101274490
Romania,2006,3.3186833858,6.5063495636
Russian Federation,2006,3.3304262161,6.1401972771
Rwanda,2006,3.2500295639,8.2332382202
Samoa,2006,2.2137567997,9.4580411911
San Marino,2006,2.5818085670,8.1778697968
Sao Tome and Principe,2006,2.2359840870,7.8557152748
Saudi Arabia,2006,1.5154387951,8.0174102783
Senegal,2006,2.0543582439,9.3206167221
Serbia,2006,1.3649569750,8.2760906219
Seychelles,2006,3.1451158524,8.0331716537
Sierra Leone,2006,2.7848320007,8.2646350861
Singapore,2006,2.3796060085,6.8624849319
Slovak Republic,2006,2.8211331367,7.3716025352
Slovenia,2006,1.3079649210,6.2164406776
Small states,2006,2.7195179462,7.1857361794
Solomon Islands,2006,2.4352769852,8.5951910019
"Somalia, Fed. Rep.",2006,2.3815858364,6.6551036835
South Africa,2006,0.7520574927,6.8679327965
South Asia,2006,3.8186931610,5.5884518623
South Asia (IDA & IBRD),2006,3.7029659748,5.5362830162
Spain,2006,0.5736607909,7.9531292915
Sri Lanka,2006,2.9125068188,6.6382684708
St. Kitts and Nevis,2006,1.9343737364,8.3958702087
St. Lucia,2006,1.2515070438,8.0160541534
St. Vincent and the Grenadines,2006,2.6147990227,7.2466101646
Sub-Saharan Africa,2006,0.7315185666,5.8989267349
Sub-Saharan Africa (IDA & IBRD countries),2006,0.6952317953,5.9346923828
Sub-Saharan Africa (excluding high income),2006,0.5529104471,5.9624958038
Sudan,2006,2.5182492733,7.2144799232
Suriname,2006,2.7827119827,9.0309696198
Sweden,2006,0.2945535183,7.7080340385
Switzerland,2006,0.8955645561,7.6722350121
Syrian Arab Republic,2006,0.2211962193,6.8254413605
Tajikistan,2006,3.9667289257,7.0980701447
Tanzania,2006,2.3490400314,6.2281050682
Thailand,2006,0.6163513064,7.9247736931
Timor-Leste,2006,2.8098268509,8.4385108948
Togo,2006,1.6299808025,9.5337848663
Tonga,2006,1.6993623972,8.8606405258
Trinidad and Tobago,2006,1.6202422380,8.1511297226
Tunisia,2006,0.2953981459,7.5979204178
Turkiye,2006,2.6566143036,6.0029354095
Turkmenistan,2006,4.1456623077,8.3860521317
Turks and Caicos Islands,2006,2.7995088100,9.3640470505
Tuvalu,2006,1.7185859680,9.4134588242
Uganda,2006,3.8641655445,8.8448371887
Ukraine,2006,3.8591809273,8.0516815186
United Arab Emirates,2006,3.4653112888,8.0644130707
United Kingdom,2006,2.2055766582,5.0877313614
United States,2006,2.2909693718,4.6526579857
Upper middle income,2006,2.9571733475,3.7469809055
Uruguay,2006,0.9133724570,8.5118246078
Uzbekistan,2006,2.1473441124,7.4182434082
Vanuatu,2006,3.2103633881,7.0220108032
"Venezuela, RB",2006,4.2568922043,8.4498624802
Viet Nam,2006,3.8604133129,7.0673632622
Virgin Islands (U.S.),2006,3.7346670628,8.9386177063
West Bank and Gaza,2006,3.2443261147,9.1493721008
World,2006,2.6624469757,4.0664777756
"Yemen, Rep.",2006,1.1297297478,8.8267774582
Zambia,2006,3.3975346088,6.5841388702
Zimbabwe,2006,3.2301495075,9.1678800583
Afghanistan,2007,13.7743873596,8.8809547424
Africa Eastern and Southern,2007,12.6577539444,6.6127405167
Africa Western and Central,2007,14.4067602158,6.4860053062
Albania,2007,13.5645112991,7.0084614754
Algeria,2007,14.9506082535,8.2152767181
American Samoa,2007,14.4531841278,8.4539833069
Andorra,2007,15.4988012314,9.1765031815
Angola,2007,13.9223546982,8.8723239899
Antigua and Barbuda,2007,13.4394226074,9.3114643097
Arab World,2007,14.1099271774,7.9312605858
Argentina,2007,12.8895139694,8.9099721909
Armenia,2007,13.6717920303,8.8692073822
Aruba,2007,15.1991233826,8.0607614517
Australia,2007,15.8283748627,7.9769997597
Austria,2007,14.7380924225,8.5337419510
Azerbaijan,2007,13.9797935486,8.4655504227
"Bahamas, The",2007,14.7384862900,8.8782014847
Bahrain,2007,12.8015422821,8.2545394897
Bangladesh,2007,12.8725652695,7.6659083366
Barbados,2007,14.5450773239,8.7625646591
Belarus,2007,13.1777591705,8.4790897369
Belgium,2007,15.3508596420,8.0676851273
Belize,2007,15.4428930283,8.7257804871
Benin,2007,13.9515323639,6.6537380219
Bermuda,2007,15.9428434372,8.1016721725
Bhutan,2007,14.1371593475,9.0725870132
Bolivia,2007,14.3543329239,8.2337198257
Bosnia and Herzegovina,2007,13.1647958755,7.5898852348
Botswana,2007,13.8864297867,8.3764438629
Brazil,2007,12.2802495956,7.2935128212
Brunei Darussalam,2007,14.1058502197,9.3873691559
Bulgaria,2007,12.6222066879,7.2465701103
Burkina Faso,2007,15.5073652267,7.1207003593
Burundi,2007,15.7512197495,7.2548961639
Cabo Verde,2007,14.2194309235,7.8011789322
Cambodia,2007,13.4311819077,8.8232097626
Cameroon,2007,14.8073720932,6.7433304787
Canada,2007,15.4109640121,8.5379753113
Caribbean small states,2007,14.2414398193,7.8203258514
Cayman Islands,2007,16.0029411316,7.4359884262
Central African Republic,2007,15.1976766586,6.8232960701
Central Europe and the Baltics,2007,13.0293827057,7.6276392937
Chad,2007,15.1704463959,8.2766351700
Channel Islands,2007,13.7328414917,8.0565586090
Chile,2007,13.7760133743,7.9285531044
China,2007,16.3548297882,6.2268891335
Colombia,2007,12.4678249359,7.4394259453
Comoros,2007,15.2119722366,7.6492319107
"Congo, Dem. Rep.",2007,13.7255802155,7.1847343445
"Congo, Rep.",2007,14.4446954727,7.4282441139
Costa Rica,2007,12.5337285995,8.5237827301
Cote d'Ivoire,2007,15.2610664368,9.2240686417
Croatia,2007,13.8659210205,7.6944541931
Cuba,2007,12.9026174545,8.0858860016
Curacao,2007,14.7056846619,8.0630874634
Cyprus,2007,16.1279277802,8.4182834625
Czechia,2007,13.8177251816,9.8159255981
Denmark,2007,15.3519887924,9.1195354462
Djibouti,2007,13.5213670731,8.9774503708
Dominica,2007,13.5618581772,8.2678346634
Dominican Republic,2007,12.6608057022,8.0707111359
Early-demographic dividend,2007,14.8916463852,5.5632815361
East Asia & Pacific,2007,17.4152736664,6.9344463348
East Asia & Pacific (IDA & IBRD countries),2007,16.5681381226,6.0914292336
East Asia & Pacific (excluding high income),2007,16.4875278473,6.1420888901
Ecuador,2007,15.5069141388,9.4258508682
"Egypt, Arab Rep.",2007,12.2347536087,7.5466122627
El Salvador,2007,14.9897594452,8.5889549255
Equatorial Guinea,2007,13.7688236237,8.8113632202
Eritrea,2007,15.6545143127,8.9892826080
Estonia,2007,12.3427438736,8.1192560196
Eswatini,2007,14.1553173065,8.5574483871
Ethiopia,2007,13.9498796463,8.8518886566
Euro area,2007,17.5044746399,6.8019995689
Europe & Central Asia,2007,17.6109313965,6.8925256729
Europe & Central Asia (IDA & IBRD countries),2007,15.0343456268,5.5279717445
Europe & Central Asia (excluding high income),2007,12.6828746796,6.4094347954
European Union,2007,17.5752029419,6.7798123360
Faroe Islands,2007,14.1871814728,8.9193258286
Fiji,2007,14.6472368240,8.8326616287
Finland,2007,13.6010484695,7.4555907249
Fragile and conflict affected situations,2007,14.1237812042,5.9961290359
France,2007,15.8990125656,9.3587360382
French Polynesia,2007,14.8936138153,9.3291597366
Gabon,2007,13.8452596664,6.9624786377
"Gambia, The",2007,15.3608264923,7.0737781525
Georgia,2007,13.6052827835,9.2972354889
Germany,2007,15.8923206329,9.1942749023
Ghana,2007,14.8299245834,7.5747737885
Greece,2007,15.9870681763,9.3292016983
Greenland,2007,15.0872697830,9.3017225266
Grenada,2007,13.5140705109,7.1517009735
Guam,2007,14.8338899612,9.1353054047
Guatemala,2007,14.3683423996,7.1716527939
Guinea,2007,13.8386659622,7.7933144569
Guinea-Bissau,2007,15.7493429184,7.6297011375
Guyana,2007,13.1084823608,8.5650720596
Haiti,2007,15.2426214218,6.6045837402
Heavily indebted poor countries (HIPC),2007,14.6798210144,6.5121512413
High income,2007,17.7145137787,6.9447317123
Honduras,2007,12.3884153366,7.6982984543
"Hong Kong SAR, China",2007,12.3646697998,7.6447954178
Hungary,2007,14.8702478409,8.8693962097
IBRD only,2007,17.7989730835,6.8292717934
IDA & IBRD total,2007,17.6956596375,6.5282688141
IDA blend,2007,14.6298170090,6.4135842323
IDA only,2007,13.7862863541,6.1425962448
IDA total,2007,14.2741479874,5.9259209633
Iceland,2007,13.4010353088,8.2048768997
India,2007,15.1020631790,5.9784207344
Indonesia,2007,13.6185693741,5.9883880615
"Iran, Islamic Rep.",2007,12.5559234619,8.2846984863
Iraq,2007,15.3427705765,9.1906251907
Ireland,2007,13.8911609650,7.5312991142
Isle of Man,2007,13.6361398697,8.1940813065
Israel,2007,13.1894664764,7.1470499039
Italy,2007,15.7688074112,9.3874502182
Jamaica,2007,14.9778032303,9.4952001572
Japan,2007,16.7165603638,7.4324755669
Jordan,2007,12.5777091980,7.6228079796
Kazakhstan,2007,13.1930580139,9.3366432190
Kenya,2007,13.2660074234,7.4200968742
Kiribati,2007,15.5273323059,8.6470041275
"Korea, Rep.",2007,13.2605056763,7.7027826309
Kosovo,2007,15.0676794052,6.6286206245
Kuwait,2007,12.9084997177,6.8333764076
Kyrgyz Republic,2007,12.5423908234,9.0710182190
Lao PDR,2007,14.6782350540,7.2161173820
Late-demographic dividend,2007,17.6800880432,6.4758887291
Latin America & Caribbean,2007,14.6908493042,5.3213267326
Latin America & Caribbean (excluding high income),2007,14.5294523239,5.3302445412
Latin America & the Caribbean (IDA & IBRD countries),2007,14.6568756104,5.3504686356
Latvia,2007,13.4890203476,9.6001806259
Least developed countries: UN classification,2007,12.7463531494,7.0719509125
Lebanon,2007,12.8812065125,9.3846397400
Lesotho,2007,14.8377075195,7.1068940163
Liberia,2007,13.2596921921,9.4727401733
Libya,2007,13.7685709000,7.0197739601
Liechtenstein,2007,16.0511589050,7.6211628914
Lithuania,2007,13.8429613113,9.3736619949
Low & middle income,2007,17.7648086548,6.6881551743
Low income,2007,14.4723224640,6.3490056992
Lower middle income,2007,14.7971982956,5.6072058678
Luxembourg,2007,12.3571910858,7.9276371002
"Macao SAR, China",2007,14.0411119461,9.1930370331
Madagascar,2007,14.3852834702,6.9127025604
Malawi,2007,13.5610637665,9.5786943436
Malaysia,2007,12.5498800278,7.7401485443
Maldives,2007,12.8700895309,8.1085109711
Mali,2007,15.6156482697,6.8522439003
Malta,2007,13.5157880783,7.8222465515
Marshall Islands,2007,14.7329244614,7.7130422592
Mauritania,2007,14.4312210083,9.0271682739
Mauritius,2007,13.0712232590,6.7680301666
Mexico,2007,15.6442251205,9.5847043991
"Micronesia, Fed. Sts.",2007,14.7105560303,7.9372110367
"Middle East, North Africa, Afghanistan & Pakistan",2007,14.1247854233,7.1891074181
"Middle East, North Africa, Afghanistan & Pakistan (IDA & IBRD)",2007,14.2125797272,5.6928319931
"Middle East, North Africa, Afghanistan & Pakistan (excluding high income)",2007,14.3141078949,5.5893793106
Middle income,2007,17.7972717285,6.7056298256
Moldova,2007,15.1006669998,7.9457073212
Monaco,2007,13.8244972229,9.0162172318
Mongolia,2007,13.2418832779,9.1228542328
Montenegro,2007,12.7296857834,7.4680819511
Morocco,2007,15.2235784531,8.8196258545
Mozambique,2007,13.7122278214,8.0239295959
Myanmar,2007,13.8314018250,9.2432231903
Namibia,2007,14.0454282761,7.3093152046
Nauru,2007,13.9930839539,8.6097593307
Nepal,2007,15.1749134064,7.4392876625
Netherlands,2007,15.8233833313,7.8437747955
New Caledonia,2007,14.1563558578,8.3798274994
New Zealand,2007,16.3090629578,7.8166389465
Nicaragua,2007,13.9975748062,7.9036269188
Niger,2007,15.7859344482,7.3100638390
Nigeria,2007,13.7490205765,6.5367341042
North America,2007,17.1671619415,7.1224756241
North Macedonia,2007,13.3857641220,7.1625385284
Northern Mariana Islands,2007,14.2515125275,8.2235708237
Norway,2007,15.8982696533,8.1795616150
OECD members,2007,17.6983356476,6.7913832664
Oman,2007,14.1981782913,7.9138193130
Other small states,2007,12.9770374298,7.3882436752
Pacific island small states,2007,14.5767450333,7.3930711746
Pakistan,2007,14.4135694504,7.8103199005
Palau,2007,14.6123523712,9.4715528488
Panama,2007,13.7196846008,9.0156993866
Papua New Guinea,2007,12.2866945267,8.5340337753
Paraguay,2007,13.9562091827,6.6866083145
Peru,2007,12.9337749481,8.4993076324
Philippines,2007,13.4545497894,8.2530193329
Poland,2007,12.1798324585,7.6493697166
Portugal,2007,15.1616964340,8.7642583847
Post-demographic dividend,2007,17.7253398895,6.7598056793
Pre-demographic dividend,2007,13.8670902252,6.1118302345
Puerto Rico (US),2007,14.5362958908,9.0834770203
Qatar,2007,13.7215728760,8.9566192627
Romania,2007,12.0997657776,7.5228939056
Russian Federation,2007,13.1585445404,8.2404699326
Rwanda,2007,13.4288692474,7.8192367554
Samoa,2007,14.8334655762,8.3134450912
San Marino,2007,12.2648983002,7.4182896614
Sao Tome and Principe,2007,14.5342121124,7.9550671577
Saudi Arabia,2007,15.1794872284,9.3961801529
Senegal,2007,16.0926151276,8.0248050690
Serbia,2007,12.2041273117,8.5708084106
Seychelles,2007,13.0770320892,8.6991634369
Sierra Leone,2007,15.4575004578,7.3752379417
Singapore,2007,13.1811094284,7.8117141724
Slovak Republic,2007,12.7150058746,8.6904916763
Slovenia,2007,12.0393953323,8.1154375076
Small states,2007,14.9582242966,7.2757301331
Solomon Islands,2007,14.5310077667,7.6239838600
"Somalia, Fed. Rep.",2007,12.8080615997,6.9387202263
South Africa,2007,12.2860422134,7.9692244530
South Asia,2007,15.1173868179,5.8884510994
South Asia (IDA & IBRD),2007,15.1240644455,6.0200233459
Spain,2007,15.7326555252,8.6422290802
Sri Lanka,2007,12.4700555801,7.0666432381
St. Kitts and Nevis,2007,14.5790033340,8.9719295502
St. Lucia,2007,14.5644140244,9.5972232819
St. Vincent and the Grenadines,2007,15.4496192932,8.1178874969
Sub-Saharan Africa,2007,12.6638660431,6.2370781898
Sub-Saharan Africa (IDA & IBRD countries),2007,12.6231193542,6.2265858650
Sub-Saharan Africa (excluding high income),2007,12.5264043808,6.2120022774
Sudan,2007,14.0383205414,6.4512572289
Suriname,2007,14.0541419983,7.4655361176
Sweden,2007,15.7861680984,8.5235738754
Switzerland,2007,15.2832250595,7.7026228905
Syrian Arab Republic,2007,14.2029027939,6.4320874214
Tajikistan,2007,12.2659854889,8.7207708359
Tanzania,2007,13.0129232407,6.8520865440
Thailand,2007,13.4313640594,7.7823634148
Timor-Leste,2007,13.5809764862,9.6643123627
Togo,2007,11.8153495789,8.3680906296
Tonga,2007,14.4040794373,7.4140677452
Trinidad and Tobago,2007,14.2013015747,9.3151493073
Tunisia,2007,12.1320123672,7.1275467873
Turkiye,2007,14.4935588837,6.3406114578
Turkmenistan,2007,14.1637659073,8.5383634567
Turks and Caicos Islands,2007,14.6639251709,8.0735349655
Tuvalu,2007,12.1222343445,7.8143429756
Uganda,2007,12.8288707733,8.6534662247
Ukraine,2007,12.8730535507,9.0812520981
United Arab Emirates,2007,15.6382799149,7.9155840874
United Kingdom,2007,16.7599678040,7.4111719131
United States,2007,16.8561935425,7.3167090416
Upper middle income,2007,17.9301033020,6.6725120544
Uruguay,2007,12.7291641235,7.2082099915
Uzbekistan,2007,13.3160905838,9.5684528351
Vanuatu,2007,15.5159330368,7.2486009598
"Venezuela, RB",2007,12.7089776993,8.9742889404
Viet Nam,2007,11.9344167709,7.8057565689
Virgin Islands (U.S.),2007,13.9631309509,8.4144296646
West Bank and Gaza,2007,14.0930385590,8.7930803299
World,2007,17.4713497162,7.0213756561
"Yemen, Rep.",2007,15.7853736877,8.4597053528
Zambia,2007,13.1545228958,8.5806932449
Zimbabwe,2007,14.2504987717,9.5720806122
Afghanistan,2008,5.8487596512,-3.8176739216
Africa Eastern and Southern,2008,5.6371459961,-5.0758228302
Africa Western and Central,2008,4.3888082504,-5.1055531502
Albania,2008,4.5880031586,-6.2138066292
Algeria,2008,6.0930371284,-4.5572309494
American Samoa,2008,7.5292048454,-6.4016599655
Andorra,2008,6.8946208954,-6.7687659264
Angola,2008,5.7286224365,-6.6062726974
Antigua and Barbuda,2008,7.2181191444,-6.2055654526
Arab World,2008,4.5591673851,-4.4688334465
Argentina,2008,5.8077487946,-3.4226822853
Armenia,2008,4.5250043869,-6.2439351082
Aruba,2008,7.6184782982,-4.5030565262
Australia,2008,6.7346940041,-4.7198305130
Austria,2008,7.7682695389,-5.2331829071
Azerbaijan,2008,5.5495109558,-7.1215953827
"Bahamas, The",2008,7.4150838852,-6.9757361412
Bahrain,2008,3.4869761467,-5.8849716187
Bangladesh,2008,3.9422700405,-5.4599432945
Barbados,2008,7.3150873184,-5.8139147758
Belarus,2008,5.6214981079,-6.3563041687
Belgium,2008,7.6952681541,-5.8656640053
Belize,2008,7.2204122543,-6.5434179306
Benin,2008,5.2775053978,-3.8229131699
Bermuda,2008,7.7703423500,-6.7546634674
Bhutan,2008,6.0088658333,-5.7248096466
Bolivia,2008,4.4850401878,-5.7117524147
Bosnia and Herzegovina,2008,3.8001258373,-5.4413709641
Botswana,2008,6.0902543068,-5.7093772888
Brazil,2008,3.6339483261,-4.3109817505
Brunei Darussalam,2008,6.7017874718,-7.0067787170
Bulgaria,2008,3.7186348438,-5.6738576889
Burkina Faso,2008,4.0518755913,-5.3250937462
Burundi,2008,5.2356882095,-3.8763148785
Cabo Verde,2008,4.4066004753,-6.1533374786
Cambodia,2008,4.8072633743,-6.0374398232
Cameroon,2008,6.0716671944,-4.0508189201
Canada,2008,7.6162390709,-5.2335205078
Caribbean small states,2008,6.6276974678,-5.0881114006
Cayman Islands,2008,8.6380252838,-6.5302424431
Central African Republic,2008,6.1936249733,-3.4503512383
Central Europe and the Baltics,2008,3.8660476208,-4.1743602753
Chad,2008,6.0513129234,-4.1991391182
Chile,2008,6.2925486565,-5.1259555817
China,2008,9.8751783371,-5.5373826027
Colombia,2008,6.1334404945,-5.0373315811
Comoros,2008,5.7778749466,-3.4037792683
"Congo, Dem. Rep.",2008,4.1660695076,-6.4392566681
"Congo, Rep.",2008,3.8650851250,-6.3975772858
Costa Rica,2008,3.9036824703,-4.2211680412
Cote d'Ivoire,2008,5.3746457100,-4.3533520699
Croatia,2008,6.4898633957,-5.0452909470
Cuba,2008,5.4930253029,-3.5621249676
Curacao,2008,6.4974141121,-5.5366873741
Cyprus,2008,7.5169677734,-4.7551398277
Czechia,2008,7.3882765770,-4.4267015457
Denmark,2008,8.4975605011,-6.4130229950
Djibouti,2008,5.8417229652,-6.0622191429
Dominica,2008,4.8460869789,-6.1768207550
Dominican Republic,2008,5.5781989098,-4.8186669350
Early-demographic dividend,2008,3.9695954323,-3.0436527729
East Asia & Pacific,2008,10.0228300095,-6.5176057816
East Asia & Pacific (IDA & IBRD countries),2008,10.0611982346,-5.8170247078
East Asia & Pacific (excluding high income),2008,9.9092121124,-5.6152567863
Ecuador,2008,4.6440210342,-5.7749743462
"Egypt, Arab Rep.",2008,4.3951272964,-5.9895133972
El Salvador,2008,6.7089219093,-4.5793294907
Equatorial Guinea,2008,6.1939878464,-6.3161950111
Eritrea,2008,6.6974134445,-6.5312290192
Estonia,2008,6.9750256538,-6.8713421822
Eswatini,2008,6.6805896759,-5.8959765434
Ethiopia,2008,6.1043043137,-6.5395026207
Euro area,2008,10.0523576736,-6.4497947693
Europe & Central Asia,2008,10.2108564377,-6.6386504173
Europe & Central Asia (IDA & IBRD countries),2008,3.8528149128,-3.2432739735
Europe & Central Asia (excluding high income),2008,5.8932480812,-4.5798602104
European Union,2008,10.0614538193,-6.7175998688
Faroe Islands,2008,6.4614839554,-6.0501399040
Fiji,2008,7.7545228004,-5.2872371674
Finland,2008,7.6508579254,-5.5077872276
Fragile and conflict affected situations,2008,4.6228928566,-4.2893700600
France,2008,8.5727787018,-5.7892842293
French Polynesia,2008,8.7912397385,-6.0001702309
Gabon,2008,6.8541817665,-7.2400331497
"Gambia, The",2008,3.9867811203,-5.6869826317
Georgia,2008,6.7698888779,-4.9528760910
Germany,2008,8.4562864304,-5.6798443794
Ghana,2008,4.9549064636,-7.0737028122
Greece,2008,8.5971374512,-5.8881278038
Greenland,2008,4.1522970200,-5.2387742996
Grenada,2008,7.0805625916,-5.6605710983
Guam,2008,6.4929704666,-4.7714033127
Guatemala,2008,5.6967377663,-4.9939742088
Guinea,2008,5.6560735703,-4.1248731613
Guinea-Bissau,2008,5.4149956703,-3.6282014847
Guyana,2008,6.5922861099,-5.3164296150
Haiti,2008,6.0402073860,-3.3258886337
Heavily indebted poor countries (HIPC),2008,4.6596064568,-4.6854801178
High income,2008,10.2915430069,-6.5168151855
Honduras,2008,6.9874396324,-3.9542174339
"Hong Kong SAR, China",2008,8.0067367554,-5.5967822075
Hungary,2008,7.4816513062,-5.8841109276
IBRD only,2008,10.5326929092,-6.4646139145
IDA & IBRD total,2008,10.4025278091,-6.4973883629
IDA blend,2008,5.3477544785,-4.4711775780
IDA only,2008,4.6025538445,-4.7992215157
IDA total,2008,4.8020486832,-4.4853100777
Iceland,2008,7.1801524162,-4.7571926117
India,2008,4.6572322845,-3.1933720112
Indonesia,2008,4.4657754898,-4.8529214859
"Iran, Islamic Rep.",2008,8.1822586060,-5.8430094719
Iraq,2008,4.8088488579,-7.1679158211
Ireland,2008,7.6021690369,-6.8729295731
Isle of Man,2008,5.1290731430,-4.1776938438
Israel,2008,6.2076940536,-4.9569363594
Italy,2008,8.6445484161,-6.0041728020
Jamaica,2008,7.8731265068,-6.5229454041
Japan,2008,9.0542936325,-6.5894970894
Jordan,2008,3.6437878609,-6.0611233711
Kazakhstan,2008,6.0086231232,-5.4984707832
Kenya,2008,8.2548112869,-6.1941108704
Kiribati,2008,6.9342427254,-7.1866340637
"Korea, Rep.",2008,7.1523547173,-5.3423533440
Kosovo,2008,7.3153691292,-6.3175258636
Kuwait,2008,6.9826421738,-4.8700890541
Kyrgyz Republic,2008,4.8815670013,-6.6609640121
Lao PDR,2008,4.7606172562,-7.1041073799
Late-demographic dividend,2008,10.4667463303,-6.2395434380
Latin America & Caribbean,2008,3.9719116688,-3.2427015305
Latin America & Caribbean (excluding high income),2008,3.9100677967,-3.1601665020
Latin America & the Caribbean (IDA & IBRD countries),2008,3.8448481560,-3.0733990669
Latvia,2008,6.8996453285,-7.2741107941
Least developed countries: UN classification,2008,4.5280356407,-5.3668842316
Lebanon,2008,5.7585921288,-6.3576068878
Lesotho,2008,3.8728315830,-5.4269361496
Liberia,2008,4.3873796463,-6.9490814209
Libya,2008,8.3179321289,-6.8039875031
Liechtenstein,2008,7.3313608170,-4.9832067490
Lithuania,2008,7.2871336937,-4.5812306404
Low & middle income,2008,10.2997045517,-6.5861201286
Low income,2008,5.2680506706,-4.2298617363
Lower middle income,2008,4.0613775253,-3.3907735348
Luxembourg,2008,8.4468774796,-6.4421911240
"Macao SAR, China",2008,7.5330185890,-4.2241082191
Madagascar,2008,4.1075696945,-6.2580265999
Malawi,2008,4.6295909882,-6.8768401146
Malaysia,2008,3.7867648602,-6.1425113678
Maldives,2008,5.7262396812,-6.6988897324
Mali,2008,3.9539997578,-6.1261286736
Malta,2008,3.9476113319,-5.9455404282
Marshall Islands,2008,6.7439293861,-6.8749794960
Mauritania,2008,8.4099931717,-6.6273584366
Mauritius,2008,3.7764050961,-5.7156400681
Mexico,2008,7.1797599792,-5.5882229805
"Micronesia, Fed. Sts.",2008,7.2757019997,-7.0946283340
"Middle East, North Africa, Afghanistan & Pakistan",2008,3.8735749722,-3.8099584579
"Middle East, North Africa, Afghanistan & Pakistan (IDA & IBRD)",2008,4.6756281853,-3.8052384853
"Middle East, North Africa, Afghanistan & Pakistan (excluding high income)",2008,4.6655693054,-3.6731219292
Middle income,2008,10.6115961075,-6.5788598061
Moldova,2008,4.3765010834,-6.4948215485
Monaco,2008,7.9515104294,-5.4603214264
Mongolia,2008,5.2303123474,-6.0999450684
Montenegro,2008,3.5824346542,-5.9381542206
Morocco,2008,5.0056948662,-5.3447799683
Mozambique,2008,4.2651739120,-5.9273576736
Myanmar,2008,5.9033379555,-7.1046962738
Namibia,2008,7.5882296562,-4.4810833931
Nauru,2008,5.9192671776,-6.5897102356
Nepal,2008,3.4688885212,-5.5941362381
Netherlands,2008,7.9291977882,-4.7352790833
New Caledonia,2008,5.5293540955,-5.4242482185
New Zealand,2008,7.7985482216,-6.2744908333
Nicaragua,2008,6.0297880173,-5.8368544579
Niger,2008,4.3613491058,-6.8786096573
Nigeria,2008,4.8441085815,-5.8224844933
North America,2008,9.5958757401,-6.5212192535
North Macedonia,2008,4.4185309410,-4.9514927864
Northern Mariana Islands,2008,6.5331621170,-6.5056638718
Norway,2008,8.0176048279,-5.8757839203
OECD members,2008,10.2312717438,-6.7183523178
Oman,2008,5.5606522560,-6.1826348305
Other small states,2008,7.9997138977,-4.8982367516
Pacific island small states,2008,7.5646986961,-4.4656052589
Pakistan,2008,6.6926894188,-5.5514702797
Palau,2008,7.1439123154,-6.8312568665
Panama,2008,5.7613101006,-6.8625030518
Papua New Guinea,2008,8.1448860168,-6.2947378159
Paraguay,2008,4.2286944389,-5.6033353806
Peru,2008,5.2734565735,-6.7530784607
Philippines,2008,5.4312505722,-5.1903762817
Poland,2008,3.7281861305,-3.9787287712
Portugal,2008,8.4095315933,-6.0564985275
Post-demographic dividend,2008,10.1995811462,-6.5788278580
Pre-demographic dividend,2008,4.4891014099,-5.2312054634
Puerto Rico (US),2008,7.5051932335,-6.8471236229
Qatar,2008,6.1180558205,-6.1136794090
Romania,2008,5.3004317284,-6.8774933815
Russian Federation,2008,3.7682120800,-3.6908597946
Rwanda,2008,5.6492233276,-6.9466395378
Samoa,2008,6.0718326569,-4.7796659470
San Marino,2008,8.5766019821,-6.2621765137
Sao Tome and Principe,2008,5.0017848015,-5.5450978279
Saudi Arabia,2008,3.8616602421,-6.0703721046
Senegal,2008,5.5245032310,-4.6961402893
Serbia,2008,4.9563341141,-5.3915820122
Seychelles,2008,7.8435811996,-6.8994321823
Sierra Leone,2008,5.7653174400,-3.6388239861
Singapore,2008,7.7627105713,-5.6047945023
Slovak Republic,2008,3.5758614540,-4.8204598427
Slovenia,2008,7.2756571770,-4.3390626907
Small states,2008,7.6607556343,-4.8729043007
Solomon Islands,2008,4.8247909546,-5.5681114197
"Somalia, Fed. Rep.",2008,3.7763581276,-5.8767580986
South Africa,2008,6.8269448280,-5.3681097031
South Asia,2008,4.5823845863,-3.1498858929
South Asia (IDA & IBRD),2008,4.5746250153,-3.2320849895
South Sudan,2008,6.4596810341,-6.8075776100
Spain,2008,9.0832605362,-6.1488246918
Sri Lanka,2008,4.9681024551,-5.6138014793
St. Kitts and Nevis,2008,5.9243588448,-6.7520866394
St. Lucia,2008,5.7170147896,-5.6325931549
St. Vincent and the Grenadines,2008,6.9925913811,-6.0468025208
Sub-Saharan Africa,2008,3.6192021370,-4.1567497253
Sub-Saharan Africa (IDA & IBRD countries),2008,3.6547088623,-4.0024023056
Sub-Saharan Africa (excluding high income),2008,3.7459506989,-3.9620926380
Sudan,2008,5.7266607285,-3.3731899261
Suriname,2008,5.8098835945,-5.4067664146
Sweden,2008,8.2078142166,-6.4858002663
Switzerland,2008,7.3351974487,-5.1723842621
Syrian Arab Republic,2008,5.4722294807,-4.8682265282
Tajikistan,2008,5.1966748238,-6.2932114601
Tanzania,2008,4.8963541985,-4.5243492126
Thailand,2008,7.4915523529,-4.7325892448
Timor-Leste,2008,5.6189517975,-6.4581818581
Togo,2008,5.5593771935,-4.3464484215
Tonga,2008,4.3978633881,-4.1530389786
Trinidad and Tobago,2008,5.9624238014,-5.2401490211
Tunisia,2008,3.8034288883,-4.6196074486
Turkiye,2008,7.7915558815,-5.3519968987
Turkmenistan,2008,6.2546181679,-6.2929668427
Turks and Caicos Islands,2008,4.9889183044,-7.0045771599
Tuvalu,2008,4.1568255424,-5.8627581596
Uganda,2008,5.4073748589,-6.8930869102
Ukraine,2008,6.9490804672,-4.8735761642
United Arab Emirates,2008,6.9992065430,-4.2817730904
United Kingdom,2008,9.0689725876,-6.3366198540
United States,2008,9.4885435104,-6.5048699379
Upper middle income,2008,10.5166091919,-6.5374703407
Uruguay,2008,4.4924564362,-6.5934433937
Uzbekistan,2008,5.3174829483,-7.0190014839
Vanuatu,2008,4.0562233925,-4.9392466545
"Venezuela, RB",2008,4.9396405220,-4.8326807022
Viet Nam,2008,3.4117820263,-6.1148266792
Virgin Islands (U.S.),2008,6.9742426872,-5.7695393562
West Bank and Gaza,2008,3.7656729221,-6.4765906334
World,2008,10.2017297745,-6.4522929192
"Yemen, Rep.",2008,6.2280721664,-4.3741593361
Zambia,2008,4.6972789764,-6.8530464172
Zimbabwe,2008,6.4029688835,-6.4268984795
Afghanistan,2009,8.6348934174,11.5937709808
Africa Eastern and Southern,2009,9.4536809921,9.9868507385
Africa Western and Central,2009,7.8586816788,11.8477516174
Albania,2009,8.7424058914,10.7622852325
Algeria,2009,9.1213207245,10.8670024872
American Samoa,2009,10.2925729752,11.0348310471
Andorra,2009,11.2201118469,12.0161104202
Angola,2009,9.3432617188,10.9773521423
Antigua and Barbuda,2009,8.9452733994,11.5401163101
Arab World,2009,9.7486047745,10.4144458771
Argentina,2009,11.1873397827,12.1869201660
Armenia,2009,9.3906488419,11.4711771011
Aruba,2009,9.4130191803,11.6169528961
Australia,2009,9.1193685532,10.6145401001
Austria,2009,9.9757289886,11.5714740753
Azerbaijan,2009,9.1207141876,12.2143087387
"Bahamas, The",2009,9.8047790527,11.1617403030
Bahrain,2009,9.2977333069,10.8421058655
Bangladesh,2009,8.9529199600,11.2092542648
Barbados,2009,10.2212047577,11.8242998123
Belarus,2009,9.5516338348,10.8889207840
Belgium,2009,10.8366384506,10.4082031250
Belize,2009,10.3439378738,9.8342924118
Benin,2009,8.8703775406,10.0359153748
Bermuda,2009,10.4766950607,11.8489866257
Bhutan,2009,9.1346101761,11.2700576782
Bolivia,2009,8.3614234924,10.6166658401
Bosnia and Herzegovina,2009,10.0190744400,10.9500398636
Botswana,2009,9.4177894592,11.3996992111
Brazil,2009,11.4318571091,10.2794046402
Brunei Darussalam,2009,10.1984634399,10.6644592285
Bulgaria,2009,9.9726324081,11.0165414810
Burkina Faso,2009,8.7984628677,10.2153472900
Burundi,2009,8.8432550430,10.8315649033
Cabo Verde,2009,11.0801410675,10.2414169312
Cambodia,2009,8.4768114090,11.2341699600
Cameroon,2009,8.9825611115,10.2877283096
Canada,2009,12.1984500885,11.8959197998
Caribbean small states,2009,11.0207557678,10.9914445877
Cayman Islands,2009,9.9850797653,11.7368478775
Central African Republic,2009,8.8813304901,12.1333513260
Central Europe and the Baltics,2009,10.2168235779,11.2245111465
Chad,2009,10.3550548553,10.2736873627
Channel Islands,2009,9.7481670380,11.2791633606
Chile,2009,10.5858955383,9.9711608887
China,2009,9.0070171356,13.2924165726
Colombia,2009,9.4385576248,10.9366188049
Comoros,2009,8.1136417389,12.4576234818
"Congo, Dem. Rep.",2009,7.8148541451,10.7395706177
"Congo, Rep.",2009,9.2390432358,12.5903005600
Costa Rica,2009,10.9285259247,10.0354070663
Cote d'Ivoire,2009,7.4653153419,10.6379318237
Croatia,2009,10.1571531296,12.1045198441
Cuba,2009,9.1921586990,10.1423034668
Curacao,2009,10.4692668915,10.3428716660
Cyprus,2009,10.3994836807,10.8410425186
Czechia,2009,10.7176685333,11.5698204041
Denmark,2009,10.3998594284,11.8192024231
Djibouti,2009,9.3950510025,11.8926515579
Dominica,2009,10.7740097046,10.0802145004
Dominican Republic,2009,9.4349117279,10.2484264374
Early-demographic dividend,2009,12.4316864014,11.0806131363
East Asia & Pacific,2009,13.1000499725,12.9594392776
East Asia & Pacific (IDA & IBRD countries),2009,9.0397615433,13.2972373962
East Asia & Pacific (excluding high income),2009,8.9313087463,13.2319660187
Ecuador,2009,9.5528936386,10.3609857559
"Egypt, Arab Rep.",2009,8.2411260605,10.5715303421
El Salvador,2009,10.9511728287,10.2813434601
Equatorial Guinea,2009,9.3747901917,10.9192514420
Eritrea,2009,8.9779748917,10.9591407776
Estonia,2009,9.2495803833,11.4644746780
Eswatini,2009,9.1976661682,10.1425733566
Ethiopia,2009,8.9369935989,12.4412527084
Euro area,2009,12.9473800659,12.7225952148
Europe & Central Asia,2009,13.1199941635,12.5955495834
Europe & Central Asia (IDA & IBRD countries),2009,11.7176504135,11.5364933014
Europe & Central Asia (excluding high income),2009,10.6280479431,10.9974079132
European Union,2009,13.2076692581,12.6394643784
Faroe Islands,2009,10.3837604523,11.7454109192
Fiji,2009,10.0542793274,10.6267728806
Finland,2009,9.8602199554,11.4113149643
Fragile and conflict affected situations,2009,7.9052753448,9.9711771011
France,2009,11.8540315628,11.9588966370
French Polynesia,2009,11.8601894379,11.7923736572
Gabon,2009,10.1124000549,9.5745086670
"Gambia, The",2009,8.0825462341,12.5038661957
Georgia,2009,10.4887752533,11.2919855118
Germany,2009,11.6613616943,12.2924900055
Ghana,2009,7.7236957550,11.3819303513
Greece,2009,11.6337795258,11.9621305466
Greenland,2009,9.8968219757,9.4859809875
Grenada,2009,9.9132938385,12.2306299210
Guam,2009,9.9057617188,9.9984865189
Guatemala,2009,9.6731033325,10.4668970108
Guinea,2009,10.6108856201,10.0938863754
Guinea-Bissau,2009,8.9421882629,10.1028299332
Guyana,2009,8.0880680084,10.3249711990
Haiti,2009,8.0296545029,12.2137660980
Heavily indebted poor countries (HIPC),2009,7.9089870453,11.1117944717
High income,2009,13.2319154739,12.6914653778
Honduras,2009,10.9148035049,10.4717273712
"Hong Kong SAR, China",2009,10.7902698517,10.9023933411
Hungary,2009,10.4275503159,12.1207885742
IBRD only,2009,13.4664735794,12.7954845428
IDA & IBRD total,2009,13.3420877457,12.8669071198
IDA blend,2009,7.6189346313,11.7319459915
IDA only,2009,7.5611290932,11.2332019806
IDA total,2009,7.4437861443,11.4740190506
Iceland,2009,10.5877094269,11.7597169876
India,2009,8.0226793289,13.2550697327
Indonesia,2009,8.8164224625,11.1969776154
"Iran, Islamic Rep.",2009,9.2894144058,9.6104583740
Iraq,2009,7.5311751366,10.5825099945
Ireland,2009,10.5136871338,11.5752325058
Isle of Man,2009,8.8280448914,9.7556610107
Israel,2009,9.5763635635,9.7528600693
Italy,2009,11.4363670349,12.2782754898
Jamaica,2009,9.8077163696,11.4893455505
Japan,2009,11.9985208511,12.5057201385
Jordan,2009,8.7844295502,10.9648418427
Kazakhstan,2009,9.3125200272,9.2011470795
Kenya,2009,8.5917930603,10.4217605591
Kiribati,2009,10.0366687775,10.1147422791
"Korea, Rep.",2009,9.8479833603,9.7730808258
Kosovo,2009,8.6966609955,11.6092710495
Kuwait,2009,10.2112340927,12.4659166336
Kyrgyz Republic,2009,8.6671028137,10.3389987946
Lao PDR,2009,8.6394977570,12.2547874451
Late-demographic dividend,2009,13.2504453659,13.2333822250
Latin America & Caribbean,2009,12.3665199280,11.0360012054
Latin America & Caribbean (excluding high income),2009,12.2408056259,11.1161851883
Latin America & the Caribbean (IDA & IBRD countries),2009,12.2881059647,10.9860153198
Latvia,2009,9.1463165283,11.6889066696
Least developed countries: UN classification,2009,7.4038944244,11.1889781952
Lebanon,2009,8.8326854706,12.5609474182
Lesotho,2009,10.4162893295,10.2458114624
Liberia,2009,7.9243912697,11.9685621262
Libya,2009,10.0325698853,11.6837673187
Liechtenstein,2009,10.9068555832,10.0139513016
Lithuania,2009,9.2835178375,11.6031198502
Low & middle income,2009,13.4571914673,12.8460454941
Low income,2009,7.9773821831,10.9599618912
Lower middle income,2009,7.9793777466,13.4036302567
Luxembourg,2009,10.3627109528,11.3539581299
"Macao SAR, China",2009,9.1121959686,10.5365409851
Madagascar,2009,9.8954067230,11.2066402435
Malawi,2009,8.5983037949,12.3741130829
Malaysia,2009,10.7793397903,10.2322568893
Maldives,2009,9.7534208298,11.9978771210
Mali,2009,7.6278123856,11.9445772171
Malta,2009,10.0846033096,10.7788820267
Marshall Islands,2009,8.2717533112,10.4579648972
Mauritania,2009,10.1211833954,9.4998569489
Mauritius,2009,9.6175994873,9.5587940216
Mexico,2009,10.7876491547,11.5906829834
"Micronesia, Fed. Sts.",2009,9.4705190659,10.4650526047
"Middle East, North Africa, Afghanistan & Pakistan",2009,9.1178007126,9.1181869507
"Middle East, North Africa, Afghanistan & Pakistan (IDA & IBRD)",2009,7.8925271034,9.6931314468
"Middle East, North Africa, Afghanistan & Pakistan (excluding high income)",2009,7.9148268700,9.6906490326
Middle income,2009,13.3802337646,12.9022502899
Moldova,2009,10.2605152130,12.4851207733
Monaco,2009,9.4121456146,11.6449699402
Mongolia,2009,11.1860313416,10.0622472763
Montenegro,2009,10.9607105255,11.7907915115
Morocco,2009,7.6432824135,10.4492940903
Mozambique,2009,7.7649550438,11.6931037903
Myanmar,2009,9.2508039474,12.4199199677
Namibia,2009,9.5651950836,10.9828214645
Nauru,2009,10.2877807617,12.1644268036
Nepal,2009,8.5055608749,11.0351610184
Netherlands,2009,10.8414068222,12.2231492996
New Caledonia,2009,8.2624406815,11.6352272034
New Zealand,2009,9.8432836533,10.3993129730
Nicaragua,2009,9.6201009750,11.2254476547
Niger,2009,8.8273553848,10.2954025269
Nigeria,2009,8.8196363449,12.7406902313
North America,2009,12.7351856232,12.4381322861
North Macedonia,2009,10.3221549988,9.6010560989
Northern Mariana Islands,2009,9.0800552368,11.6785030365
Norway,2009,11.1116333008,10.5566415787
OECD members,2009,13.2732048035,12.7560033798
Oman,2009,8.6842670441,11.9706258774
Other small states,2009,10.7816371918,12.5173339844
Pacific island small states,2009,10.0566568375,10.1837692261
Pakistan,2009,8.4217052460,10.3951635361
Palau,2009,9.6375761032,11.9167470932
Panama,2009,9.2840547562,10.9403057098
Papua New Guinea,2009,8.2826414108,11.8457593918
Paraguay,2009,10.0993709564,9.7551326752
Peru,2009,9.4977903366,10.5576791763
Philippines,2009,9.6878232956,10.2484569550
Poland,2009,8.5447654724,9.3549766541
Portugal,2009,11.1964731216,11.4072341919
Post-demographic dividend,2009,13.2358331680,12.6737136841
Pre-demographic dividend,2009,7.4671812057,11.4730596542
Puerto Rico (US),2009,10.4984750748,10.6171216965
Qatar,2009,9.2495145798,12.3703403473
Romania,2009,11.0677185059,11.9603614807
Russian Federation,2009,10.1081399918,11.6319627762
Rwanda,2009,7.9036450386,12.3473291397
Samoa,2009,10.4920873642,9.4944171906
San Marino,2009,9.5899400711,11.7696619034
Sao Tome and Principe,2009,8.1374616623,10.8556385040
Saudi Arabia,2009,11.0675287247,9.6823320389
Senegal,2009,8.3162593842,10.1859493256
Serbia,2009,10.8084220886,10.8086204529
Seychelles,2009,10.5818262100,11.1601810455
Sierra Leone,2009,9.1004505157,10.0962238312
Singapore,2009,10.0653076172,10.6418876648
Sint Maarten (Dutch part),2009,9.8243961334,10.9199247360
Slovak Republic,2009,10.4073352814,12.4129934311
Slovenia,2009,9.9144783020,11.9194278717
Small states,2009,10.4997797012,12.0383443832
Solomon Islands,2009,7.7174167633,10.4118194580
"Somalia, Fed. Rep.",2009,8.1805067062,12.5768280029
South Africa,2009,11.1565599442,9.8322753906
South Asia,2009,7.9653096199,13.3651304245
South Asia (IDA & IBRD),2009,7.9018216133,13.2897891998
South Sudan,2009,8.4068136215,11.4566287994
Spain,2009,11.5102758408,11.7239761353
Sri Lanka,2009,7.8621888161,10.3970098495
St. Kitts and Nevis,2009,10.4162454605,11.1384410858
St. Lucia,2009,10.8039045334,11.1367750168
St. Vincent and the Grenadines,2009,11.0419521332,9.9496488571
Sub-Saharan Africa,2009,8.4456644058,9.2259321213
Sub-Saharan Africa (IDA & IBRD countries),2009,8.4008893967,9.2007837296
Sub-Saharan Africa (excluding high income),2009,8.2967672348,9.1905755997
Sudan,2009,9.9614486694,10.8192090988
Suriname,2009,8.5126838684,10.3290634155
Sweden,2009,10.8617982864,12.3836336136
Switzerland,2009,9.9954957962,9.6753292084
Syrian Arab Republic,2009,7.5166516304,11.7854127884
Tajikistan,2009,8.2780351639,10.7653322220
Tanzania,2009,7.7241606712,12.2557802200
Thailand,2009,10.7584104538,9.7573947906
Timor-Leste,2009,9.4019947052,12.3823289871
Togo,2009,7.4844946861,11.8248071671
Tonga,2009,10.8148727417,11.6559944153
Trinidad and Tobago,2009,11.2174148560,11.2965154648
Tunisia,2009,8.6110372543,9.5217046738
Turkiye,2009,10.9367094040,12.5385885239
Turkmenistan,2009,8.1247968674,11.8501892090
Turks and Caicos Islands,2009,8.7706804276,11.7048015594
Tuvalu,2009,11.1728925705,12.0273818970
Uganda,2009,8.3694934845,12.9204635620
Ukraine,2009,8.7517681122,11.4437322617
United Arab Emirates,2009,9.9953708649,12.3512487411
United Kingdom,2009,12.2172279358,12.3183975220
United States,2009,12.6799011230,12.4727268219
Upper middle income,2009,13.4350833893,12.9897041321
Uruguay,2009,7.5460405350,11.1326990128
Uzbekistan,2009,8.8514766693,12.8665122986
Vanuatu,2009,9.2039508820,9.7743415833
"Venezuela, RB",2009,11.6907358170,11.0216970444
Viet Nam,2009,8.8600492477,9.6058769226
Virgin Islands (U.S.),2009,9.5971908569,12.0867719650
West Bank and Gaza,2009,8.4371852875,12.2613534927
World,2009,13.3803100586,12.6785755157
"Yemen, Rep.",2009,7.6425347328,10.7955179214
Zambia,2009,9.2625045776,12.6274251938
Zimbabwe,2009,8.8472480774,12.2491979599
Afghanistan,2010,9.2906112671,13.7439718246
Africa Eastern and Southern,2010,10.2749204636,12.9412403107
Africa Western and Central,2010,8.6978158951,12.2704448700
Albania,2010,10.8639736176,13.0670652390
Algeria,2010,9.8119840622,12.6094999313
American Samoa,2010,10.8952817917,14.2267932892
Andorra,2010,10.3899612427,14.3159713745
Angola,2010,10.8814764023,12.3565063477
Antigua and Barbuda,2010,9.9156293869,13.9787759781
Arab World,2010,10.5704460144,12.2709999084
Argentina,2010,8.5916147232,13.0056343079
Armenia,2010,10.8898515701,13.4103202820
Aruba,2010,10.3064403534,14.3834695816
Australia,2010,11.6662492752,12.9878025055
Austria,2010,12.3952331543,13.0683288574
Azerbaijan,2010,10.2037849426,12.9961328506
"Bahamas, The",2010,11.6915054321,13.7239398956
Bahrain,2010,11.5648326874,12.1099796295
Bangladesh,2010,10.4935951233,11.2026147842
Barbados,2010,10.1378507614,14.0543136597
Belarus,2010,10.1742725372,11.9887056351
Belgium,2010,12.1620445251,12.3107547760
Belize,2010,11.7149314880,14.2485713959
Benin,2010,11.8376541138,12.9105768204
Bermuda,2010,10.2277040482,13.7275342941
Bhutan,2010,9.1876983643,13.8143854141
Bolivia,2010,10.4205608368,13.2104787827
Bosnia and Herzegovina,2010,11.4894151688,14.2470989227
Botswana,2010,9.2331247330,13.3579387665
Brazil,2010,10.6708335876,10.2950296402
Brunei Darussalam,2010,12.5053472519,12.8647880554
Bulgaria,2010,11.8621921539,13.4770565033
Burkina Faso,2010,8.4068012238,12.8865852356
Burundi,2010,10.0480394363,12.0867052078
Cabo Verde,2010,12.1624746323,13.5070362091
Cambodia,2010,10.2154998779,12.5028820038
Cameroon,2010,11.3099479675,12.4930610657
Canada,2010,13.0617218018,11.9110975266
Caribbean small states,2010,12.0688285828,13.5145502090
Cayman Islands,2010,10.1438035965,13.8366146088
Central African Republic,2010,9.8531122208,11.6253461838
Central Europe and the Baltics,2010,11.8723106384,14.1886472702
Chad,2010,9.1270513535,14.0570049286
Channel Islands,2010,9.9358634949,14.2641878128
Chile,2010,10.0533704758,13.0210266113
China,2010,14.1831207275,11.5460395813
Colombia,2010,10.7491035461,13.2783260345
Comoros,2010,9.6463718414,11.8859510422
"Congo, Dem. Rep.",2010,9.5960121155,12.1459331512
"Congo, Rep.",2010,8.7213897705,13.8597955704
Costa Rica,2010,11.0774421692,11.3380985260
Cote d'Ivoire,2010,9.0917358398,12.4389572144
Croatia,2010,10.5305051804,13.6975135803
Cuba,2010,11.3022031784,13.2237300873
Curacao,2010,11.0625991821,14.7357339859
Cyprus,2010,11.5272512436,13.1727104187
Czechia,2010,11.8951272964,13.1224546432
Denmark,2010,12.0675134659,13.9697666168
Djibouti,2010,10.6621408463,13.6018619537
Dominica,2010,10.9604778290,14.5603399277
Dominican Republic,2010,8.4913187027,13.2291755676
Early-demographic dividend,2010,11.3495502472,9.8517065048
East Asia & Pacific,2010,14.8024005890,11.5244226456
East Asia & Pacific (IDA & IBRD countries),2010,14.2862815857,11.5169448853
East Asia & Pacific (excluding high income),2010,14.2302932739,11.4648532867
Ecuador,2010,10.6547403336,12.9849987030
"Egypt, Arab Rep.",2010,10.5331983566,13.2549934387
El Salvador,2010,10.9905433655,13.3551330566
Equatorial Guinea,2010,10.0679025650,14.0411138535
Eritrea,2010,11.6663742065,13.2402029037
Estonia,2010,11.2821073532,13.9329166412
Eswatini,2010,11.1668043137,12.5237798691
Ethiopia,2010,9.3271923065,13.7650079727
Euro area,2010,14.6290922165,11.7505540848
Europe & Central Asia,2010,14.9745731354,11.6050367355
Europe & Central Asia (IDA & IBRD countries),2010,10.9639463425,10.4343223572
Europe & Central Asia (excluding high income),2010,10.7307596207,10.5815410614
European Union,2010,14.7596254349,11.7956428528
Faroe Islands,2010,10.9056568146,14.5566396713
Fiji,2010,12.1327238083,12.6263847351
Finland,2010,12.0052270889,12.2306556702
Fragile and conflict affected situations,2010,8.8989620209,11.3973445892
France,2010,11.3080902100,13.2913417816
French Polynesia,2010,10.0953283310,14.1259994507
Gabon,2010,9.3548984528,12.0907516479
"Gambia, The",2010,9.4417276382,11.9291477203
Georgia,2010,10.2934617996,12.9998512268
Germany,2010,12.9871063232,11.9071569443
Ghana,2010,9.2663669586,12.7114543915
Greece,2010,10.1350078583,14.0058240891
Greenland,2010,12.3222541809,13.5087385178
Grenada,2010,10.6361532211,14.8127202988
Guam,2010,11.3780517578,13.3386335373
Guatemala,2010,11.0557718277,12.8943538666
Guinea,2010,9.9521417618,12.8693971634
Guinea-Bissau,2010,9.4489269257,11.6628427505
Guyana,2010,10.6352519989,12.5153427124
Haiti,2010,10.1011199951,13.5974264145
Heavily indebted poor countries (HIPC),2010,8.8123884201,11.4878063202
High income,2010,14.8351268768,11.5801239014
Honduras,2010,11.6440620422,12.2482328415
"Hong Kong SAR, China",2010,10.9634847641,12.9610834122
Hungary,2010,11.4284267426,14.1808805466
IBRD only,2010,15.0104818344,11.4815282822
IDA & IBRD total,2010,15.1125307083,11.3689460754
IDA blend,2010,9.0737972260,11.4026641846
IDA only,2010,8.7206325531,11.3963804245
IDA total,2010,8.8071641922,11.2773189545
Iceland,2010,10.4784612656,14.2702951431
India,2010,10.5785074234,9.9293699265
Indonesia,2010,9.2552318573,11.3728933334
"Iran, Islamic Rep.",2010,10.5402574539,10.7183713913
Iraq,2010,9.4613513947,12.3628749847
Ireland,2010,11.4063920975,13.0025491714
Isle of Man,2010,11.7460699081,11.9776506424
Israel,2010,9.9709663391,12.7257242203
Italy,2010,11.1894855499,13.7972383499
Jamaica,2010,10.3420791626,13.9217061996
Japan,2010,13.5346994400,11.9133005142
Jordan,2010,11.9706315994,13.2919902802
Kazakhstan,2010,9.3687477112,12.6301193237
Kenya,2010,8.3668928146,13.1086730957
Kiribati,2010,11.4611349106,14.0469007492
"Korea, Rep.",2010,10.4301729202,12.1705760956
Kosovo,2010,10.5412044525,12.7198638916
Kuwait,2010,10.4038496017,14.4845380783
Kyrgyz Republic,2010,10.6616992950,14.1513700485
Lao PDR,2010,9.2565307617,13.1285400391
Late-demographic dividend,2010,14.7466096878,11.3792476654
Latin America & Caribbean,2010,11.3021049500,9.8489656448
Latin America & Caribbean (excluding high income),2010,11.1725845337,9.8467226028
Latin America & the Caribbean (IDA & IBRD countries),2010,11.2999858856,9.8506193161
Latvia,2010,10.3827180862,14.7203731537
Least developed countries: UN classification,2010,8.6091575623,11.2871408463
Lebanon,2010,10.3314075470,12.4798917770
Lesotho,2010,9.4286775589,11.5601921082
Liberia,2010,9.4407739639,11.8013610840
Libya,2010,10.3584461212,12.4534635544
Liechtenstein,2010,9.9807815552,13.1657714844
Lithuania,2010,11.1652860641,14.8891429901
Low & middle income,2010,15.1244125366,11.4834918976
Low income,2010,8.6864557266,12.0781431198
Lower middle income,2010,11.1256017685,9.8189210892
Luxembourg,2010,12.0839738846,11.9939737320
"Macao SAR, China",2010,8.8633623123,14.1428070068
Madagascar,2010,10.6249980927,13.5991163254
Malawi,2010,8.9840402603,12.4393606186
Malaysia,2010,10.7753391266,11.6639633179
Maldives,2010,10.5125122070,10.9892406464
Mali,2010,8.6179981232,12.4455356598
Malta,2010,11.0200939178,11.9095516205
Marshall Islands,2010,10.3153963089,11.4888181686
Mauritania,2010,11.9000082016,12.7106523514
Mauritius,2010,11.9624280930,12.5252790451
Mexico,2010,8.7328338623,11.2024393082
"Micronesia, Fed. Sts.",2010,12.3271512985,13.2435417175
"Middle East, North Africa, Afghanistan & Pakistan",2010,11.0170955658,10.5597906113
"Middle East, North Africa, Afghanistan & Pakistan (IDA & IBRD)",2010,11.5165805817,10.6036272049
"Middle East, North Africa, Afghanistan & Pakistan (excluding high income)",2010,11.5518341064,10.7075567245
Middle income,2010,15.0735006332,11.4429426193
Moldova,2010,9.7566909790,12.4520893097
Monaco,2010,12.2621612549,13.0800933838
Mongolia,2010,10.1185884476,12.1369695663
Montenegro,2010,11.7143812180,12.4475297928
Morocco,2010,11.6152639389,12.1107969284
Mozambique,2010,9.3506011963,12.7366065979
Myanmar,2010,8.8431615829,13.7203264236
Namibia,2010,10.1350765228,11.7124147415
Nauru,2010,10.9192838669,14.6229104996
Nepal,2010,10.2425203323,11.0222711563
Netherlands,2010,12.1977186203,14.2039222717
New Caledonia,2010,9.7306766510,13.3489818573
New Zealand,2010,11.4419660568,13.7498683929
Nicaragua,2010,10.8368644714,12.5002317429
Niger,2010,8.5201311111,13.0425243378
Nigeria,2010,8.7289276123,13.1037912369
North America,2010,14.4648704529,11.7118244171
North Macedonia,2010,11.9371662140,12.5780353546
Northern Mariana Islands,2010,11.7433080673,13.8151645660
Norway,2010,11.8476428986,14.3585090637
OECD members,2010,15.0947704315,11.3832492828
Oman,2010,12.5285272598,12.7698249817
Other small states,2010,12.5003547668,13.5530586243
Pacific island small states,2010,11.7754716873,12.3012390137
Pakistan,2010,12.1724519730,13.0970516205
Palau,2010,10.4317779541,14.6909036636
Panama,2010,10.5084419250,11.5836162567
Papua New Guinea,2010,8.7965307236,13.9096212387
Paraguay,2010,8.9720211029,14.0833311081
Peru,2010,9.2692832947,13.0811080933
Philippines,2010,9.6879377365,13.1665811539
Poland,2010,12.0272703171,12.3872470856
Portugal,2010,10.5888462067,13.4311561584
Post-demographic dividend,2010,14.9584836960,11.3936090469
Pre-demographic dividend,2010,8.7891740799,11.9160785675
Puerto Rico (US),2010,10.7087316513,14.7969665527
Qatar,2010,9.2810697556,13.9947566986
Romania,2010,9.8278141022,13.8769702911
Russian Federation,2010,11.5454092026,10.5654630661
Rwanda,2010,8.6066474915,12.3154945374
Samoa,2010,9.8328533173,12.4128475189
San Marino,2010,9.9135074615,13.5696611404
Sao Tome and Principe,2010,11.5858774185,13.9107971191
Saudi Arabia,2010,10.3455886841,12.8142032623
Senegal,2010,11.4889230728,12.2901659012
Serbia,2010,12.2581481934,14.0053052902
Seychelles,2010,10.9925260544,12.4743881226
Sierra Leone,2010,9.4430952072,11.7678518295
Singapore,2010,10.9933738708,11.1342401505
Sint Maarten (Dutch part),2010,12.2618579865,12.4194021225
Slovak Republic,2010,10.1796054840,11.3273277283
Slovenia,2010,11.7024097443,14.5476226807
Small states,2010,12.6082000732,13.2844018936
Solomon Islands,2010,9.0039863586,13.2674627304
"Somalia, Fed. Rep.",2010,9.8616924286,11.9314184189
South Africa,2010,12.4015159607,12.1626377106
South Asia,2010,10.5463466644,10.0277185440
South Asia (IDA & IBRD),2010,10.6208791733,9.9944114685
South Sudan,2010,10.5444869995,12.1575345993
Spain,2010,11.0058584213,13.8266010284
Sri Lanka,2010,8.5588397980,13.3088846207
St. Kitts and Nevis,2010,11.0621910095,14.8607330322
St. Lucia,2010,11.0966806412,14.4421472549
St. Vincent and the Grenadines,2010,9.9241647720,13.7322998047
Sub-Saharan Africa,2010,10.8795299530,10.5418100357
Sub-Saharan Africa (IDA & IBRD countries),2010,10.7726850510,10.6222076416
Sub-Saharan Africa (excluding high income),2010,10.6702136993,10.5384140015
Sudan,2010,10.3042335510,12.0004711151
Suriname,2010,10.9899139404,12.4205207825
Sweden,2010,10.6306486130,11.9871292114
Switzerland,2010,12.3743515015,12.2396020889
Syrian Arab Republic,2010,9.5722103119,12.7225952148
Tajikistan,2010,9.0469255447,12.2694120407
Tanzania,2010,9.0978116989,11.8269147873
Thailand,2010,10.7980232239,11.7747001648
Timor-Leste,2010,8.6382484436,13.9160099030
Togo,2010,8.9732494354,11.9805269241
Tonga,2010,11.6303768158,13.9586515427
Trinidad and Tobago,2010,11.9315490723,11.8451099396
Tunisia,2010,12.2386436462,12.0792331696
Turkiye,2010,10.1191959381,10.8662261963
Turkmenistan,2010,8.9380159378,13.6186265945
Turks and Caicos Islands,2010,12.1186342239,14.1936426163
Tuvalu,2010,9.9292306900,14.2017402649
Uganda,2010,9.8463439941,11.3823471069
Ukraine,2010,11.6421842575,11.6427545547
United Arab Emirates,2010,11.9444351196,13.8829803467
United Kingdom,2010,13.7870349884,12.0995912552
United States,2010,14.3214120865,11.8754711151
Upper middle income,2010,14.9564285278,11.6304168701
Uruguay,2010,8.3860416412,12.9371175766
Uzbekistan,2010,8.5530509949,12.6372451782
Vanuatu,2010,11.5158529282,14.7202596664
"Venezuela, RB",2010,10.1086864471,14.4774131775
Viet Nam,2010,10.6165714264,11.7749977112
Virgin Islands (U.S.),2010,11.0517177582,14.4458913803
West Bank and Gaza,2010,8.8241081238,11.9378061295
World,2010,14.9919252396,11.6683874130
"Yemen, Rep.",2010,9.0001907349,12.7260761261
Zambia,2010,9.6390275955,13.4980850220
Zimbabwe,2010,9.0714864731,14.1605863571
Afghanistan,2011,18.8365936279,1.1129299402
Africa Eastern and Southern,2011,15.8360586166,1.2736964226
Africa Western and Central,2011,16.0824737549,-0.0787219405
Albania,2011,18.1553020477,0.9907703400
Algeria,2011,15.8491115570,0.5849884152
American Samoa,2011,19.1798610687,1.4130084515
Andorra,2011,18.9593429565,1.8064424992
Angola,2011,16.9555072784,1.4708437920
Antigua and Barbuda,2011,18.8299446106,0.8128438592
Arab World,2011,15.3908300400,1.6395654678
Argentina,2011,17.1658096313,-0.5067639351
Armenia,2011,16.9933166504,0.5314730406
Aruba,2011,17.3741874695,1.2602583170
Australia,2011,18.1072635651,1.5114423037
Austria,2011,17.4952449799,1.0473772287
Azerbaijan,2011,18.7894935608,0.7800456285
"Bahamas, The",2011,18.8165416718,1.5247479677
Bahrain,2011,18.0592823029,1.3607605696
Bangladesh,2011,17.8687896729,-0.1772859693
Barbados,2011,19.1041049957,1.3315701485
Belarus,2011,17.8287715912,0.5275184512
Belgium,2011,17.9966449738,1.4815777540
Belize,2011,19.7035331726,1.4474008083
Benin,2011,17.9336528778,0.9688009620
Bermuda,2011,19.5534210205,0.7997617126
Bhutan,2011,18.4546966553,-0.0093648247
Bolivia,2011,17.2723922729,0.4119414985
Bosnia and Herzegovina,2011,18.6414928436,1.4694951773
Botswana,2011,17.8808383942,-0.5764262676
Brazil,2011,16.2973327637,1.1600111723
Brunei Darussalam,2011,17.3533153534,0.7914872766
Bulgaria,2011,17.7682037354,0.9420287013
Burkina Faso,2011,17.9044342041,-0.8689302802
Burundi,2011,16.6949119568,0.5411499143
Cabo Verde,2011,16.6060924530,1.3802589178
Cambodia,2011,17.8453941345,-0.0549848005
Cameroon,2011,17.8388080597,0.8856753707
Canada,2011,14.8249607086,1.4080839157
Caribbean small states,2011,18.6157054901,1.1882104874
Cayman Islands,2011,17.9663696289,2.2724380493
Central African Republic,2011,16.2454929352,0.0919875056
Central Europe and the Baltics,2011,17.0290412903,1.0824981928
Chad,2011,16.4037971497,0.7758486867
Channel Islands,2011,18.4796714783,2.2816097736
Chile,2011,17.9013328552,0.1504186541
China,2011,14.8154497147,6.7602629662
Colombia,2011,17.7034034729,0.0095467651
Comoros,2011,16.8908119202,-0.1108871400
"Congo, Dem. Rep.",2011,18.0229110718,-0.3404173553
"Congo, Rep.",2011,17.8108367920,2.0325932503
Costa Rica,2011,16.6069259644,1.0399459600
Cote d'Ivoire,2011,19.6371555328,0.4571621418
Croatia,2011,19.1403713226,1.4975080490
Cuba,2011,18.0597438812,0.9116714001
Curacao,2011,18.6311645508,1.0099045038
Cyprus,2011,18.4357986450,1.8216148615
Czechia,2011,18.2027549744,1.2516157627
Denmark,2011,18.4306678772,1.9403529167
Djibouti,2011,19.0531501770,0.4556446970
Dominica,2011,19.2090225220,1.2138668299
Dominican Republic,2011,17.9065914154,0.6615132689
Early-demographic dividend,2011,14.1480150223,2.3062546253
East Asia & Pacific,2011,14.4087095261,7.3452854156
East Asia & Pacific (IDA & IBRD countries),2011,14.7561292648,6.8048405647
East Asia & Pacific (excluding high income),2011,14.7603960037,6.8354563713
Ecuador,2011,18.6382465363,0.3629939854
"Egypt, Arab Rep.",2011,18.2879047394,1.1449940205
El Salvador,2011,16.6276073456,1.4837255478
Equatorial Guinea,2011,17.4156970978,-0.7155878544
Eritrea,2011,18.9333419800,-0.7122201920
Estonia,2011,17.7322826385,0.2718549669
Eswatini,2011,17.9795951843,1.2085347176
Ethiopia,2011,19.0548572540,-0.4845187962
Euro area,2011,14.4028291702,6.9989261627
Europe & Central Asia,2011,14.3600282669,7.2003593445
Europe & Central Asia (IDA & IBRD countries),2011,14.2667226791,2.1831159592
Europe & Central Asia (excluding high income),2011,18.3518905640,0.2726546526
European Union,2011,14.4041852951,7.3773741722
Faroe Islands,2011,17.0201377869,1.2837003469
Fiji,2011,17.5548629761,1.6051869392
Finland,2011,18.0330829620,1.5885368586
Fragile and conflict affected situations,2011,19.5154190063,1.4066451788
France,2011,18.4307899475,0.9677738547
French Polynesia,2011,19.4367027283,0.7676830888
Gabon,2011,17.7905006409,-0.1325319111
"Gambia, The",2011,19.5507450104,0.7855647206
Georgia,2011,18.4648628235,0.2485632300
Germany,2011,15.4977550507,1.4609494209
Ghana,2011,19.1260128021,0.0898204669
Greece,2011,19.2136211395,0.5963137150
Greenland,2011,19.0129146576,0.7731161118
Grenada,2011,18.6366748810,1.6842286587
Guam,2011,19.2132415771,0.9807717204
Guatemala,2011,18.4378414154,0.6615867019
Guinea,2011,17.5066356659,0.2020692825
Guinea-Bissau,2011,18.6503810883,-0.8563269973
Guyana,2011,17.2262535095,-0.2163095325
Haiti,2011,16.4024963379,-0.3118361831
Heavily indebted poor countries (HIPC),2011,15.7252454758,0.1981495172
High income,2011,14.1891565323,7.4056653976
Honduras,2011,17.3372077942,0.6653797626
"Hong Kong SAR, China",2011,16.3326988220,0.6561700702
Hungary,2011,18.4604587555,1.2962055206
IBRD only,2011,14.1720714569,7.4758892059
IDA & IBRD total,2011,14.2702178955,7.4821119308
IDA blend,2011,15.5057458878,0.3114081919
IDA only,2011,15.2510490417,0.5526180863
IDA total,2011,15.2231016159,0.6470386982
Iceland,2011,18.0148983002,2.3837261200
India,2011,14.3594846725,1.8358446360
Indonesia,2011,17.6454010010,-0.4398604929
"Iran, Islamic Rep.",2011,17.6886806488,1.0663485527
Iraq,2011,18.1312484741,0.4031514525
Ireland,2011,17.8360271454,1.6994742155
Isle of Man,2011,17.6732788086,1.8923354149
Israel,2011,18.1276721954,0.5244452953
Italy,2011,18.5722465515,1.9007208347
Jamaica,2011,18.4719467163,1.3229908943
Japan,2011,18.3376197815,2.9930539131
Jordan,2011,17.5241527557,1.2412921190
Kazakhstan,2011,18.1156959534,0.2806028426
Kenya,2011,17.4880943298,0.4210247397
Kiribati,2011,16.6585159302,1.7706125975
"Korea, Rep.",2011,16.7196731567,1.0313991308
Kosovo,2011,17.9368057251,0.1073531657
Kuwait,2011,18.3910636902,0.3823871315
Kyrgyz Republic,2011,17.0760002136,-0.3065618277
Lao PDR,2011,18.5569553375,-0.0070980648
Late-demographic dividend,2011,14.4915838242,7.1120815277
Latin America & Caribbean,2011,14.1253738403,2.3214087486
Latin America & Caribbean (excluding high income),2011,14.3329505920,2.1095330715
Latin America & the Caribbean (IDA & IBRD countries),2011,14.1860656738,2.1713624001
Latvia,2011,17.2335128784,1.8944170475
Least developed countries: UN classification,2011,15.2970829010,0.7681701779
Lebanon,2011,18.1852531433,1.7417978048
Lesotho,2011,16.4596862793,0.8937955499
Liberia,2011,18.6567420959,-0.5495707989
Libya,2011,19.7851486206,0.4845575690
Liechtenstein,2011,18.4067783356,0.6791182160
Lithuania,2011,17.6451091766,-0.5634628534
Low & middle income,2011,14.2482070923,7.2740945816
Low income,2011,19.3998012543,1.8338524103
Lower middle income,2011,14.2986345291,2.1233825684
Luxembourg,2011,18.3652286530,2.0281448364
"Macao SAR, China",2011,19.0598335266,0.1242630407
Madagascar,2011,17.8511505127,2.4953680038
Malawi,2011,16.3518371582,-0.1327185780
Malaysia,2011,16.4229965210,1.1338480711
Maldives,2011,18.6227607727,0.0028736654
Mali,2011,16.5128440857,0.2855370343
Malta,2011,18.3336448669,2.6069798470
Marshall Islands,2011,19.4516296387,1.0947092772
Mauritania,2011,16.5569801331,0.3648833632
Mauritius,2011,17.0745029449,0.6189445853
Mexico,2011,15.2157554626,0.6416429281
"Micronesia, Fed. Sts.",2011,17.0845127106,1.4233218431
"Middle East, North Africa, Afghanistan & Pakistan",2011,14.7673587799,2.0333044529
"Middle East, North Africa, Afghanistan & Pakistan (IDA & IBRD)",2011,19.4418487549,1.6227238178
"Middle East, North Africa, Afghanistan & Pakistan (excluding high income)",2011,19.3662796021,1.7060098648
Middle income,2011,14.1616010666,7.3258728981
Moldova,2011,18.1773624420,-0.1163610145
Monaco,2011,18.3799133301,-0.6758096218
Mongolia,2011,19.0298995972,0.1619979143
Montenegro,2011,17.1637268066,1.1675425768
Morocco,2011,17.6431598663,0.8019914031
Mozambique,2011,18.3401584625,-0.4058468938
Myanmar,2011,16.8813209534,-0.3738525510
Namibia,2011,16.9970283508,0.0702771619
Nauru,2011,18.8550224304,0.0659684315
Nepal,2011,17.4156742096,1.5703209639
Netherlands,2011,18.1850357056,2.1533193588
New Caledonia,2011,18.7722873688,0.7432712317
New Zealand,2011,17.7521133423,2.2526514530
Nicaragua,2011,18.2108459473,-0.1843368858
Niger,2011,17.7358016968,2.6208982468
Nigeria,2011,16.6184921265,-0.5194753408
North America,2011,14.5684738159,7.2054905891
North Macedonia,2011,17.3313903809,1.9185709953
Northern Mariana Islands,2011,19.6600742340,0.4316598177
Norway,2011,18.4108772278,2.3483397961
OECD members,2011,14.2999067307,7.2846531868
Oman,2011,16.9934272766,1.9184498787
Other small states,2011,17.2192726135,1.5956987143
Pacific island small states,2011,17.0120601654,1.1959670782
Pakistan,2011,17.2741909027,2.3508274555
Palau,2011,16.8126487732,-0.2878169119
Panama,2011,17.9305496216,-0.9576950073
Papua New Guinea,2011,18.6981277466,2.3964216709
Paraguay,2011,17.8732814789,0.5858026147
Peru,2011,18.1021881104,-0.6460520625
Philippines,2011,18.3022670746,0.5095005035
Poland,2011,16.7886486053,0.6761090159
Portugal,2011,18.9838581085,0.6929314733
Post-demographic dividend,2011,14.3093976974,7.4540958405
Pre-demographic dividend,2011,15.6915893555,0.1905577928
Puerto Rico (US),2011,19.6830902100,1.2168269157
Qatar,2011,19.0512580872,0.2138136774
Romania,2011,15.9961929321,0.8379936218
Russian Federation,2011,15.5633831024,1.7141385078
Rwanda,2011,18.8058109283,-0.9079595804
Samoa,2011,16.2825374603,1.3737926483
San Marino,2011,19.7790584564,0.1640970707
Sao Tome and Principe,2011,17.5014934540,1.9351332188
Saudi Arabia,2011,19.2086009979,0.0278922562
Senegal,2011,18.5587978363,2.3477976322
Serbia,2011,19.3042564392,1.9307441711
Seychelles,2011,18.3078022003,-0.2217597812
Sierra Leone,2011,18.7410869598,-0.9174419045
Singapore,2011,17.5740947723,-0.2505037487
Sint Maarten (Dutch part),2011,16.1835269928,0.8248129487
Slovak Republic,2011,17.8219509125,1.4134840965
Slovenia,2011,18.7038555145,1.9127967358
Small states,2011,17.3971271515,2.0685973167
Solomon Islands,2011,17.4900455475,-0.8466941714
"Somalia, Fed. Rep.",2011,17.8601455688,-0.8264263272
South Africa,2011,16.9859638214,0.3325976133
South Asia,2011,14.4257173538,1.7037056684
South Asia (IDA & IBRD),2011,14.4798231125,1.8686090708
South Sudan,2011,19.6978130341,0.5146006942
Spain,2011,18.7734184265,1.1979843378
Sri Lanka,2011,18.7002239227,0.3193826675
St. Kitts and Nevis,2011,17.9749412537,1.3139071465
St. Lucia,2011,16.9448604584,0.7493723631
St. Martin (French part),2011,18.0089912415,0.5691844821
St. Vincent and the Grenadines,2011,19.3363914490,1.1989933252
Sub-Saharan Africa,2011,14.6401529312,1.7943501472
Sub-Saharan Africa (IDA & IBRD countries),2011,14.7061271667,1.7210172415
Sub-Saharan Africa (excluding high income),2011,14.6307983398,1.7197800875
Sudan,2011,19.8908977509,0.8022643328
Suriname,2011,17.4723587036,-0.7679929137
Sweden,2011,16.4837608337,1.7776548862
Switzerland,2011,18.0515727997,2.6709408760
Syrian Arab Republic,2011,17.8281135559,1.0573502779
Tajikistan,2011,18.0026416779,-0.5552176237
Tanzania,2011,18.6159420013,-0.9027771950
Thailand,2011,18.8618698120,2.2761497498
Timor-Leste,2011,16.8509140015,-0.5591011643
Togo,2011,17.2677669525,-0.6803195477
Tonga,2011,18.1171836853,-0.7383932471
Trinidad and Tobago,2011,19.0442867279,1.6097501516
Tunisia,2011,19.5616874695,1.0250253677
Turkiye,2011,19.1078910828,-0.4611005485
Turkmenistan,2011,19.1144371033,0.0838679001
Turks and Caicos Islands,2011,16.2948608398,0.6874031425
Tuvalu,2011,17.7061653137,-0.5611851215
Uganda,2011,18.5984973907,-1.0056929588
Ukraine,2011,16.1141986847,0.9754079580
United Arab Emirates,2011,17.4508609772,-1.1182012558
United Kingdom,2011,18.8545703888,2.1311323643
United States,2011,14.5654153824,7.1804499626
Upper middle income,2011,14.5964059830,7.1745047569
Uruguay,2011,17.3882846832,0.1821199507
Uzbekistan,2011,18.5407543182,-0.7130271792
Vanuatu,2011,16.6126651764,1.8971787691
"Venezuela, RB",2011,16.3839073181,0.4749667943
Viet Nam,2011,17.7542533875,-1.0900533199
Virgin Islands (U.S.),2011,19.5409431458,-0.0652910322
West Bank and Gaza,2011,18.9246292114,-0.2774340212
World,2011,14.1982660294,7.5224823952
"Yemen, Rep.",2011,19.5678081512,0.4217283726
Zambia,2011,16.6543865204,-0.3075633049
Zimbabwe,2011,19.2786121368,0.0799403712
Afghanistan,2012,0.0995051190,8.4615440369
Africa Eastern and Southern,2012,3.2180187702,11.8027334213
Africa Western and Central,2012,1.3091447353,10.3735237122
Albania,2012,3.5791587830,9.0489282608
Algeria,2012,2.6200926304,9.4168491364
American Samoa,2012,1.7284482718,7.3509554863
Andorra,2012,1.4196224213,7.0532116890
Angola,2012,0.7257457972,8.3946237564
Antigua and Barbuda,2012,2.6552438736,8.9427423477
Arab World,2012,1.1034178734,9.9236135483
Argentina,2012,2.1741783619,8.2361879349
Armenia,2012,1.3440388441,8.6564970016
Aruba,2012,2.8196530342,6.6943860054
Australia,2012,2.5686931610,12.1103115082
Austria,2012,3.7125310898,8.0171394348
Azerbaijan,2012,3.1007318497,8.6587533951
"Bahamas, The",2012,2.3250589371,8.7763643265
Bahrain,2012,2.6842329502,8.5842437744
Bangladesh,2012,2.1680297852,9.7353849411
Barbados,2012,3.0080552101,7.3761515617
Belarus,2012,2.9351019859,8.5289916992
Belgium,2012,3.1875202656,6.8959741592
Belize,2012,2.3805470467,8.6920022964
Benin,2012,1.3300862312,10.3725042343
Bermuda,2012,1.2511694431,7.0916309357
Bhutan,2012,1.8390988111,8.8036651611
Bolivia,2012,1.9907232523,9.1359357834
Bosnia and Herzegovina,2012,2.7214727402,7.4070482254
Botswana,2012,3.6376004219,7.6563601494
Brazil,2012,3.4206643105,8.1710958481
Brunei Darussalam,2012,3.4528095722,8.0045032501
Bulgaria,2012,3.6514556408,7.1392517090
Burkina Faso,2012,1.1954337358,9.3770847321
Burundi,2012,1.7410820723,10.0425348282
Cabo Verde,2012,3.8766796589,8.4237537384
Cambodia,2012,0.9419652820,8.3820610046
Cameroon,2012,1.4675049782,10.4826211929
Canada,2012,3.1633455753,11.6587810516
Caribbean small states,2012,2.4747705460,9.5707216263
Cayman Islands,2012,3.9549758434,8.1391038895
Central African Republic,2012,1.2404110432,10.2123594284
Central Europe and the Baltics,2012,4.0609669685,7.7457261086
Chad,2012,0.3685941994,8.9268026352
Channel Islands,2012,1.4306271076,7.1421012878
Chile,2012,1.9211786985,8.7688236237
China,2012,2.7109210491,12.7126989365
Colombia,2012,2.4681451321,9.7458648682
Comoros,2012,0.7860787511,9.8724842072
"Congo, Dem. Rep.",2012,1.1002770662,8.9850015640
"Congo, Rep.",2012,0.2752645612,8.3124313354
Costa Rica,2012,3.2098379135,10.2207298279
Cote d'Ivoire,2012,0.8859148622,9.0646829605
Croatia,2012,2.3975467682,7.3385443687
Cuba,2012,2.5690307617,9.4206094742
Curacao,2012,2.8113083839,7.0461106300
Cyprus,2012,1.9549809694,7.4114804268
Czechia,2012,3.0135693550,6.6153316498
Denmark,2012,3.2518887520,8.0358228683
Djibouti,2012,1.4687955379,7.6535658836
Dominica,2012,3.0804648399,7.0275244713
Dominican Republic,2012,2.7266404629,10.0699958801
Early-demographic dividend,2012,3.2317240238,12.4522542953
East Asia & Pacific,2012,2.7591586113,13.3030586243
East Asia & Pacific (IDA & IBRD countries),2012,2.7310585976,12.6785335541
East Asia & Pacific (excluding high income),2012,2.7974755764,12.7045812607
Ecuador,2012,1.9410930872,9.2234764099
"Egypt, Arab Rep.",2012,2.4152755737,8.4327669144
El Salvador,2012,3.1464321613,8.7039051056
Equatorial Guinea,2012,1.0863759518,8.6605224609
Eritrea,2012,0.7577989697,10.1193056107
Estonia,2012,2.7048408985,8.2296895981
Eswatini,2012,1.2055917978,9.8444423676
Ethiopia,2012,2.0675785542,11.7263793945
Euro area,2012,3.0854723454,12.7614984512
Europe & Central Asia,2012,2.7068316936,13.4686632156
Europe & Central Asia (IDA & IBRD countries),2012,3.8181381226,11.5200910568
Europe & Central Asia (excluding high income),2012,3.8642003536,10.9803857803
European Union,2012,2.9709331989,13.0162391663
Faroe Islands,2012,1.3249673843,8.2165355682
Fiji,2012,3.7094118595,7.6229081154
Finland,2012,2.1841425896,7.4849400520
Fragile and conflict affected situations,2012,1.0532529354,10.1957168579
France,2012,3.0852138996,12.2604722977
French Polynesia,2012,2.4503676891,7.5384454727
Gabon,2012,1.2982580662,9.9726438522
"Gambia, The",2012,0.9280614257,10.3194246292
Georgia,2012,1.4285318851,8.8216218948
Germany,2012,3.2248435020,12.1759061813
Ghana,2012,0.3435312808,8.2536888123
Greece,2012,1.2019927502,6.9205822945
Greenland,2012,3.3216774464,8.1761455536
Grenada,2012,2.4699690342,7.1982135773
Guam,2012,3.0076732635,8.7420539856
Guatemala,2012,2.3417737484,9.2071914673
Guinea,2012,0.9282341599,9.5901966095
Guinea-Bissau,2012,2.0434327126,7.8857154846
Guyana,2012,1.8136271238,9.5377693176
Haiti,2012,2.3451273441,8.3009109497
Heavily indebted poor countries (HIPC),2012,1.8140394688,10.7533750534
High income,2012,2.6750979424,13.4388875961
Honduras,2012,2.2374808788,8.6890401840
"Hong Kong SAR, China",2012,3.2799222469,8.4187374115
Hungary,2012,2.6285943985,6.8416166306
IBRD only,2012,2.6863620281,13.6521816254
IDA & IBRD total,2012,2.8538374901,13.6699895859
IDA blend,2012,1.3413672447,10.6344413757
IDA only,2012,2.7886528969,10.5290155411
IDA total,2012,2.3117468357,10.8384990692
Iceland,2012,3.9706513882,8.3838596344
India,2012,4.1139087677,10.5300683975
Indonesia,2012,1.7614712715,9.4005584717
"Iran, Islamic Rep.",2012,1.4681259394,6.8140301704
Iraq,2012,-0.0079560447,8.5394935608
Ireland,2012,2.4959225655,7.0869426727
Isle of Man,2012,0.9154973030,8.6356582642
Israel,2012,3.0862782001,9.2027215958
Italy,2012,1.9778583050,7.2967810631
Jamaica,2012,2.0294766426,8.0750083923
Japan,2012,2.6712436676,12.5436201096
Jordan,2012,3.9307453632,7.3320960999
Kazakhstan,2012,1.6810263395,11.1230745316
Kenya,2012,2.1861410141,9.9644966125
Kiribati,2012,1.6212483644,9.0148515701
"Korea, Rep.",2012,3.6444725990,8.6725425720
Kosovo,2012,3.0762217045,8.7542562485
Kuwait,2012,1.7060260773,8.5196533203
Kyrgyz Republic,2012,2.7074508667,7.9561462402
Lao PDR,2012,0.8283470869,8.2766513824
Late-demographic dividend,2012,2.8792169094,13.1642808914
Latin America & Caribbean,2012,3.6147150993,11.7383689880
Latin America & Caribbean (excluding high income),2012,3.7118647099,11.6400241852
Latin America & the Caribbean (IDA & IBRD countries),2012,3.7227263451,11.6689920425
Latvia,2012,1.5049972534,8.4406833649
Least developed countries: UN classification,2012,2.4959228039,10.5250482559
Lebanon,2012,2.8561630249,8.1587629318
Lesotho,2012,0.7153319716,9.8445110321
Liberia,2012,0.5656096339,8.8313350677
Libya,2012,0.0154631278,8.4597063065
Liechtenstein,2012,1.9938125610,8.3717813492
Lithuania,2012,2.6483135223,9.2126274109
Low & middle income,2012,2.8923506737,13.4564218521
Low income,2012,1.0769412518,7.2579898834
Lower middle income,2012,4.1869139671,10.7247304916
Luxembourg,2012,4.1694064140,8.0917091370
"Macao SAR, China",2012,0.8178986907,7.8891348839
Madagascar,2012,2.0044982433,10.5278348923
Malawi,2012,2.7818403244,8.6549911499
Malaysia,2012,1.5404690504,8.0045871735
Maldives,2012,3.0414454937,8.9747762680
Mali,2012,2.0433368683,8.0922746658
Malta,2012,2.9261507988,7.6694064140
Marshall Islands,2012,2.5095419884,6.7743825912
Mauritania,2012,1.4184006453,10.2468233109
Mauritius,2012,3.7802290916,7.9056019783
Mexico,2012,2.4560735226,10.6258039474
"Micronesia, Fed. Sts.",2012,2.0747225285,7.5833730698
"Middle East, North Africa, Afghanistan & Pakistan",2012,3.6680636406,11.2950487137
"Middle East, North Africa, Afghanistan & Pakistan (IDA & IBRD)",2012,3.3604221344,10.9780912399
"Middle East, North Africa, Afghanistan & Pakistan (excluding high income)",2012,3.2585690022,10.9829511642
Middle income,2012,2.6097350121,13.6301355362
Moldova,2012,2.3747122288,7.6991753578
Monaco,2012,4.2506251335,8.3821792603
Mongolia,2012,0.4080016315,7.9049439430
Montenegro,2012,2.1268570423,6.8917179108
Morocco,2012,2.8551154137,8.1312885284
Mozambique,2012,0.9415899515,8.1933383942
Myanmar,2012,0.6714744568,8.9393758774
Namibia,2012,1.7406052351,9.8241815567
Nauru,2012,0.1714759469,8.0045442581
Nepal,2012,2.9263176918,9.9236936569
Netherlands,2012,2.2901954651,6.8169732094
New Caledonia,2012,2.2141270638,8.9947404861
New Zealand,2012,3.2966136932,9.8235530853
Nicaragua,2012,1.4995068312,8.4665040970
Niger,2012,0.2405951470,9.1199169159
Nigeria,2012,1.3508601189,10.7701692581
North America,2012,2.6917695999,13.2811374664
North Macedonia,2012,3.1546883583,7.0694184303
Northern Mariana Islands,2012,3.7897903919,7.5838532448
Norway,2012,3.4796342850,9.2264804840
OECD members,2012,2.6159453392,13.5590419769
Oman,2012,0.6470551491,8.0205593109
Other small states,2012,4.0907702446,8.2186298370
Pacific island small states,2012,3.9219627380,7.1718626022
Pakistan,2012,0.9553209543,10.4529685974
Palau,2012,3.0110034943,7.8072476387
Panama,2012,0.8853899837,7.9463529587
Papua New Guinea,2012,1.8684606552,9.8807497025
Paraguay,2012,2.4760975838,7.8358197212
Peru,2012,1.9497530460,9.3292407990
Philippines,2012,1.7021608353,9.1085681915
Poland,2012,3.5658390522,8.1281356812
Portugal,2012,1.7024239302,7.0757803917
Post-demographic dividend,2012,2.7345840931,13.6126546860
Pre-demographic dividend,2012,1.4496533871,10.7854890823
Puerto Rico (US),2012,2.9630250931,7.1612782478
Qatar,2012,1.9129097462,8.7815303802
Romania,2012,3.4655108452,8.9050493240
Russian Federation,2012,3.5856482983,10.8063402176
Rwanda,2012,0.4045471251,9.4116144180
Samoa,2012,1.7928034067,7.1611680984
San Marino,2012,1.1480817795,7.1239533424
Sao Tome and Principe,2012,2.9545445442,9.1813697815
Saudi Arabia,2012,1.6160113811,9.2021150589
Senegal,2012,2.2245488167,9.9814586639
Serbia,2012,3.1754677296,7.5278692245
Seychelles,2012,2.8426678181,9.5253162384
Sierra Leone,2012,0.0795159116,8.9059963226
Singapore,2012,3.5800032616,8.3634614944
Sint Maarten (Dutch part),2012,3.5934796333,8.4728851318
Slovak Republic,2012,3.8512172699,8.3281192780
Slovenia,2012,2.1261770725,7.0286459923
Small states,2012,4.1554145813,7.7149786949
Solomon Islands,2012,3.8284933567,8.8890514374
"Somalia, Fed. Rep.",2012,1.1436054707,8.8304405212
South Africa,2012,4.1073122025,8.7756271362
South Asia,2012,4.0630331039,10.6203489304
South Asia (IDA & IBRD),2012,4.1813726425,10.4851303101
South Sudan,2012,1.0320674181,6.9319367409
Spain,2012,1.9827759266,7.6582126617
Sri Lanka,2012,0.5290502906,8.0842695236
St. Kitts and Nevis,2012,2.7028341293,6.8750543594
St. Lucia,2012,2.6847829819,7.4275684357
St. Vincent and the Grenadines,2012,4.0398664474,7.5948081017
Sub-Saharan Africa,2012,3.7601366043,11.0012283325
Sub-Saharan Africa (IDA & IBRD countries),2012,3.7799520493,11.0319681168
Sub-Saharan Africa (excluding high income),2012,3.8586788177,10.9382600784
Sudan,2012,0.8801950216,7.1437411308
Suriname,2012,3.1143946648,9.3832015991
Sweden,2012,3.1391739845,8.2538356781
Switzerland,2012,4.1809144020,8.0144052505
Syrian Arab Republic,2012,1.2205854654,6.8091287613
Tajikistan,2012,0.8420181870,8.9653930664
Tanzania,2012,1.8308066130,10.4573936462
Thailand,2012,1.0985090733,8.0629959106
Timor-Leste,2012,1.0229080915,10.5784664154
Togo,2012,1.3320331573,9.2225914001
Tonga,2012,2.7975599766,8.3087215424
Trinidad and Tobago,2012,1.3123986721,8.6702537537
Tunisia,2012,1.8636546135,8.4474420547
Turkiye,2012,3.1970584393,10.1197834015
Turkmenistan,2012,0.2883801460,7.9410252571
Turks and Caicos Islands,2012,2.0253555775,7.1466488838
Tuvalu,2012,2.2556164265,7.4164948463
Uganda,2012,1.6635907888,10.5426616669
Ukraine,2012,3.4468064308,7.3466625214
United Arab Emirates,2012,4.1653022766,8.1925249100
United Kingdom,2012,4.0890469551,8.9361362457
United States,2012,2.7883989811,13.1783809662
Upper middle income,2012,3.0462388992,13.4126853943
Uruguay,2012,2.1773726940,10.2493352890
Uzbekistan,2012,2.2717084885,11.8311424255
Vanuatu,2012,3.8564455509,7.5802273750
"Venezuela, RB",2012,1.5439060926,9.7201318741
Viet Nam,2012,1.3212674856,8.1803655624
Virgin Islands (U.S.),2012,1.0926915407,7.0517230034
West Bank and Gaza,2012,1.4206614494,9.6042823792
World,2012,2.6744005680,13.5364780426
"Yemen, Rep.",2012,3.3281803131,9.5156831741
Zambia,2012,0.6672219634,9.2566547394
Zimbabwe,2012,0.1832780987,8.3667230606
Afghanistan,2013,-8.5429716110,-2.4969222546
Africa Eastern and Southern,2013,-9.4719934464,-2.9571998119
Africa Western and Central,2013,-7.7958178520,-2.3072774410
Albania,2013,-10.0472564697,-3.9392223358
Algeria,2013,-10.5905084610,-2.0534524918
American Samoa,2013,-11.1981849670,-4.9384775162
Andorra,2013,-10.8699693680,-5.4704260826
Angola,2013,-8.7948999405,-3.1398959160
Antigua and Barbuda,2013,-11.5424833298,-4.5716381073
Arab World,2013,-9.3978366852,-4.8232698441
Argentina,2013,-10.6363964081,-2.5210421085
Armenia,2013,-9.7430105209,-3.7434120178
Aruba,2013,-9.0973491669,-3.0888392925
Australia,2013,-9.7286396027,-6.0843858719
Austria,2013,-11.3058967590,-3.1482996941
Azerbaijan,2013,-8.3964738846,-2.8500776291
"Bahamas, The",2013,-11.0549383163,-5.3100728989
Bahrain,2013,-9.9516525269,-2.6573436260
Bangladesh,2013,-8.9426927567,-4.3744945526
Barbados,2013,-11.2524414062,-4.4909448624
Belarus,2013,-11.1108026505,-3.2078387737
Belgium,2013,-11.0462265015,-4.3499135971
Belize,2013,-9.2907724380,-3.3644928932
Benin,2013,-7.4878044128,-2.8486390114
Bermuda,2013,-11.4996910095,-4.7568793297
Bhutan,2013,-10.6505470276,-3.5971703529
Bolivia,2013,-8.7301158905,-3.6645309925
Bosnia and Herzegovina,2013,-10.5998573303,-3.7589998245
Botswana,2013,-8.1243095398,-4.0480113029
Brazil,2013,-10.0241146088,-3.3917155266
Brunei Darussalam,2013,-11.4778537750,-5.2631158829
Bulgaria,2013,-11.3990859985,-4.1172833443
Burkina Faso,2013,-7.8184723854,-2.1778879166
Burundi,2013,-8.7509880066,-1.7668669224
Cabo Verde,2013,-11.3024492264,-3.9315953255
Cambodia,2013,-8.6307315826,-3.8084464073
Cameroon,2013,-8.8105382919,-1.8682756424
Canada,2013,-9.3174839020,-5.9251966476
Caribbean small states,2013,-10.0911607742,-4.1702342033
Cayman Islands,2013,-11.1729326248,-3.0075922012
Central African Republic,2013,-10.9916143417,-5.6215791702
Central Europe and the Baltics,2013,-11.1643371582,-3.8798997402
Chad,2013,-10.7161874771,-1.8539471626
Channel Islands,2013,-11.3157491684,-4.1429643631
Chile,2013,-10.0422668457,-3.7646427155
China,2013,-9.0067644119,-6.6981959343
Colombia,2013,-9.2029981613,-3.7242763042
Comoros,2013,-7.2844471931,-3.5058758259
"Congo, Dem. Rep.",2013,-7.5634288788,-3.4999089241
"Congo, Rep.",2013,-11.4965553284,-5.1020393372
Costa Rica,2013,-10.1055002213,-3.9645540714
Cote d'Ivoire,2013,-7.4946231842,-3.9534878731
Croatia,2013,-11.6740636826,-4.4024815559
Cuba,2013,-10.1610269547,-1.8259993792
Curacao,2013,-11.3329763412,-4.4130349159
Cyprus,2013,-11.0208053589,-5.6206312180
Czechia,2013,-11.0674419403,-4.2468147278
Denmark,2013,-11.0708751678,-3.4457981586
Djibouti,2013,-11.0215559006,-2.9997925758
Dominica,2013,-11.0120687485,-4.5694942474
Dominican Republic,2013,-8.2746610641,-1.8256381750
Early-demographic dividend,2013,-8.9120626450,-6.1726751328
East Asia & Pacific,2013,-8.9030437469,-6.8814129829
East Asia & Pacific (IDA & IBRD countries),2013,-9.1512460709,-6.5387196541
East Asia & Pacific (excluding high income),2013,-9.1697874069,-6.5242400169
Ecuador,2013,-9.1022319794,-4.2909941673
"Egypt, Arab Rep.",2013,-9.5962562561,-3.7871546745
El Salvador,2013,-10.6700057983,-3.5709645748
Equatorial Guinea,2013,-11.2785892487,-5.6326150894
Eritrea,2013,-9.1330156326,-5.0104155540
Estonia,2013,-10.7959299088,-3.9632873535
Eswatini,2013,-9.1388950348,-2.5132904053
Ethiopia,2013,-7.3196129799,-3.6848845482
Euro area,2013,-8.9890985489,-6.3453302383
Europe & Central Asia,2013,-8.6915483475,-6.9123525620
Europe & Central Asia (IDA & IBRD countries),2013,-8.8620347977,-5.8656711578
Europe & Central Asia (excluding high income),2013,-8.6412544250,-4.8065376282
European Union,2013,-8.9000005722,-6.4965114594
Faroe Islands,2013,-8.7504367828,-2.8819022179
Fiji,2013,-9.5337810516,-2.8425548077
Finland,2013,-11.0918178558,-4.3087344170
Fragile and conflict affected situations,2013,-9.3283166885,-4.9676766396
France,2013,-9.9845046997,-5.1129670143
French Polynesia,2013,-10.3116178513,-4.8652129173
Gabon,2013,-8.1100473404,-2.5985369682
"Gambia, The",2013,-10.2882614136,-1.7526633739
Georgia,2013,-9.0714807510,-3.4147207737
Germany,2013,-9.5256719589,-6.0355119705
Ghana,2013,-7.3876338005,-2.9808497429
Greece,2013,-10.6359748840,-4.9739193916
Greenland,2013,-11.4660272598,-5.2705326080
Grenada,2013,-9.7900753021,-3.3483254910
Guam,2013,-11.1150207520,-3.8850855827
Guatemala,2013,-9.5857992172,-4.3369107246
Guinea,2013,-9.1694173813,-2.3041887283
Guinea-Bissau,2013,-9.8544874191,-1.5781133175
Guyana,2013,-9.5892248154,-3.8958122730
Haiti,2013,-9.4931249619,-1.8492448330
Heavily indebted poor countries (HIPC),2013,-7.7695393562,-1.9837015867
High income,2013,-8.6464357376,-6.9284996986
Honduras,2013,-10.3588113785,-3.1036720276
"Hong Kong SAR, China",2013,-10.7091178894,-2.9497623444
Hungary,2013,-10.2950925827,-3.9379541874
IBRD only,2013,-8.5028371811,-7.1383981705
IDA & IBRD total,2013,-8.5674400330,-7.1308102608
IDA blend,2013,-7.8283014297,-2.0379197598
IDA only,2013,-7.9955959320,-1.6791276932
IDA total,2013,-7.5800991058,-1.8275852203
Iceland,2013,-9.4878797531,-3.1553187370
India,2013,-8.5030260086,-4.9830002785
Indonesia,2013,-8.9467992783,-4.7437162399
"Iran, Islamic Rep.",2013,-10.6666727066,-5.4155492783
Iraq,2013,-7.4067234993,-3.2337334156
Ireland,2013,-11.3137950897,-3.5410945415
Isle of Man,2013,-9.4900579453,-2.1460418701
Israel,2013,-9.5337705612,-3.5738661289
Italy,2013,-10.4738197327,-5.2645444870
Jamaica,2013,-10.4185867310,-4.3600411415
Japan,2013,-9.3715400696,-6.6388339996
Jordan,2013,-10.5346183777,-3.2394833565
Kazakhstan,2013,-7.4928150177,-2.2635722160
Kenya,2013,-9.6405773163,-2.1723594666
Kiribati,2013,-8.0131654739,-3.5292143822
"Korea, Rep.",2013,-10.1804933548,-2.7186903954
Kosovo,2013,-9.1639432907,-3.7918844223
Kuwait,2013,-11.4006443024,-3.2067887783
Kyrgyz Republic,2013,-7.8190937042,-3.7928104401
Lao PDR,2013,-7.8836536407,-3.5913364887
Late-demographic dividend,2013,-8.7378139496,-6.7640604973
Latin America & Caribbean,2013,-8.8348579407,-5.7339143753
Latin America & Caribbean (excluding high income),2013,-8.9021644592,-5.6848406792
Latin America & the Caribbean (IDA & IBRD countries),2013,-8.7652540207,-5.8719758987
Latvia,2013,-10.5832338333,-3.2647664547
Least developed countries: UN classification,2013,-7.6600666046,-1.8431376219
Lebanon,2013,-9.6082630157,-2.8577864170
Lesotho,2013,-10.1934661865,-3.6289284229
Liberia,2013,-7.5422410965,-3.5810070038
Libya,2013,-11.3915252686,-5.6147418022
Liechtenstein,2013,-9.6905441284,-3.9262876511
Lithuania,2013,-9.5674238205,-3.2648200989
Low & middle income,2013,-8.6296348572,-7.0190377235
Low income,2013,-10.8610210419,-1.7235741615
Lower middle income,2013,-8.5760841370,-5.4025092125
Luxembourg,2013,-11.1347522736,-2.6980824471
"Macao SAR, China",2013,-8.0355386734,-3.9427306652
Madagascar,2013,-10.9901342392,-1.7755404711
Malawi,2013,-8.7390537262,-2.3874762058
Malaysia,2013,-9.3251962662,-2.6802082062
Maldives,2013,-8.5469627380,-3.6257219315
Mali,2013,-10.9862031937,-1.9899010658
Malta,2013,-9.7221469879,-2.9317259789
Marshall Islands,2013,-9.6855926514,-2.7846729755
Mauritania,2013,-9.2015514374,-2.4692566395
Mauritius,2013,-10.1369628906,-3.1133465767
Mexico,2013,-9.9665021896,-4.5488429070
"Micronesia, Fed. Sts.",2013,-11.3587779999,-5.6614933014
"Middle East, North Africa, Afghanistan & Pakistan",2013,-9.0629673004,-5.3237762451
"Middle East, North Africa, Afghanistan & Pakistan (IDA & IBRD)",2013,-9.5381212234,-5.2676653862
"Middle East, North Africa, Afghanistan & Pakistan (excluding high income)",2013,-9.5668144226,-5.2235212326
Middle income,2013,-8.4313974380,-7.0081610680
Moldova,2013,-7.9357504845,-3.9808347225
Monaco,2013,-7.8532290459,-4.1629528999
Mongolia,2013,-8.0270013809,-4.2122440338
Montenegro,2013,-9.8608379364,-3.4139115810
Morocco,2013,-9.5147609711,-3.0113995075
Mozambique,2013,-8.4219665527,-3.3121824265
Myanmar,2013,-7.6656575203,-3.4008655548
Namibia,2013,-8.3021430969,-3.1493773460
Nauru,2013,-9.7905788422,-2.7602553368
Nepal,2013,-10.0326280594,-2.0446801186
Netherlands,2013,-11.5584173203,-3.4724144936
New Caledonia,2013,-9.5011119843,-4.6068782806
New Zealand,2013,-10.8563060760,-1.9480482340
Nicaragua,2013,-9.1096248627,-3.8347804546
Niger,2013,-8.5958833694,-1.6643369198
Nigeria,2013,-7.8045787811,-2.8502795696
North America,2013,-8.8431529999,-6.9961218834
North Macedonia,2013,-10.2073450089,-3.3271641731
Northern Mariana Islands,2013,-10.3412570953,-3.0145647526
Norway,2013,-10.9820671082,-3.4789154530
OECD members,2013,-8.6236276627,-7.0959544182
Oman,2013,-8.8686122894,-3.5978064537
Other small states,2013,-11.7172021866,-3.3337638378
Pacific island small states,2013,-10.1377201080,-3.2510802746
Pakistan,2013,-9.3518590927,-2.0542654991
Palau,2013,-11.2496957779,-5.7249779701
Panama,2013,-9.0811576843,-2.9600386620
Papua New Guinea,2013,-9.4751968384,-2.5063574314
Paraguay,2013,-8.6046934128,-4.2812180519
Peru,2013,-9.0503396988,-4.3352694511
Philippines,2013,-9.0191459656,-4.6211152077
Poland,2013,-11.0418472290,-3.8408865929
Portugal,2013,-10.6474599838,-4.1953749657
Post-demographic dividend,2013,-8.4378805161,-6.9039449692
Pre-demographic dividend,2013,-7.6230134964,-2.1399939060
Puerto Rico (US),2013,-11.4373788834,-4.5949487686
Qatar,2013,-8.8821887970,-3.5391223431
Romania,2013,-10.1106529236,-4.6097421646
Russian Federation,2013,-9.5934810638,-4.7255530357
Rwanda,2013,-9.2174835205,-1.5412198305
Samoa,2013,-11.7473897934,-4.4610009193
San Marino,2013,-11.6492109299,-4.9214391708
Sao Tome and Principe,2013,-8.8027706146,-3.7934293747
Saudi Arabia,2013,-9.5446243286,-4.4699296951
Senegal,2013,-10.6541643143,-2.2492425442
Serbia,2013,-10.8861513138,-4.0997266769
Seychelles,2013,-11.2309837341,-3.0201177597
Sierra Leone,2013,-7.5120053291,-4.0236139297
Singapore,2013,-10.0153207779,-2.5184819698
Sint Maarten (Dutch part),2013,-11.1075859070,-3.3068914413
Slovak Republic,2013,-11.4278039932,-3.7718861103
Slovenia,2013,-11.6057329178,-4.5894222260
Small states,2013,-11.4532213211,-3.1100683212
Solomon Islands,2013,-9.0088605881,-3.1683590412
"Somalia, Fed. Rep.",2013,-7.6540775299,-4.1720061302
South Africa,2013,-9.8275566101,-4.2674722672
South Asia,2013,-8.3158245087,-5.2046732903
South Asia (IDA & IBRD),2013,-8.4687500000,-5.1684160233
South Sudan,2013,-7.5469741821,-4.0918974876
Spain,2013,-10.1880779266,-4.5480289459
Sri Lanka,2013,-9.2987518311,-4.1030831337
St. Kitts and Nevis,2013,-8.8477230072,-3.2071237564
St. Lucia,2013,-10.8482265472,-5.5860209465
St. Vincent and the Grenadines,2013,-10.3187208176,-3.4651854038
Sub-Saharan Africa,2013,-8.4473676682,-5.2007246017
Sub-Saharan Africa (IDA & IBRD countries),2013,-8.3997735977,-5.1153602600
Sub-Saharan Africa (excluding high income),2013,-8.3142938614,-5.0967059135
Sudan,2013,-10.7134532928,-2.5526094437
Suriname,2013,-10.3929710388,-2.5213830471
Sweden,2013,-11.3546419144,-3.4133927822
Switzerland,2013,-11.4067974091,-3.0106971264
Syrian Arab Republic,2013,-10.8795976639,-5.6808891296
Tajikistan,2013,-7.3876404762,-2.9555292130
Tanzania,2013,-7.9782204628,-2.5286238194
Thailand,2013,-10.3543672562,-3.4790685177
Timor-Leste,2013,-9.3132801056,-2.5035774708
Togo,2013,-8.5624551773,-3.3390679359
Tonga,2013,-10.8849840164,-4.4425196648
Trinidad and Tobago,2013,-9.8937969208,-2.3161144257
Tunisia,2013,-10.9132118225,-3.3997545242
Turkiye,2013,-8.5952053070,-4.6515846252
Turkmenistan,2013,-7.7178931236,-4.1068391800
Turks and Caicos Islands,2013,-11.0874929428,-3.7836649418
Tuvalu,2013,-9.2663526535,-2.7409107685
Uganda,2013,-9.7100706100,-1.5851440430
Ukraine,2013,-11.6806831360,-3.9027023315
United Arab Emirates,2013,-8.3748865128,-2.3293673992
United Kingdom,2013,-9.5455093384,-6.2586536407
United States,2013,-9.0338478088,-6.8112034798
Upper middle income,2013,-8.5403594971,-6.8056201935
Uruguay,2013,-8.9583320618,-1.5691109896
Uzbekistan,2013,-7.9321994781,-2.7682254314
Vanuatu,2013,-11.6126289368,-3.9353518486
"Venezuela, RB",2013,-10.2594966888,-4.6529040337
Viet Nam,2013,-9.6407957077,-2.4143717289
Virgin Islands (U.S.),2013,-11.2979278564,-5.8327298164
West Bank and Gaza,2013,-8.5272836685,-2.1644496918
World,2013,-8.6448001862,-7.0569624901
"Yemen, Rep.",2013,-8.9161777496,-1.9174374342
Zambia,2013,-8.8005638123,-2.7055983543
Zimbabwe,2013,-11.0213651657,-2.1743264198
Afghanistan,2014,10.6536006927,8.8427772522
Africa Eastern and Southern,2014,10.1414794922,9.1174860001
Africa Western and Central,2014,8.0573444366,8.2788896561
Albania,2014,10.8414239883,8.9442138672
Algeria,2014,10.1242637634,8.3359279633
American Samoa,2014,9.7231512070,9.7564401627
Andorra,2014,10.9196968079,8.6586761475
Angola,2014,9.2794284821,7.7554149628
Antigua and Barbuda,2014,10.5950689316,9.1471576691
Arab World,2014,12.1537132263,9.6743345261
Argentina,2014,9.1775541306,11.0802373886
Armenia,2014,11.0027999878,9.7069597244
Aruba,2014,10.3474798203,11.4597959518
Australia,2014,11.1574687958,8.7451429367
Austria,2014,9.7856483459,9.8038196564
Azerbaijan,2014,10.7734012604,8.3747062683
"Bahamas, The",2014,10.5063486099,9.7389974594
Bahrain,2014,9.6039562225,9.2714977264
Bangladesh,2014,9.2166242599,10.1673412323
Barbados,2014,10.0466203690,11.0057888031
Belarus,2014,10.2903347015,9.2553548813
Belgium,2014,10.6931085587,9.9333791733
Belize,2014,10.8545045853,9.4026756287
Benin,2014,8.3321628571,8.9404506683
Bermuda,2014,8.8614673615,11.1193761826
Bhutan,2014,9.4322500229,9.2007589340
Bolivia,2014,9.3693847656,9.3154029846
Bosnia and Herzegovina,2014,9.9543151855,9.7291936874
Botswana,2014,9.3114595413,8.4644489288
Brazil,2014,11.7177667618,10.2945537567
Brunei Darussalam,2014,9.1799860001,10.9054546356
Bulgaria,2014,10.4588346481,10.3102407455
Burkina Faso,2014,9.3842573166,8.1162891388
Burundi,2014,9.5062017441,8.7808227539
Cabo Verde,2014,9.8840570450,10.3713407516
Cambodia,2014,9.0227184296,9.8644676208
Cameroon,2014,8.2546329498,8.2011671066
Canada,2014,13.3701477051,9.3355073929
Caribbean small states,2014,10.4627504349,8.8653078079
Cayman Islands,2014,10.6361246109,8.3196992874
Central African Republic,2014,9.8801803589,10.9702892303
Central Europe and the Baltics,2014,11.5870685577,9.6285047531
Chad,2014,10.0149574280,9.4089612961
Channel Islands,2014,11.3186559677,8.9207315445
Chile,2014,10.1114187241,9.7764368057
China,2014,14.8558731079,9.9890947342
Colombia,2014,10.0953187943,9.1873302460
Comoros,2014,9.8990087509,8.6516008377
"Congo, Dem. Rep.",2014,8.3740139008,10.0556049347
"Congo, Rep.",2014,8.4531450272,8.8438491821
Costa Rica,2014,11.9907150269,9.7723064423
Cote d'Ivoire,2014,8.4736175537,9.8610277176
Croatia,2014,9.4336585999,10.1396350861
Cuba,2014,9.7161607742,10.0226116180
Curacao,2014,10.1819820404,11.2716159821
Cyprus,2014,9.9683294296,10.0565605164
Czechia,2014,11.0419530869,9.5800924301
Denmark,2014,10.0715894699,9.8916187286
Djibouti,2014,8.7755804062,8.9971284866
Dominica,2014,11.2027692795,9.5488414764
Dominican Republic,2014,8.4854927063,9.5014657974
Early-demographic dividend,2014,13.7460403442,10.0480690002
East Asia & Pacific,2014,15.4411849976,9.9038677216
East Asia & Pacific (IDA & IBRD countries),2014,14.8032436371,9.9790563583
East Asia & Pacific (excluding high income),2014,14.8424501419,10.0407295227
Ecuador,2014,9.4122028351,8.1093215942
"Egypt, Arab Rep.",2014,11.2739515305,8.7148666382
El Salvador,2014,11.1344747543,9.8962030411
Equatorial Guinea,2014,9.7566337585,10.3829727173
Eritrea,2014,12.6641206741,10.1244077682
Estonia,2014,10.1602115631,9.4190235138
Eswatini,2014,9.7142620087,9.7844209671
Ethiopia,2014,8.7499046326,9.9688529968
Euro area,2014,14.7449607849,10.0451908112
Europe & Central Asia,2014,15.4775142670,10.1209049225
Europe & Central Asia (IDA & IBRD countries),2014,13.1639089584,9.9969463348
Europe & Central Asia (excluding high income),2014,12.3924007416,9.8883857727
European Union,2014,15.0644741058,10.1321125031
Faroe Islands,2014,8.7662210464,8.6544818878
Fiji,2014,9.3877182007,9.4536113739
Finland,2014,9.9243001938,10.3909511566
Fragile and conflict affected situations,2014,12.5137529373,8.9292974472
France,2014,10.7744712830,10.5186519623
French Polynesia,2014,10.3793115616,11.0117111206
Gabon,2014,9.5020084381,8.8970241547
"Gambia, The",2014,8.9827699661,10.8794784546
Georgia,2014,9.7225818634,9.4416828156
Germany,2014,13.1702270508,9.3387279510
Ghana,2014,10.5913953781,8.6821374893
Greece,2014,10.3151721954,10.4586706161
Greenland,2014,9.3199367523,7.6638970375
Grenada,2014,8.8602266312,9.7075433731
Guam,2014,10.1434898376,10.0664663315
Guatemala,2014,9.8221950531,8.7951564789
Guinea,2014,9.6411094666,8.5928306580
Guinea-Bissau,2014,10.1331386566,10.6519384384
Guyana,2014,9.4092082977,9.8970251083
Haiti,2014,10.2987117767,8.5652713776
Heavily indebted poor countries (HIPC),2014,7.8227667809,8.3015518188
High income,2014,15.4256143570,10.1352319717
Honduras,2014,11.4827089310,9.2755384445
"Hong Kong SAR, China",2014,11.1213731766,8.8221788406
Hungary,2014,9.9500637054,9.3870382309
IBRD only,2014,15.7012472153,10.0505933762
IDA & IBRD total,2014,15.6537523270,10.1957473755
IDA blend,2014,7.9276366234,8.1372079849
IDA only,2014,8.4289445877,8.0594453812
IDA total,2014,8.0321273804,8.0403652191
Iceland,2014,10.5083923340,9.9463243484
India,2014,12.6065502167,10.5876989365
Indonesia,2014,9.7831296921,8.3943233490
"Iran, Islamic Rep.",2014,12.1212415695,10.3500432968
Iraq,2014,11.5179796219,8.4007167816
Ireland,2014,8.8586797714,10.0602588654
Isle of Man,2014,8.9758729935,8.1420974731
Israel,2014,10.4132413864,9.3093538284
Italy,2014,10.1379070282,10.8372144699
Jamaica,2014,9.8899087906,10.4486885071
Japan,2014,14.6339168549,9.9484653473
Jordan,2014,11.3010120392,9.0390596390
Kazakhstan,2014,10.1242856979,8.9566354752
Kenya,2014,9.1599788666,8.4656753540
Kiribati,2014,10.0212287903,10.2004699707
"Korea, Rep.",2014,10.8380136490,8.4755744934
Kosovo,2014,10.8581399918,9.6685600281
Kuwait,2014,10.0969429016,9.9673776627
Kyrgyz Republic,2014,9.9992008209,8.1280088425
Lao PDR,2014,8.7105951309,9.6155605316
Late-demographic dividend,2014,15.4443359375,10.0832519531
Latin America & Caribbean,2014,13.3128490448,10.1444711685
Latin America & Caribbean (excluding high income),2014,13.1833820343,10.1618680954
Latin America & the Caribbean (IDA & IBRD countries),2014,13.3508920670,10.2055921555
Latvia,2014,11.6410913467,9.8926849365
Least developed countries: UN classification,2014,7.9801754951,8.3834581375
Lebanon,2014,11.0480985641,8.6213150024
Lesotho,2014,10.4958057404,9.5854272842
Liberia,2014,9.7227239609,11.1017589569
Libya,2014,8.9307212830,11.2411708832
Liechtenstein,2014,9.7514152527,9.2287349701
Lithuania,2014,10.8728637695,10.2293777466
Low & middle income,2014,15.5926990509,10.2218303680
Low income,2014,10.2891654968,8.2099637985
Lower middle income,2014,12.8432750702,10.1997680664
Luxembourg,2014,11.4391250610,8.7928314209
"Macao SAR, China",2014,10.7857847214,10.6275091171
Madagascar,2014,10.4595994949,8.0184717178
Malawi,2014,8.7112417221,8.3433799744
Malaysia,2014,9.2799787521,8.5190391541
Maldives,2014,8.1704969406,9.4487209320
Mali,2014,8.2812738419,9.4020586014
Malta,2014,9.2216377258,9.5778226852
Marshall Islands,2014,10.1429214478,11.4281282425
Mauritania,2014,9.5203924179,7.6604795456
Mauritius,2014,9.9201927185,8.8298416138
Mexico,2014,11.7780380249,8.5385417938
"Micronesia, Fed. Sts.",2014,9.2865886688,10.8685150146
"Middle East, North Africa, Afghanistan & Pakistan",2014,12.9793863297,9.8475217819
"Middle East, North Africa, Afghanistan & Pakistan (IDA & IBRD)",2014,12.8468551636,9.0793418884
"Middle East, North Africa, Afghanistan & Pakistan (excluding high income)",2014,12.8137054443,9.0764303207
Middle income,2014,15.8282089233,10.1123027802
Moldova,2014,9.5136594772,8.3219347000
Monaco,2014,8.5573854446,9.6137247086
Mongolia,2014,8.8600482941,9.9637184143
Montenegro,2014,11.2497148514,10.3421154022
Morocco,2014,10.0791568756,9.5868387222
Mozambique,2014,8.8745260239,9.3450164795
Myanmar,2014,8.1953563690,9.7773799896
Namibia,2014,8.6297931671,8.8197860718
Nauru,2014,8.8978195190,9.9706106186
Nepal,2014,11.9115848541,10.6213979721
Netherlands,2014,10.8232660294,9.5717563629
New Caledonia,2014,8.7193632126,10.5727691650
New Zealand,2014,10.3105611801,8.7066030502
Nicaragua,2014,9.2287216187,8.3118906021
Niger,2014,8.0299177170,8.9239501953
Nigeria,2014,7.9934539795,8.7986373901
North America,2014,15.3162441254,9.9601383209
North Macedonia,2014,11.1707983017,10.3793745041
Northern Mariana Islands,2014,9.7472438812,8.1727867126
Norway,2014,10.8971138000,9.0450897217
OECD members,2014,15.5406312943,10.0600442886
Oman,2014,10.2884426117,9.6878328323
Other small states,2014,11.2069911957,9.0942726135
Pacific island small states,2014,10.9604597092,9.1620836258
Pakistan,2014,9.0161714554,8.7541666031
Palau,2014,9.3003416061,8.6549663544
Panama,2014,9.5691814423,9.0233669281
Papua New Guinea,2014,8.4887828827,10.2432928085
Paraguay,2014,9.2162027359,9.1486339569
Peru,2014,10.8684558868,9.0293722153
Philippines,2014,9.2759180069,9.0892333984
Poland,2014,11.6773242950,9.7799949646
Portugal,2014,9.5570363998,9.9511995316
Post-demographic dividend,2014,15.4161043167,10.2650470734
Pre-demographic dividend,2014,7.9930782318,8.0907220840
Puerto Rico (US),2014,9.7079706192,10.3645477295
Qatar,2014,9.0687255859,8.8623466492
Romania,2014,9.6760950089,8.6242246628
Russian Federation,2014,12.3686695099,10.1809415817
Rwanda,2014,8.2386798859,8.6724796295
Samoa,2014,10.0885534286,10.6604185104
San Marino,2014,10.0716962814,11.4228248596
Sao Tome and Principe,2014,9.4123649597,8.2721204758
Saudi Arabia,2014,11.7765979767,9.0358333588
Senegal,2014,8.7802352905,9.3605575562
Serbia,2014,9.2594633102,10.8989410400
Seychelles,2014,9.1524915695,8.5778846741
Sierra Leone,2014,8.7564392090,11.2144565582
Singapore,2014,10.2339363098,8.6611728668
Sint Maarten (Dutch part),2014,10.7708501816,10.1446628571
Slovak Republic,2014,11.6627140045,9.1424598694
Slovenia,2014,11.2619667053,8.6317892075
Small states,2014,10.6829729080,9.2001695633
Solomon Islands,2014,9.5712270737,10.5226688385
"Somalia, Fed. Rep.",2014,8.3513765335,10.0403738022
South Africa,2014,10.8027381897,10.2667932510
South Asia,2014,12.7303199768,10.5327272415
South Asia (IDA & IBRD),2014,12.7264833450,10.5221548080
South Sudan,2014,10.4191160202,8.4940481186
Spain,2014,10.9200811386,10.0427579880
Sri Lanka,2014,8.7930431366,8.9878387451
St. Kitts and Nevis,2014,8.7591600418,10.0788955688
St. Lucia,2014,9.6111440659,10.2446441650
St. Martin (French part),2014,9.4408969879,9.6218976974
St. Vincent and the Grenadines,2014,9.9781007767,10.2569255829
Sub-Saharan Africa,2014,12.7386398315,9.6210012436
Sub-Saharan Africa (IDA & IBRD countries),2014,12.7598695755,9.5843267441
Sub-Saharan Africa (excluding high income),2014,12.7750482559,9.5794477463
Sudan,2014,8.8882665634,8.2793769836
Suriname,2014,9.6970319748,11.1262559891
Sweden,2014,11.3151397705,9.1605100632
Switzerland,2014,11.3584632874,8.4227848053
Syrian Arab Republic,2014,8.7177572250,11.1683044434
Tajikistan,2014,8.2297306061,9.3543281555
Tanzania,2014,8.3017129898,8.6347894669
Thailand,2014,10.8683681488,10.6247577667
Timor-Leste,2014,9.1085596085,7.5856766701
Togo,2014,8.9571895599,8.4797801971
Tonga,2014,10.9729232788,8.0695743561
Trinidad and Tobago,2014,9.6788854599,7.8609986305
Tunisia,2014,11.2543249130,8.2002592087
Turkiye,2014,11.5773820877,10.2935199738
Turkmenistan,2014,8.2810115814,10.1692485809
Turks and Caicos Islands,2014,8.2228021622,9.9021148682
Tuvalu,2014,9.9020357132,11.0398139954
Uganda,2014,8.5952062607,7.9892635345
Ukraine,2014,9.0558938980,11.3537559509
United Arab Emirates,2014,8.8427381516,7.8962059021
United Kingdom,2014,14.3021497726,9.7273635864
United States,2014,15.1759424210,10.1217765808
Upper middle income,2014,15.3109989166,9.9862327576
Uruguay,2014,10.2566080093,7.7468404770
Uzbekistan,2014,8.0158319473,9.1991586685
Vanuatu,2014,10.7050056458,8.1219472885
"Venezuela, RB",2014,8.9892740250,11.0576438904
Viet Nam,2014,8.9395217896,9.1657609940
Virgin Islands (U.S.),2014,10.0765686035,11.6119327545
West Bank and Gaza,2014,10.5528764725,11.0084085464
World,2014,15.6448230743,9.9306793213
"Yemen, Rep.",2014,9.5218896866,10.8949708939
Zambia,2014,9.2144498825,7.6361532211
Zimbabwe,2014,11.2203235626,8.4866838455
Afghanistan,2015,12.6514348984,-3.6888928413
Africa Eastern and Southern,2015,11.3045873642,-4.3635244370
Africa Western and Central,2015,10.9272136688,-2.8616242409
Albania,2015,12.3991489410,-3.8994259834
Algeria,2015,10.5267086029,-3.1634976864
American Samoa,2015,11.9746551514,-3.1183838844
Andorra,2015,12.8092746735,-3.8853521347
Angola,2015,14.0060691833,-3.8203325272
Antigua and Barbuda,2015,12.4918298721,-4.5727992058
Arab World,2015,13.4856376648,-2.8982908726
Argentina,2015,10.9332971573,-2.6708855629
Armenia,2015,11.9712314606,-4.0113801956
Aruba,2015,13.1898813248,-5.2188014984
Australia,2015,13.1519384384,-3.1735866070
Austria,2015,13.5629949570,-3.6439411640
Azerbaijan,2015,13.1699342728,-3.9819939137
"Bahamas, The",2015,13.6070241928,-4.2311000824
Bahrain,2015,12.2584686279,-4.0621976852
Bangladesh,2015,9.6214208603,-3.8963692188
Barbados,2015,12.8931951523,-5.3808689117
Belarus,2015,13.1946134567,-5.9262795448
Belgium,2015,13.4929151535,-3.7108852863
Belize,2015,12.1473808289,-4.5758967400
Benin,2015,11.8988914490,-3.3033528328
Bermuda,2015,13.4226646423,-4.3312988281
Bhutan,2015,10.5809097290,-5.4106612206
Bolivia,2015,11.0393743515,-4.5447068214
Bosnia and Herzegovina,2015,11.7600317001,-5.6347713470
Botswana,2015,13.1544494629,-6.3883666992
Brazil,2015,12.8274183273,-5.7138762474
Brunei Darussalam,2015,13.1852083206,-5.6282043457
Bulgaria,2015,12.2256250381,-4.9528474808
Burkina Faso,2015,10.6590232849,-4.1556854248
Burundi,2015,12.9577827454,-6.6235589981
Cabo Verde,2015,13.3071918488,-3.8898844719
Cambodia,2015,10.6669816971,-6.0270128250
Cameroon,2015,9.9197578430,-4.4151835442
Canada,2015,14.0462112427,-3.7469701767
Caribbean small states,2015,12.9257659912,-5.5084767342
Cayman Islands,2015,11.6538505554,-3.6935410500
Central African Republic,2015,10.3478183746,-3.8726587296
Central Europe and the Baltics,2015,11.9166107178,-4.8826179504
Chad,2015,11.2411041260,-3.5698566437
Channel Islands,2015,13.4239091873,-4.8260779381
Chile,2015,12.0732126236,-4.1468939781
China,2015,15.9721794128,-2.4058351517
Colombia,2015,12.8837394714,-3.6558294296
Comoros,2015,12.5815601349,-3.0868391991
"Congo, Dem. Rep.",2015,9.8510360718,-4.8381037712
"Congo, Rep.",2015,13.8101949692,-5.2805233002
Costa Rica,2015,11.3423538208,-4.4641480446
Cote d'Ivoire,2015,9.6655597687,-4.8676557541
Croatia,2015,12.7094001770,-5.0660419464
Cuba,2015,9.9830255508,-3.5380635262
Curacao,2015,13.6390733719,-4.8489489555
Cyprus,2015,12.5700101852,-4.3904833794
Czechia,2015,11.8131093979,-4.2853384018
Denmark,2015,12.9582796097,-4.6557569504
Djibouti,2015,9.7886962891,-5.5802040100
Dominica,2015,12.6659908295,-6.2142481804
Dominican Republic,2015,9.8361206055,-4.7961483002
Early-demographic dividend,2015,14.3777389526,-2.9143865108
East Asia & Pacific,2015,16.4866962433,-2.2094340324
East Asia & Pacific (IDA & IBRD countries),2015,16.0543632507,-2.2812058926
East Asia & Pacific (excluding high income),2015,15.9227190018,-2.3457624912
Ecuador,2015,13.4090442657,-4.9883580208
"Egypt, Arab Rep.",2015,10.0602102280,-4.0542874336
El Salvador,2015,11.7002391815,-4.0620050430
Equatorial Guinea,2015,12.5939588547,-6.6098718643
Estonia,2015,12.5901126862,-4.1083326340
Eswatini,2015,12.6915378571,-4.0871887207
Ethiopia,2015,9.6242799759,-5.5434508324
Euro area,2015,15.6147460938,-2.5312550068
Europe & Central Asia,2015,16.4617824554,-2.2133836746
Europe & Central Asia (IDA & IBRD countries),2015,14.1721496582,-2.8928494453
Europe & Central Asia (excluding high income),2015,11.3429441452,-4.4184312820
European Union,2015,15.7691497803,-2.4449126720
Faroe Islands,2015,12.9324769974,-4.8137507439
Fiji,2015,11.1345214844,-5.9913339615
Finland,2015,13.7156276703,-4.9711990356
Fragile and conflict affected situations,2015,13.8687181473,-3.8373460770
France,2015,14.2600851059,-4.4152269363
French Polynesia,2015,11.9731893539,-3.5463933945
Gabon,2015,10.7444734573,-3.0214912891
"Gambia, The",2015,10.2982873917,-3.8423676491
Georgia,2015,12.4692850113,-4.6584835052
Germany,2015,14.2377901077,-4.1000752449
Ghana,2015,13.5305261612,-3.7560930252
Greece,2015,13.2827749252,-5.3363351822
Greenland,2015,12.7908067703,-6.1776599884
Grenada,2015,10.8961801529,-5.5008215904
Guam,2015,13.7509422302,-4.2862167358
Guatemala,2015,10.9532871246,-4.1739978790
Guinea,2015,10.8885507584,-2.9689128399
Guinea-Bissau,2015,9.9088230133,-4.5345611572
Guyana,2015,13.2374763489,-4.4703736305
Haiti,2015,12.5240020752,-3.1995403767
Heavily indebted poor countries (HIPC),2015,10.4092845917,-4.5606164932
High income,2015,16.6874389648,-2.1951067448
Honduras,2015,11.6565685272,-5.3872356415
"Hong Kong SAR, China",2015,12.5746164322,-3.6167702675
Hungary,2015,12.1675167084,-3.1008131504
IBRD only,2015,16.8136520386,-2.1339864731
IDA & IBRD total,2015,16.8468418121,-2.0791749954
IDA blend,2015,10.5126342773,-2.9337394238
IDA only,2015,10.5798368454,-3.5522620678
IDA total,2015,10.3416719437,-2.8445196152
Iceland,2015,11.7248878479,-5.1608028412
India,2015,9.2019929886,-3.9106991291
Indonesia,2015,10.7139368057,-4.0525307655
"Iran, Islamic Rep.",2015,13.1868591309,-5.2527275085
Iraq,2015,11.2822170258,-2.9137604237
Ireland,2015,9.9499807358,-5.8870973587
Isle of Man,2015,13.2613019943,-5.7189731598
Israel,2015,11.5491514206,-4.3401918411
Italy,2015,14.2837734222,-4.0436110497
Jamaica,2015,13.0786666870,-4.2404847145
Japan,2015,14.4123725891,-3.5454607010
Jordan,2015,12.5694150925,-5.0463409424
Kazakhstan,2015,13.0495948792,-3.5854153633
Kenya,2015,9.9407081604,-3.8357377052
Kiribati,2015,9.7987403870,-6.0099797249
"Korea, Rep.",2015,12.0467405319,-3.9129769802
Kosovo,2015,10.9948015213,-4.7999076843
Kuwait,2015,13.5950756073,-4.7793874741
Kyrgyz Republic,2015,11.5192098618,-3.3171727657
Lao PDR,2015,10.4518585205,-5.5164418221
Late-demographic dividend,2015,16.4599075317,-2.3631718159
Latin America & Caribbean,2015,14.4100160599,-3.0196068287
Latin America & Caribbean (excluding high income),2015,14.4289741516,-3.1194777489
Latin America & the Caribbean (IDA & IBRD countries),2015,14.4246206284,-2.9490537643
Latvia,2015,12.2922620773,-4.9775409698
Least developed countries: UN classification,2015,10.4814786911,-3.3890845776
Lebanon,2015,13.6818733215,-4.4950785637
Lesotho,2015,11.1317949295,-3.2315928936
Liberia,2015,13.5956192017,-5.8456254005
Libya,2015,13.5424251556,-5.9081091881
Liechtenstein,2015,11.5643892288,-4.9695448875
Lithuania,2015,12.6077013016,-4.7558732033
Low & middle income,2015,16.7834720612,-2.1382601261
Low income,2015,13.2290573120,-6.3595323563
Lower middle income,2015,9.2870330811,-3.6380424500
Luxembourg,2015,13.2530975342,-4.8575801849
"Macao SAR, China",2015,13.1547508240,-6.3944354057
Madagascar,2015,11.2267732620,-3.2012131214
Malawi,2015,11.6027555466,-2.8640112877
Malaysia,2015,11.7685346603,-5.4842414856
Maldives,2015,11.9574813843,-3.1965734959
Mali,2015,9.7332496643,-4.6039505005
Malta,2015,9.9155521393,-6.0061020851
Marshall Islands,2015,12.4135446548,-4.0349168777
Mauritania,2015,10.4926509857,-4.9892292023
Mauritius,2015,12.1874828339,-4.7646226883
Mexico,2015,11.7071456909,-3.7871291637
"Micronesia, Fed. Sts.",2015,10.8149490356,-4.7333168983
"Middle East, North Africa, Afghanistan & Pakistan",2015,13.9401521683,-2.8500046730
"Middle East, North Africa, Afghanistan & Pakistan (IDA & IBRD)",2015,14.2096147537,-3.4037394524
"Middle East, North Africa, Afghanistan & Pakistan (excluding high income)",2015,14.2845535278,-3.4887320995
Middle income,2015,16.8006725311,-2.1687870026
Moldova,2015,13.5671825409,-5.4287667274
Monaco,2015,10.8446617126,-5.1193866730
Mongolia,2015,12.0552434921,-4.2534413338
Montenegro,2015,12.1265954971,-5.3067464828
Morocco,2015,11.5896530151,-4.8149580956
Mozambique,2015,10.4789314270,-5.5022921562
Myanmar,2015,9.9945230484,-5.3726592064
Namibia,2015,11.3606472015,-6.0582361221
Nauru,2015,11.4978237152,-2.8934204578
Nepal,2015,10.5246591568,-3.8872094154
Netherlands,2015,13.0139904022,-3.1669113636
New Caledonia,2015,11.1913623810,-4.4311923981
New Zealand,2015,11.0385971069,-3.9928584099
Nicaragua,2015,10.8699140549,-5.0773158073
Niger,2015,10.1539888382,-4.0024595261
Nigeria,2015,11.4874963760,-2.8674111366
North America,2015,16.3201560974,-2.0733087063
North Macedonia,2015,11.8960065842,-5.3947901726
Northern Mariana Islands,2015,11.9578847885,-5.0701766014
Norway,2015,13.0261011124,-3.3960394859
OECD members,2015,16.6387443542,-2.2840118408
Oman,2015,11.3772277832,-5.6984176636
Other small states,2015,11.8231906891,-4.7575545311
Pacific island small states,2015,11.6029024124,-5.9530863762
Pakistan,2015,10.2764635086,-2.9832742214
Palau,2015,10.3193368912,-5.9864273071
Panama,2015,11.2966613770,-5.7547183037
Papua New Guinea,2015,10.1558599472,-5.2749428749
Paraguay,2015,11.5161237717,-4.0148892403
Peru,2015,11.1765365601,-3.7514898777
Philippines,2015,10.8127994537,-4.6460151672
Poland,2015,11.5129404068,-5.7016263008
Portugal,2015,13.3447437286,-3.9158623219
Post-demographic dividend,2015,16.5425853729,-2.1234967709
Pre-demographic dividend,2015,10.5964317322,-2.7905690670
Puerto Rico (US),2015,13.6802673340,-5.9517502785
Qatar,2015,11.1844539642,-5.8923082352
Romania,2015,12.7121572495,-3.8997557163
Russian Federation,2015,12.5238809586,-5.7415246964
Rwanda,2015,9.6605739594,-5.2960166931
Samoa,2015,11.6350336075,-5.1722292900
San Marino,2015,12.7229366302,-3.3283603191
Sao Tome and Principe,2015,12.5569448471,-3.6496844292
Saudi Arabia,2015,10.8157682419,-4.6154570580
Senegal,2015,9.9872493744,-4.8740448952
Serbia,2015,12.9280872345,-4.2668333054
Seychelles,2015,10.0447740555,-5.7870397568
Sierra Leone,2015,13.0979967117,-6.5696554184
Singapore,2015,11.7427492142,-4.5640177727
Sint Maarten (Dutch part),2015,13.4878597260,-5.1055173874
Slovak Republic,2015,10.7791290283,-5.2629613876
Slovenia,2015,12.2141685486,-3.6534547806
Small states,2015,12.2233257294,-5.1232781410
Solomon Islands,2015,12.8798685074,-4.0288167000
"Somalia, Fed. Rep.",2015,9.9017324448,-5.6994657516
South Africa,2015,13.6035699844,-3.3120827675
South Asia,2015,9.1277437210,-3.8310594559
South Asia (IDA & IBRD),2015,9.0721540451,-3.8552849293
South Sudan,2015,12.8603553772,-6.5489897728
Spain,2015,11.4004726410,-4.9392938614
Sri Lanka,2015,10.9074153900,-3.9065797329
St. Kitts and Nevis,2015,13.3614530563,-4.5317130089
St. Lucia,2015,13.8778686523,-5.3093976974
St. Martin (French part),2015,13.9030313492,-3.2414529324
St. Vincent and the Grenadines,2015,11.8717756271,-4.1109037399
Sub-Saharan Africa,2015,11.2982368469,-3.7782876492
Sub-Saharan Africa (IDA & IBRD countries),2015,11.3665142059,-3.7764127254
Sub-Saharan Africa (excluding high income),2015,11.2357034683,-3.7746391296
Sudan,2015,11.7766695023,-2.6165838242
Suriname,2015,12.9833803177,-6.5116772652
Sweden,2015,11.2205715179,-5.0878033638
Switzerland,2015,13.9974966049,-4.2496747971
Syrian Arab Republic,2015,12.9120807648,-6.4706869125
Tajikistan,2015,9.9262523651,-4.5761590004
Tanzania,2015,9.6554269791,-4.6888117790
Thailand,2015,12.3725376129,-5.4514632225
Timor-Leste,2015,11.1135063171,-3.3111512661
Togo,2015,10.5352668762,-4.9058990479
Tonga,2015,13.4838018417,-4.1110186577
Trinidad and Tobago,2015,13.2251691818,-5.7971568108
Tunisia,2015,14.0761671066,-4.5977306366
Turkiye,2015,10.9900112152,-5.1856641769
Turkmenistan,2015,10.7525959015,-5.3763580322
Turks and Caicos Islands,2015,9.7989253998,-5.9594502449
Tuvalu,2015,9.7652645111,-5.8160037994
Uganda,2015,10.0414552689,-3.6834867001
Ukraine,2015,12.7144994736,-6.2084512711
United Arab Emirates,2015,10.1620044708,-5.5770516396
United Kingdom,2015,14.6064376831,-3.3707139492
United States,2015,16.1740875244,-2.0401275158
Upper middle income,2015,16.5032501221,-2.1434116364
Uruguay,2015,13.7319335938,-5.3521628380
Uzbekistan,2015,9.6808862686,-5.1122584343
Vanuatu,2015,11.7620792389,-5.7901911736
"Venezuela, RB",2015,16.4024524689,-2.6967618465
Viet Nam,2015,10.5399904251,-5.8611373901
Virgin Islands (U.S.),2015,13.3582172394,-5.7386531830
West Bank and Gaza,2015,11.1266984940,-4.6501636505
World,2015,16.6285419464,-2.4029338360
"Yemen, Rep.",2015,12.8974847794,-6.6789531708
Zambia,2015,10.8805465698,-2.7115237713
Zimbabwe,2015,11.7938861847,-3.2320303917
Afghanistan,2016,-2.5060317516,-2.9989392757
Africa Eastern and Southern,2016,-0.8333603144,-2.8098990917
Africa Western and Central,2016,-1.5169255733,-4.5237135887
Albania,2016,-1.2890120745,-1.7382032871
Algeria,2016,-0.3994535804,-2.1534507275
American Samoa,2016,-2.4382228851,-4.9071869850
Andorra,2016,-1.5094546080,-1.5797537565
Angola,2016,-3.0696573257,-4.2642979622
Antigua and Barbuda,2016,-1.5967788696,-1.2219080925
Arab World,2016,0.7730752230,-2.5927913189
Argentina,2016,-2.7442719936,-4.2908754349
Armenia,2016,-1.0900917053,-3.5497632027
Aruba,2016,-1.5815480947,-2.6504631042
Australia,2016,-1.6525567770,-2.5709083080
Austria,2016,-2.3818626404,-2.6766085625
Azerbaijan,2016,-2.1077618599,-4.5522704124
"Bahamas, The",2016,-1.3826110363,-3.9597008228
Bahrain,2016,-1.6366933584,-1.1303585768
Bangladesh,2016,-0.0895373151,-0.5356119871
Barbados,2016,-1.9619433880,-3.1864953041
Belarus,2016,-2.3862948418,-4.8028130531
Belgium,2016,-1.6170132160,-3.1237134933
Belize,2016,-2.0131335258,-3.7020168304
Benin,2016,-2.0438389778,-2.3170373440
Bermuda,2016,-1.5421954393,-4.2308864594
Bhutan,2016,-0.7175355554,-0.2493033856
Bolivia,2016,-0.7254750133,-2.3758962154
Bosnia and Herzegovina,2016,-1.7105355263,-1.7734440565
Botswana,2016,-0.7159600854,0.0251215566
Brazil,2016,-0.6249914169,-3.4184529781
Brunei Darussalam,2016,-2.0402429104,-4.2805023193
Bulgaria,2016,-2.1820967197,-1.7898167372
Burkina Faso,2016,0.2240550071,-1.2392039299
Burundi,2016,-1.7460663319,-4.4586381912
Cabo Verde,2016,-2.0122711658,-0.9605684280
Cambodia,2016,-0.6024916172,0.1542280912
Cameroon,2016,-0.0303536039,-1.8038986921
Canada,2016,-0.2209579200,-4.1813759804
Caribbean small states,2016,-2.2572612762,-4.6273813248
Cayman Islands,2016,-2.0014216900,-2.0225017071
Central African Republic,2016,-0.1067167670,-1.9980870485
Central Europe and the Baltics,2016,-2.6801748276,-1.9906792641
Chad,2016,-2.0028288364,-4.4908366203
Channel Islands,2016,-1.4702330828,-3.3761107922
Chile,2016,-0.9662081003,-2.9267249107
China,2016,2.1438920498,-2.7199463844
Colombia,2016,-1.3754756451,-2.7944240570
Comoros,2016,-2.7848336697,-3.5884735584
"Congo, Dem. Rep.",2016,-1.1319161654,-2.7007365227
"Congo, Rep.",2016,-2.6689586639,-4.8961834908
Costa Rica,2016,-0.9049437642,-2.3220672607
Cote d'Ivoire,2016,-0.0124405427,-0.3395451605
Croatia,2016,-1.8552644253,-1.3013201952
Cuba,2016,-1.5933957100,-4.2106304169
Curacao,2016,-2.2934670448,-4.9368762970
Cyprus,2016,-1.1220666170,-0.1411126554
Czechia,2016,-1.9612195492,-2.2731826305
Denmark,2016,-2.5110831261,-2.1838781834
Djibouti,2016,0.1379785985,-0.1375251263
Dominica,2016,-1.9701588154,-3.5280191898
Dominican Republic,2016,0.2155955881,-1.1715118885
Early-demographic dividend,2016,1.2172394991,-2.6036169529
East Asia & Pacific,2016,2.5012681484,-3.2188780308
East Asia & Pacific (IDA & IBRD countries),2016,2.1744034290,-2.8276669979
East Asia & Pacific (excluding high income),2016,2.2352097034,-2.8851141930
Ecuador,2016,-1.0687104464,-4.4072937965
"Egypt, Arab Rep.",2016,-0.9632965326,-1.7500373125
El Salvador,2016,-1.1941730976,-2.6692004204
Equatorial Guinea,2016,-2.4098570347,-4.4116506577
Estonia,2016,-1.7125256062,-2.2738971710
Eswatini,2016,-0.9163625836,-1.4108767509
Ethiopia,2016,-0.0265657026,-0.5006827712
Euro area,2016,1.7544014454,-2.8821966648
Europe & Central Asia,2016,2.5094857216,-3.2752285004
Europe & Central Asia (IDA & IBRD countries),2016,0.3065246642,-3.8596417904
Europe & Central Asia (excluding high income),2016,-1.2455538511,-2.3662056923
European Union,2016,1.7517380714,-2.9318675995
Faroe Islands,2016,-2.2332415581,-3.1682636738
Fiji,2016,-2.4022386074,-2.5073418617
Finland,2016,-1.5770158768,-2.4060375690
Fragile and conflict affected situations,2016,-0.7248273492,-3.8372702599
France,2016,-1.1194750071,-3.5009539127
French Polynesia,2016,-0.8453190327,-2.9698348045
Gabon,2016,-1.7512589693,-3.2029595375
"Gambia, The",2016,-2.4480862617,-3.3984060287
Georgia,2016,-1.9765301943,-1.5802712440
Germany,2016,-0.4723833203,-2.9058353901
Ghana,2016,-3.1872518063,-3.4084768295
Greece,2016,-1.2159162760,-3.1024501324
Greenland,2016,-0.9436423779,-1.1820695400
Grenada,2016,-1.7999519110,-1.1150048971
Guam,2016,-1.1439816952,-4.1561036110
Guatemala,2016,-0.6552944779,-2.9478297234
Guinea,2016,-0.5701237321,0.0536643825
Guinea-Bissau,2016,0.0383267365,-1.7139058113
Guyana,2016,-1.0750503540,-1.5406734943
Haiti,2016,-2.6700904369,-3.6971240044
Heavily indebted poor countries (HIPC),2016,0.1369757950,-2.3044202328
High income,2016,2.7351760864,-3.2888014317
Honduras,2016,-2.2808549404,-1.1284089088
"Hong Kong SAR, China",2016,-1.9696019888,-2.8475534916
Hungary,2016,-1.3358547688,-2.2693679333
IBRD only,2016,2.8976395130,-3.4545497894
IDA & IBRD total,2016,2.8273282051,-3.5310411453
IDA blend,2016,-2.6374485493,-3.4104368687
IDA only,2016,0.5698836446,-2.3527963161
IDA total,2016,0.1624649912,-2.8175017834
Iceland,2016,-0.7323605418,-0.5325678587
India,2016,1.0914477110,-1.3888702393
Indonesia,2016,0.5836740136,-2.0989236832
"Iran, Islamic Rep.",2016,0.6079676747,-0.7065075040
Iraq,2016,-0.7342326045,-0.3672171235
Ireland,2016,-1.4567880630,-3.2489109039
Isle of Man,2016,-0.2064260542,-0.0257515367
Israel,2016,-0.5757875443,-2.5017731190
Italy,2016,-1.2285363674,-3.5553085804
Jamaica,2016,-1.5549511909,-3.5974633694
Japan,2016,0.4314551651,-3.0356521606
Jordan,2016,-1.7742869854,-3.0624613762
Kazakhstan,2016,-0.7814196944,-3.9118428230
Kenya,2016,-1.0548717976,-1.9449201822
Kiribati,2016,-0.5287342072,0.1597166061
"Korea, Rep.",2016,-1.8804315329,-1.9992581606
Kosovo,2016,-0.5165393353,-1.3016996384
Kuwait,2016,-2.1887464523,-2.3629186153
Kyrgyz Republic,2016,-1.0087736845,-1.6822701693
Lao PDR,2016,-0.2853744328,-0.2404462248
Late-demographic dividend,2016,2.6101152897,-3.0898315907
Latin America & Caribbean,2016,0.2700827420,-4.1017999649
Latin America & Caribbean (excluding high income),2016,0.2204755098,-4.1636071205
Latin America & the Caribbean (IDA & IBRD countries),2016,0.3131091297,-4.1068949699
Latvia,2016,-2.3945140839,-2.2062265873
Least developed countries: UN classification,2016,0.3130399585,-2.4689505100
Lebanon,2016,-1.2043888569,-3.2749180794
Lesotho,2016,-1.2955033779,-1.9061876535
Liberia,2016,-2.1481921673,-4.8345556259
Libya,2016,-2.6327779293,-4.3623380661
Liechtenstein,2016,-0.7177731395,-2.0080466270
Lithuania,2016,-1.7932670116,-1.5985742807
Low & middle income,2016,2.8968811035,-3.4234101772
Low income,2016,-1.4232676029,-4.3539891243
Lower middle income,2016,0.9974131584,-2.2704505920
Luxembourg,2016,0.1819447428,-2.1534891129
"Macao SAR, China",2016,-1.9079601765,-4.0304837227
Madagascar,2016,-0.7202011943,-2.0211002827
Malawi,2016,-2.8567605019,-3.1792383194
Malaysia,2016,-0.1872371435,-2.4199025631
Maldives,2016,-0.7259172201,0.1408676058
Mali,2016,0.3722275794,-1.0952069759
Malta,2016,-1.8693853617,-1.8502031565
Marshall Islands,2016,-2.8682074547,-2.3464877605
Mauritania,2016,-1.4523638487,-3.7464663982
Mauritius,2016,-1.5472278595,-1.7599208355
Mexico,2016,-1.1836017370,-3.2541673183
"Micronesia, Fed. Sts.",2016,-2.2282218933,-3.6165680885
"Middle East, North Africa, Afghanistan & Pakistan",2016,0.8762616515,-2.7864758968
"Middle East, North Africa, Afghanistan & Pakistan (IDA & IBRD)",2016,0.9481363297,-1.9448506832
"Middle East, North Africa, Afghanistan & Pakistan (excluding high income)",2016,1.0550348759,-1.8192567825
Middle income,2016,2.8045365810,-3.3977372646
Moldova,2016,-0.7107913494,-1.3775051832
Monaco,2016,-2.5775191784,-2.3873789310
Mongolia,2016,-1.9820333719,-3.3343598843
Montenegro,2016,-1.8291965723,-2.0294020176
Morocco,2016,-1.5347555876,-3.6940767765
Mozambique,2016,-3.2305321693,-3.6955673695
Myanmar,2016,0.3887568116,-0.7438358068
Namibia,2016,-2.0188474655,-3.5493631363
Nauru,2016,-1.5371166468,-0.7714765072
Nepal,2016,-0.9005098939,-3.5755040646
Netherlands,2016,-1.8213633299,-2.3164253235
New Caledonia,2016,-0.2855270207,-2.6622681618
New Zealand,2016,-1.3196660280,-2.0323791504
Nicaragua,2016,-0.5543401241,-1.6098774672
Niger,2016,0.3557672799,-0.8951830268
Nigeria,2016,-2.5974922180,-4.7297520638
North America,2016,2.6063113213,-2.9791383743
North Macedonia,2016,-2.8670668602,-2.1826758385
Northern Mariana Islands,2016,-0.7463458180,0.2164984196
Norway,2016,-1.2195757627,-3.7432847023
OECD members,2016,2.7950890064,-3.4651851654
Oman,2016,-0.6731531620,-1.2527062893
Other small states,2016,-1.7043443918,-1.3016968966
Pacific island small states,2016,-2.3446044922,-1.1730452776
Pakistan,2016,0.1794465929,-0.1632680446
Palau,2016,-1.8685305119,-4.4532356262
Panama,2016,-0.9787951708,-1.1647410393
Papua New Guinea,2016,0.3524280190,-1.1898072958
Paraguay,2016,-0.5935404301,-1.8160903454
Peru,2016,-0.3032028973,-2.1799521446
Philippines,2016,-0.0029379295,0.0868534893
Poland,2016,-2.5322389603,-1.3975341320
Portugal,2016,-0.9835314155,-2.3437001705
Post-demographic dividend,2016,2.6788880825,-3.1920568943
Pre-demographic dividend,2016,-2.5305373669,-3.4579234123
Puerto Rico (US),2016,-2.1703190804,-3.9086332321
Qatar,2016,-2.4402966499,-1.6014089584
Romania,2016,-1.5545613766,-2.1163361073
Russian Federation,2016,-0.2854273021,-3.8118007183
Rwanda,2016,0.2254035473,-1.0756016970
Samoa,2016,-0.6121073365,-0.5114249587
San Marino,2016,-1.5832030773,-2.8850681782
Sao Tome and Principe,2016,-0.3353621364,-1.1907210350
Saudi Arabia,2016,-0.5303966403,-3.2884621620
Senegal,2016,0.3304511905,-1.4019274712
Serbia,2016,-1.6585812569,-1.7224968672
Seychelles,2016,-0.9407719970,-0.0034163778
Sierra Leone,2016,-0.0301357824,-0.3334354162
Singapore,2016,-1.9484055042,-1.6401586533
Sint Maarten (Dutch part),2016,-1.4432569742,-3.6357562542
Slovak Republic,2016,-1.1276535988,-2.5049426556
Slovenia,2016,-1.4000285864,-1.8463118076
Small states,2016,-2.0868062973,-3.0939741135
Solomon Islands,2016,-0.1731323600,-1.2528451681
"Somalia, Fed. Rep.",2016,-0.4880529344,-0.3212098479
South Africa,2016,-0.8725503683,-3.2371437550
South Asia,2016,1.1397842169,-1.4657750130
South Asia (IDA & IBRD),2016,1.1515133381,-1.3911573887
South Sudan,2016,-3.1711344719,-4.0156784058
Spain,2016,-0.8053642511,-2.4441328049
Sri Lanka,2016,0.4163309634,-2.1968703270
St. Kitts and Nevis,2016,-1.5068663359,-1.0364104509
St. Lucia,2016,-2.2647769451,-1.2671794891
St. Martin (French part),2016,1.0572504997,-2.3794646263
St. Vincent and the Grenadines,2016,-1.4517059326,-0.8564592600
Sub-Saharan Africa,2016,-0.0432689153,-4.0742249489
Sub-Saharan Africa (IDA & IBRD countries),2016,-0.0587219521,-4.1209816933
Sub-Saharan Africa (excluding high income),2016,-0.1343876123,-4.1104283333
Sudan,2016,-3.0165703297,-2.9837131500
Suriname,2016,-3.0585832596,-4.4929437637
Sweden,2016,-2.2823395729,-2.5761959553
Switzerland,2016,-2.6327915192,-2.7339754105
Syrian Arab Republic,2016,-3.0549156666,-4.4986233711
Tajikistan,2016,0.0193631351,-0.8656440377
Tanzania,2016,0.3778803349,-0.3542239070
Thailand,2016,-2.2199170589,-1.8778423071
Timor-Leste,2016,-1.8375808001,-2.4987018108
Togo,2016,-0.6497007608,-1.4551820755
Tonga,2016,-0.2940763235,-0.1148898751
Trinidad and Tobago,2016,-2.8964340687,-4.8114895821
Tunisia,2016,-1.6747254133,-3.4798305035
Turkiye,2016,-1.1553475857,-1.9006469250
Turkmenistan,2016,0.0937371030,-0.7471208572
Turks and Caicos Islands,2016,-0.0733961165,0.0954343453
Tuvalu,2016,0.4489966333,-1.2725788355
Uganda,2016,0.7905648351,-1.1293187141
Ukraine,2016,-2.8799009323,-2.5133533478
United Arab Emirates,2016,-1.2613645792,-0.6825761199
United Kingdom,2016,-0.2752936482,-3.0146551132
United States,2016,2.4742763042,-2.9758205414
Upper middle income,2016,2.8547215462,-3.0445861816
Uruguay,2016,-0.6317201257,-3.4379329681
Uzbekistan,2016,0.4357811511,-0.7657879591
Vanuatu,2016,-2.4978401661,-1.6631319523
"Venezuela, RB",2016,2.2954113483,-3.4890961647
Viet Nam,2016,-0.2933932543,0.4202456772
Virgin Islands (U.S.),2016,-2.4816777706,-3.0289678574
West Bank and Gaza,2016,-0.3136839867,-0.8347250819
World,2016,2.6081306934,-3.2150852680
"Yemen, Rep.",2016,-2.9874329567,-4.6199388504
Zambia,2016,-2.5096962452,-2.1211743355
Zimbabwe,2016,-1.3583887815,-4.1474499702
Afghanistan,2017,7.0210947990,5.4328374863
Africa Eastern and Southern,2017,7.5009741783,5.7652649879
Africa Western and Central,2017,7.5045614243,7.0544195175
Albania,2017,7.4602289200,5.2086758614
Algeria,2017,8.0280141830,6.3767104149
American Samoa,2017,10.1954851151,4.1863284111
Andorra,2017,8.9355287552,6.1952152252
Angola,2017,8.6678180695,5.3939275742
Antigua and Barbuda,2017,7.1702589989,5.7957530022
Arab World,2017,9.9890861511,6.5119066238
Argentina,2017,7.4818472862,7.1472635269
Armenia,2017,7.1141724586,4.5037775040
Aruba,2017,6.6299328804,3.7470221519
Australia,2017,10.5660114288,5.2393341064
Austria,2017,7.3820390701,5.6173629761
Azerbaijan,2017,9.1460418701,6.5350909233
"Bahamas, The",2017,7.5842552185,4.8911204338
Bahrain,2017,6.4135403633,4.1835665703
Bangladesh,2017,8.3339653015,2.7839553356
Barbados,2017,9.1856889725,6.0151052475
Belarus,2017,7.6663112640,5.9796853065
Belgium,2017,8.2501869202,6.0939121246
Belize,2017,9.0131168365,5.2496256828
Benin,2017,7.9368476868,3.7403144836
Bermuda,2017,7.5879421234,4.8289785385
Bhutan,2017,7.7357039452,6.0281620026
Bolivia,2017,8.2962989807,4.6560473442
Bosnia and Herzegovina,2017,7.4440584183,5.6455435753
Botswana,2017,7.2745571136,4.5443534851
Brazil,2017,8.2506628036,6.2641696930
Brunei Darussalam,2017,8.3413743973,5.6558537483
Bulgaria,2017,7.7123894691,5.3889117241
Burkina Faso,2017,7.7385120392,3.4647758007
Burundi,2017,8.5834217072,6.6769886017
Cabo Verde,2017,6.5120768547,5.3943209648
Cambodia,2017,6.2924284935,4.0290098190
Cameroon,2017,7.1347908974,6.3808660507
Canada,2017,10.1322412491,6.6280126572
Caribbean small states,2017,8.8823766708,5.3923091888
Cayman Islands,2017,6.0678210258,5.1799621582
Central African Republic,2017,8.4011287689,4.3176021576
Central Europe and the Baltics,2017,6.1473307610,4.4486932755
Chad,2017,8.9903478622,4.9117836952
Channel Islands,2017,8.2983741760,6.2808442116
Chile,2017,8.3226518631,6.1498250961
China,2017,11.9117908478,4.8784599304
Colombia,2017,8.4180402756,6.2033147812
Comoros,2017,8.1573009491,3.5870313644
"Congo, Dem. Rep.",2017,7.8318891525,4.8874750137
"Congo, Rep.",2017,9.7844047546,4.4527821541
Costa Rica,2017,7.9640212059,4.8303666115
Cote d'Ivoire,2017,7.4697284698,2.9084670544
Croatia,2017,6.6451354027,5.6690273285
Cuba,2017,8.0768680573,6.6766743660
Curacao,2017,8.8811521530,5.2427086830
Cyprus,2017,6.4657893181,4.8524918556
Czechia,2017,6.8284907341,4.1391749382
Denmark,2017,7.5719885826,5.4034419060
Djibouti,2017,7.6735510826,6.5133066177
Dominica,2017,10.2261848450,4.2569007874
Dominican Republic,2017,8.8384895325,3.5788502693
Early-demographic dividend,2017,11.2938137054,5.9297394753
East Asia & Pacific,2017,12.3695755005,4.7690515518
East Asia & Pacific (IDA & IBRD countries),2017,12.0372543335,4.9401302338
East Asia & Pacific (excluding high income),2017,11.9747190475,4.9428944588
Ecuador,2017,8.2398281097,3.1926314831
"Egypt, Arab Rep.",2017,8.1863718033,4.6364784241
El Salvador,2017,8.7772417068,6.9008269310
Equatorial Guinea,2017,9.7159700394,4.5513076782
Estonia,2017,6.5244159698,3.9211792946
Eswatini,2017,8.0517654419,6.7801132202
Ethiopia,2017,7.5854110718,2.8262305260
Euro area,2017,11.4805040359,5.5205893517
Europe & Central Asia,2017,12.1807603836,4.7771677971
Europe & Central Asia (IDA & IBRD countries),2017,10.8750581741,5.9365701675
Europe & Central Asia (excluding high income),2017,8.0076150894,4.0611286163
European Union,2017,11.6101417542,5.3967456818
Faroe Islands,2017,6.6005101204,5.2601232529
Fiji,2017,6.9258289337,5.1089658737
Finland,2017,7.6953797340,5.1995649338
Fragile and conflict affected situations,2017,7.2864189148,6.9458646774
France,2017,8.2727966309,5.4862508774
French Polynesia,2017,8.3013238907,3.9778537750
Gabon,2017,9.0509986877,6.3855929375
"Gambia, The",2017,8.2272272110,4.2884325981
Georgia,2017,6.5412273407,5.1014266014
Germany,2017,10.0694437027,5.9631257057
Ghana,2017,7.3275442123,3.1129100323
Greece,2017,8.4834547043,5.9260540009
Greenland,2017,9.3383932114,6.1722698212
Grenada,2017,6.8934197426,4.3166437149
Guam,2017,9.0872621536,5.9666934013
Guatemala,2017,8.2248125076,5.2859358788
Guinea,2017,6.9612970352,2.9876379967
Guinea-Bissau,2017,8.3510713577,4.1323943138
Guyana,2017,6.9386439323,4.6644816399
Haiti,2017,7.1453285217,6.4570183754
Heavily indebted poor countries (HIPC),2017,8.5094184875,3.8083877563
High income,2017,12.5685462952,4.6960983276
Honduras,2017,6.3589925766,4.9393072128
"Hong Kong SAR, China",2017,8.1797742844,5.2731995583
Hungary,2017,7.8769373894,5.4718747139
IBRD only,2017,12.4192476273,4.7826895714
IDA & IBRD total,2017,12.5879125595,4.5285778046
IDA blend,2017,7.4223632812,6.9199271202
IDA only,2017,8.6583003998,3.3033170700
IDA total,2017,9.2283754349,3.2970221043
Iceland,2017,7.0080056190,5.1493854523
India,2017,8.3738260269,2.6103155613
Indonesia,2017,8.4809818268,3.1217830181
"Iran, Islamic Rep.",2017,7.2889180183,6.5247774124
Iraq,2017,9.1386528015,4.7257566452
Ireland,2017,7.3808503151,3.9852609634
Isle of Man,2017,7.2809152603,5.8484282494
Israel,2017,8.2794589996,4.7975206375
Italy,2017,8.3649425507,5.5044035912
Jamaica,2017,8.6919040680,6.2609581947
Japan,2017,11.3558940887,4.9870791435
Jordan,2017,7.9787006378,5.5813918114
Kazakhstan,2017,8.7060356140,3.9064621925
Kenya,2017,7.3673915863,4.7535433769
Kiribati,2017,6.3974289894,5.3937597275
"Korea, Rep.",2017,8.5388736725,4.9410667419
Kosovo,2017,7.0821261406,4.8557362556
Kuwait,2017,9.6239700317,4.5923132896
Kyrgyz Republic,2017,6.2524299622,5.8203973770
Lao PDR,2017,7.1314835548,3.2855994701
Late-demographic dividend,2017,12.4301347733,4.9427447319
Latin America & Caribbean,2017,11.0514078140,6.0340032578
Latin America & Caribbean (excluding high income),2017,10.9937601089,6.0827097893
Latin America & the Caribbean (IDA & IBRD countries),2017,11.0434617996,6.0818295479
Latvia,2017,6.6018395424,4.5791492462
Least developed countries: UN classification,2017,8.8710527420,3.3705565929
Lebanon,2017,8.7452659607,5.9520401955
Lesotho,2017,9.2356462479,4.7512187958
Liberia,2017,7.4199919701,6.3891816139
Libya,2017,7.1990017891,2.7497649193
Liechtenstein,2017,8.1353197098,4.7303047180
Lithuania,2017,6.7482137680,4.0464324951
Low & middle income,2017,12.6819553375,4.8033018112
Low income,2017,7.7662239075,6.8078513145
Lower middle income,2017,11.1418752670,5.7837781906
Luxembourg,2017,9.5236158371,5.4072461128
"Macao SAR, China",2017,6.3688688278,3.4507887363
Madagascar,2017,7.8158740997,4.4782681465
Malawi,2017,7.8302187920,4.3872866631
Malaysia,2017,6.2231531143,3.5148015022
Maldives,2017,6.7088198662,3.5625445843
Mali,2017,8.1906385422,3.5604789257
Malta,2017,6.7843599319,3.4407534599
Marshall Islands,2017,6.1017637253,4.7302198410
Mauritania,2017,7.6742877960,3.9622750282
Mauritius,2017,6.3033676147,5.5099449158
Mexico,2017,8.0835313797,6.5067906380
"Micronesia, Fed. Sts.",2017,8.0299320221,7.1811933517
"Middle East, North Africa, Afghanistan & Pakistan",2017,10.3879442215,6.5530724525
"Middle East, North Africa, Afghanistan & Pakistan (IDA & IBRD)",2017,9.1819419861,3.3465235233
"Middle East, North Africa, Afghanistan & Pakistan (excluding high income)",2017,9.2820816040,3.4042930603
Middle income,2017,12.5775995255,4.7761149406
Moldova,2017,7.0201368332,5.7833385468
Monaco,2017,9.2972288132,4.2946310043
Mongolia,2017,6.3011088371,4.7031345367
Montenegro,2017,6.4750561714,5.1824641228
Morocco,2017,7.6213831902,4.3401165009
Mozambique,2017,7.0819993019,6.2447824478
Myanmar,2017,7.5660495758,3.2597341537
Namibia,2017,9.3082199097,5.6772804260
Nauru,2017,9.9605817795,4.1283302307
Nepal,2017,7.8211579323,2.8317823410
Netherlands,2017,9.8816671371,5.4010820389
New Caledonia,2017,8.9831352234,4.2181172371
New Zealand,2017,10.3216934204,5.0015239716
Nicaragua,2017,6.6002621651,5.1701011658
Niger,2017,8.0624370575,4.1372032166
Nigeria,2017,8.7234878540,6.1702585220
North America,2017,12.1930112839,4.6241011620
North Macedonia,2017,8.1158590317,5.8108868599
Northern Mariana Islands,2017,6.6757092476,3.1608052254
Norway,2017,9.4707899094,5.2719545364
OECD members,2017,12.4802179337,4.6412692070
Oman,2017,9.0557870865,6.1622762680
Other small states,2017,5.9494557381,4.3915162086
Pacific island small states,2017,6.5507388115,5.6382555962
Pakistan,2017,6.7432303429,6.5127482414
Palau,2017,9.4413938522,4.4132337570
Panama,2017,7.1825079918,5.1996674538
Papua New Guinea,2017,7.5432705879,4.6848669052
Paraguay,2017,7.5886268616,4.5251474380
Peru,2017,9.7925119400,6.3486895561
Philippines,2017,7.4478278160,3.3235433102
Poland,2017,6.5346841812,4.6776185036
Portugal,2017,7.5099625587,5.0983891487
Post-demographic dividend,2017,12.5113363266,4.5381565094
Pre-demographic dividend,2017,7.7068643570,7.2346563339
Puerto Rico (US),2017,9.4992904663,4.4088058472
Qatar,2017,9.2031412125,4.9409871101
Romania,2017,7.0478177071,2.8230772018
Russian Federation,2017,10.5250587463,6.0802254677
Rwanda,2017,8.7768726349,3.9629981518
Samoa,2017,8.8563280106,5.9625391960
San Marino,2017,8.5015363693,6.8831319809
Sao Tome and Principe,2017,7.3383984566,4.2934508324
Saudi Arabia,2017,10.0767126083,6.1454486847
Senegal,2017,7.3657312393,2.9101455212
Serbia,2017,6.7090597153,5.9517259598
Seychelles,2017,7.1209087372,3.6770000458
Sierra Leone,2017,7.0349411964,6.3790550232
Singapore,2017,10.0543193817,5.2026238441
Sint Maarten (Dutch part),2017,10.0804023743,4.1749281883
Slovak Republic,2017,7.8727917671,5.8465404510
Slovenia,2017,6.8966403008,4.0886259079
Small states,2017,5.7524046898,5.1139907837
Solomon Islands,2017,7.1915659904,5.7780632973
"Somalia, Fed. Rep.",2017,6.9426188469,2.7807526588
South Africa,2017,9.1886892319,6.2750720978
South Asia,2017,8.3956165314,2.5832824707
South Asia (IDA & IBRD),2017,8.3155231476,2.6264944077
South Sudan,2017,12.4179439545,4.2810044289
Spain,2017,7.8277158737,5.3894734383
Sri Lanka,2017,7.9251914024,3.1680817604
St. Kitts and Nevis,2017,9.1027584076,5.4517679214
St. Lucia,2017,5.9614214897,5.0098204613
St. Martin (French part),2017,11.8286466599,4.4303731918
St. Vincent and the Grenadines,2017,8.2250289917,6.0243868828
Sub-Saharan Africa,2017,10.4239282608,6.3645534515
Sub-Saharan Africa (IDA & IBRD countries),2017,10.4936628342,6.3092379570
Sub-Saharan Africa (excluding high income),2017,10.4711866379,6.4139528275
Sudan,2017,8.4831418991,6.6531205177
Suriname,2017,8.1251296997,6.7676753998
Sweden,2017,8.8289117813,6.5474138260
Switzerland,2017,7.4786486626,7.2893357277
Syrian Arab Republic,2017,9.2947149277,5.2077736855
Tajikistan,2017,7.3716473579,2.4948053360
Tanzania,2017,7.4623847008,3.5346219540
Thailand,2017,6.0194339752,4.9810914993
Timor-Leste,2017,9.1475028992,4.4876432419
Togo,2017,8.5338020325,4.1206202507
Tonga,2017,7.0693044662,5.5347151756
Trinidad and Tobago,2017,9.6583147049,4.1360650063
Tunisia,2017,6.6456742287,6.0437798500
Turkiye,2017,8.0556077957,3.0984895229
Turkmenistan,2017,7.7959709167,3.1602632999
Turks and Caicos Islands,2017,9.3281536102,4.6825866699
Tuvalu,2017,7.0299906731,6.2497048378
Uganda,2017,7.3993821144,6.7507338524
Ukraine,2017,7.5964045525,6.1577491760
United Arab Emirates,2017,8.7889308929,5.7847080231
United Kingdom,2017,10.5373411179,5.2623801231
United States,2017,12.2019796371,4.9316873550
Upper middle income,2017,12.5334682465,4.9842419624
Uruguay,2017,8.0980634689,6.9282894135
Uzbekistan,2017,8.7027654648,4.5649538040
Vanuatu,2017,6.2191023827,5.4598350525
"Venezuela, RB",2017,10.9810132980,5.0119199753
Viet Nam,2017,6.5163707733,3.2910912037
Virgin Islands (U.S.),2017,8.9536113739,5.4742546082
West Bank and Gaza,2017,9.1577730179,5.9351677895
World,2017,12.6535730362,4.5483136177
"Yemen, Rep.",2017,9.5285568237,4.3039531708
Zambia,2017,7.7324542999,4.7988967896
Zimbabwe,2017,8.3061532974,4.2284436226
Afghanistan,2018,-5.9326429367,3.2026462555
Africa Eastern and Southern,2018,-4.3050422668,3.2909536362
Africa Western and Central,2018,-3.6522433758,3.5275034904
Albania,2018,-4.0940241814,4.6423187256
Algeria,2018,-5.4764714241,3.4030706882
American Samoa,2018,-5.2429270744,5.2074742317
Andorra,2018,-5.5360598564,3.7676098347
Angola,2018,-6.5596942902,2.5323905945
Antigua and Barbuda,2018,-3.9269554615,5.5507020950
Arab World,2018,-4.4712357521,2.4402217865
Argentina,2018,-5.6795868874,2.5176720619
Armenia,2018,-4.2611742020,4.9973516464
Aruba,2018,-5.6301188469,5.1561532021
Australia,2018,-5.0934190750,3.9903452396
Austria,2018,-4.9088563919,4.7062330246
Azerbaijan,2018,-5.8638043404,3.5539698601
"Bahamas, The",2018,-5.2793402672,4.5674443245
Bahrain,2018,-5.7080526352,5.1148777008
Bangladesh,2018,-3.3189549446,5.7192978859
Barbados,2018,-6.8978877068,2.2006750107
Belarus,2018,-4.6213159561,4.0335173607
Belgium,2018,-5.3320622444,4.0426568985
Belize,2018,-6.2367467880,3.7584602833
Benin,2018,-2.8753185272,5.9864645004
Bermuda,2018,-6.5080804825,2.5933005810
Bhutan,2018,-4.9379825592,4.5188407898
Bolivia,2018,-4.5210404396,3.8327913284
Bosnia and Herzegovina,2018,-4.8111543655,4.9070687294
Botswana,2018,-3.9542067051,4.9751529694
Brazil,2018,-5.8288736343,3.8636314869
Brunei Darussalam,2018,-6.5876855850,3.2525739670
Bulgaria,2018,-5.4029831886,4.3975682259
Burkina Faso,2018,-2.8612232208,5.9226589203
Burundi,2018,-5.4262008667,3.5656929016
Cabo Verde,2018,-4.5978446007,5.3933277130
Cambodia,2018,-3.8765387535,6.2123694420
Cameroon,2018,-3.6946680546,4.2614831924
Canada,2018,-3.7306146622,2.8858106136
Caribbean small states,2018,-6.3076944351,3.6533021927
Cayman Islands,2018,-4.4336676598,5.7111778259
Central African Republic,2018,-3.5979526043,4.1622467041
Central Europe and the Baltics,2018,-4.3198027611,6.0407347679
Chad,2018,-3.0822739601,5.5089011192
Channel Islands,2018,-6.1644573212,3.5924098492
Chile,2018,-4.6232461929,4.2280626297
China,2018,-4.8640460968,-0.4061954916
Colombia,2018,-5.0566883087,3.7388913631
Comoros,2018,-3.7823824883,4.5831646919
"Congo, Dem. Rep.",2018,-3.4255127907,5.5350723267
"Congo, Rep.",2018,-6.5455474854,2.3450322151
Costa Rica,2018,-5.4393224716,4.1663422585
Cote d'Ivoire,2018,-3.2937495708,4.7451262474
Croatia,2018,-5.2055945396,4.7621364594
Cuba,2018,-5.6081781387,4.6626410484
Curacao,2018,-6.4396414757,2.4479248524
Cyprus,2018,-5.0425682068,5.5637111664
Czechia,2018,-5.8118357658,5.0236229897
Denmark,2018,-5.7848443985,3.9394142628
Djibouti,2018,-3.5693798065,4.8367257118
Dominica,2018,-5.1245455742,4.8519735336
Dominican Republic,2018,-2.8831641674,5.7583947182
Early-demographic dividend,2018,-3.9422719479,1.6074744463
East Asia & Pacific,2018,-5.0257177353,-0.8815798759
East Asia & Pacific (IDA & IBRD countries),2018,-4.9304642677,-0.2048346251
East Asia & Pacific (excluding high income),2018,-4.8987407684,-0.2886670530
Ecuador,2018,-5.9870872498,3.6044092178
"Egypt, Arab Rep.",2018,-2.6257367134,5.0698108673
El Salvador,2018,-5.4388785362,4.2366843224
Equatorial Guinea,2018,-6.5784478188,1.6958998442
Estonia,2018,-5.5155320168,5.5334424973
Eswatini,2018,-6.2641148567,3.0835952759
Ethiopia,2018,-2.6050217152,5.9059925079
Euro area,2018,-4.7245397568,0.0276427362
Europe & Central Asia,2018,-4.9933381081,-0.5627219677
Europe & Central Asia (IDA & IBRD countries),2018,-4.0037255287,1.9477019310
Europe & Central Asia (excluding high income),2018,-4.8250551224,4.2726073265
European Union,2018,-4.8123288155,-0.2172127813
Faroe Islands,2018,-4.8719162941,5.2968645096
Fiji,2018,-4.3858003616,4.6077222824
Finland,2018,-5.9180555344,3.7272007465
Fragile and conflict affected situations,2018,-3.6570534706,3.1820018291
France,2018,-4.6379904747,2.2995936871
French Polynesia,2018,-6.2367901802,4.3741650581
Gabon,2018,-6.3532586098,3.2275066376
"Gambia, The",2018,-3.1073107719,6.3689799309
Georgia,2018,-3.9843456745,5.6612830162
Germany,2018,-5.1058268547,2.4106538296
Ghana,2018,-2.9782388210,5.4926147461
Greece,2018,-5.5824542046,4.0170888901
Greenland,2018,-6.7073245049,3.3614394665
Grenada,2018,-4.2545647621,5.6001091003
Guam,2018,-6.7328934669,2.3498687744
Guatemala,2018,-4.4049258232,3.4950814247
Guinea,2018,-3.2437355518,5.0398974419
Guinea-Bissau,2018,-3.6528928280,3.9874918461
Guyana,2018,-4.0097227097,5.2971248627
Haiti,2018,-5.3396482468,3.6681835651
Heavily indebted poor countries (HIPC),2018,-3.0923752785,4.1375236511
High income,2018,-4.9799075127,-0.8724902868
Honduras,2018,-4.9278526306,5.3026065826
"Hong Kong SAR, China",2018,-5.5855112076,3.8349242210
Hungary,2018,-3.4473128319,5.1137619019
IBRD only,2018,-5.1051306725,-0.8657570481
IDA & IBRD total,2018,-5.1096858978,-0.9964748621
IDA blend,2018,-3.2367098331,3.8761537075
IDA only,2018,-2.5601038933,4.3241772652
IDA total,2018,-2.6677649021,3.9835820198
Iceland,2018,-4.4892969131,4.8903393745
India,2018,-3.0412950516,2.3684222698
Indonesia,2018,-2.5139603615,4.8712992668
"Iran, Islamic Rep.",2018,-6.4646816254,2.2186810970
Iraq,2018,-4.2285718918,3.7157311440
Ireland,2018,-3.3545870781,5.9286398888
Isle of Man,2018,-5.1793045998,4.3867845535
Israel,2018,-4.4088082314,3.8819501400
Italy,2018,-6.0394911766,3.1847522259
Jamaica,2018,-5.2631998062,4.4600572586
Japan,2018,-5.1008987427,0.2436793298
Jordan,2018,-5.9139847755,4.3456211090
Kazakhstan,2018,-2.9182918072,4.5519394875
Kenya,2018,-2.7342503071,5.3353352547
Kiribati,2018,-4.3270688057,4.5782814026
"Korea, Rep.",2018,-4.8206586838,2.9405198097
Kosovo,2018,-4.6637496948,4.3623375893
Kuwait,2018,-4.6818108559,4.5662751198
Kyrgyz Republic,2018,-3.6100091934,4.2739810944
Lao PDR,2018,-3.0953092575,5.7275362015
Late-demographic dividend,2018,-4.9193778038,-0.6722826958
Latin America & Caribbean,2018,-3.7893259525,1.8444616795
Latin America & Caribbean (excluding high income),2018,-3.6936600208,1.9408745766
Latin America & the Caribbean (IDA & IBRD countries),2018,-3.8629300594,1.8181914091
Latvia,2018,-3.9799807072,5.3606204987
Least developed countries: UN classification,2018,-2.5522150993,4.2840628624
Lebanon,2018,-6.3696823120,2.0451025963
Lesotho,2018,-6.7598323822,2.0101597309
Liberia,2018,-6.1576600075,2.8045377731
Libya,2018,-2.9862053394,6.4731435776
Liechtenstein,2018,-4.1299362183,4.2365393639
Lithuania,2018,-4.7429862022,6.0489673615
Low & middle income,2018,-5.0007824898,-1.0369534492
Low income,2018,-3.5257754326,3.5426385403
Lower middle income,2018,-3.6951608658,1.8312824965
Luxembourg,2018,-5.7914009094,3.5422546864
"Macao SAR, China",2018,-3.7906277180,6.2078671455
Madagascar,2018,-3.9949727058,3.9714815617
Malawi,2018,-3.8537943363,5.0767922401
Malaysia,2018,-4.1985259056,6.2025737762
Maldives,2018,-3.4422476292,6.3141684532
Mali,2018,-2.9725537300,4.5807075500
Malta,2018,-3.4789390564,6.1491227150
Marshall Islands,2018,-4.1072797775,5.9924607277
Mauritania,2018,-3.2565064430,4.6565384865
Mauritius,2018,-5.2784247398,5.4038968086
Mexico,2018,-5.2929286957,3.4153141975
"Micronesia, Fed. Sts.",2018,-5.2722654343,3.2355411053
"Middle East, North Africa, Afghanistan & Pakistan",2018,-4.2516689301,1.8580192327
"Middle East, North Africa, Afghanistan & Pakistan (IDA & IBRD)",2018,-3.5920760632,2.8644232750
"Middle East, North Africa, Afghanistan & Pakistan (excluding high income)",2018,-3.6200706959,2.8019411564
Middle income,2018,-4.9729509354,-0.9507504702
Moldova,2018,-3.1436238289,4.4714951515
Monaco,2018,-3.5698864460,5.9556446075
Mongolia,2018,-3.7583985329,6.2364559174
Montenegro,2018,-4.5813407898,5.5729928017
Morocco,2018,-4.5195064545,4.1613593102
Mozambique,2018,-3.6387095451,4.4293003082
Myanmar,2018,-2.8259272575,5.7489480972
Namibia,2018,-6.6140127182,3.2437167168
Nauru,2018,-6.9650554657,2.0976002216
Nepal,2018,-3.0616683960,5.8385558128
Netherlands,2018,-6.0516438484,4.7637238503
New Caledonia,2018,-3.7971453667,4.6075396538
New Zealand,2018,-4.7568111420,4.8570284843
Nicaragua,2018,-6.3862509727,2.1443262100
Niger,2018,-2.6927249432,6.1661019325
Nigeria,2018,-6.4460163116,4.7233786583
North America,2018,-5.2368621826,-0.5422065854
North Macedonia,2018,-5.4201869965,4.9709138870
Northern Mariana Islands,2018,-6.6475830078,1.8368911743
Norway,2018,-6.6485457420,3.8165493011
OECD members,2018,-5.1891989708,-0.9849815965
Oman,2018,-6.3000297546,3.9304535389
Other small states,2018,-4.1006741524,5.2164626122
Pacific island small states,2018,-5.1749806404,5.2610883713
Pakistan,2018,-2.5805850029,5.1427459717
Palau,2018,-6.6778326035,2.9137990475
Panama,2018,-4.5108027458,4.7582468987
Papua New Guinea,2018,-6.2339143753,2.4623801708
Paraguay,2018,-4.5509357452,3.4961085320
Peru,2018,-4.0732378960,3.6440205574
Philippines,2018,-3.4504437447,5.7373905182
Poland,2018,-4.0937266350,5.8419551849
Portugal,2018,-4.8507671356,3.7413158417
Post-demographic dividend,2018,-5.2329430580,-0.8280800581
Pre-demographic dividend,2018,-3.6898753643,3.2155332565
Puerto Rico (US),2018,-6.5676136017,1.7065645456
Qatar,2018,-5.6723608971,3.2147359848
Romania,2018,-3.1928226948,4.9668836594
Russian Federation,2018,-3.8866548538,2.5222620964
Rwanda,2018,-2.9162607193,6.3576784134
Samoa,2018,-6.7375488281,2.6797187328
San Marino,2018,-5.9259686470,3.5651590824
Sao Tome and Principe,2018,-3.2964308262,4.7003879547
Saudi Arabia,2018,-3.5129292011,3.2324991226
Senegal,2018,-2.6417667866,5.9459042549
Serbia,2018,-4.1017966270,5.3545727730
Seychelles,2018,-3.5068151951,4.9803404808
Sierra Leone,2018,-5.7355451584,4.3889465332
Singapore,2018,-4.3612532616,4.4802303314
Sint Maarten (Dutch part),2018,-6.2274122238,1.5930746794
Slovak Republic,2018,-5.8655748367,5.2476434708
Slovenia,2018,-5.3948388100,5.7109370232
Small states,2018,-4.2852683067,5.1261725426
Solomon Islands,2018,-4.4906730652,4.0987396240
"Somalia, Fed. Rep.",2018,-6.2783360481,4.4464926720
South Africa,2018,-5.5251379013,3.0333857536
South Asia,2018,-3.0933411121,2.3159732819
South Asia (IDA & IBRD),2018,-2.9865200520,2.4605445862
South Sudan,2018,-4.9122638702,-1.1041508913
Spain,2018,-5.9144458771,4.4373188019
Sri Lanka,2018,-5.5071687698,4.2814054489
St. Kitts and Nevis,2018,-5.7928056717,4.8558316231
St. Lucia,2018,-5.0630450249,5.2955794334
St. Martin (French part),2018,-5.3893280029,-0.3193666041
St. Vincent and the Grenadines,2018,-4.8428034782,5.5280151367
Sub-Saharan Africa,2018,-3.6362822056,2.5744538307
Sub-Saharan Africa (IDA & IBRD countries),2018,-3.5481071472,2.5545079708
Sub-Saharan Africa (excluding high income),2018,-3.7300570011,2.4771444798
Sudan,2018,-5.6807217598,2.1950466633
Suriname,2018,-2.8595788479,4.8838214874
Sweden,2018,-5.6463842392,3.7921655178
Switzerland,2018,-3.7824513912,3.6549410820
Syrian Arab Republic,2018,-5.3967695236,3.1622273922
Tajikistan,2018,-2.7976794243,6.3575029373
Tanzania,2018,-2.7922961712,5.0601563454
Thailand,2018,-4.4930052757,6.1087307930
Timor-Leste,2018,-6.2705063820,2.5341954231
Togo,2018,-2.6209137440,4.7133011818
Tonga,2018,-6.6998262405,3.6389136314
Trinidad and Tobago,2018,-6.7970714569,2.1486725807
Tunisia,2018,-5.2705869675,5.0700912476
Turkiye,2018,-5.1553611755,3.9950351715
Turkmenistan,2018,-2.6577775478,5.6899099350
Turks and Caicos Islands,2018,-3.2464783192,6.4710869789
Tuvalu,2018,-5.8363585472,3.3371126652
Uganda,2018,-2.5817527771,5.7470707893
Ukraine,2018,-4.6688671112,4.8940625191
United Arab Emirates,2018,-6.4066653252,3.6510050297
United Kingdom,2018,-4.9894247055,2.7045836449
United States,2018,-5.0721464157,-0.5011359453
Upper middle income,2018,-4.8404765129,-0.8287438154
Uruguay,2018,-5.6076536179,3.0150859356
Uzbekistan,2018,-2.4004147053,5.3953967094
Vanuatu,2018,-4.9024782181,5.2685351372
Viet Nam,2018,-3.5824563503,6.6315593719
Virgin Islands (U.S.),2018,-6.2513928413,4.9202680588
West Bank and Gaza,2018,-6.2924399376,4.0181159973
World,2018,-5.2828459740,-1.0803456306
"Yemen, Rep.",2018,-6.0198774338,2.9044263363
Zambia,2018,-3.4934458733,3.8675267696
Zimbabwe,2018,-3.3947656155,5.3935670853
Afghanistan,2019,2.7515347004,1.4891272783
Africa Eastern and Southern,2019,4.4071502686,3.4275815487
Africa Western and Central,2019,2.2951395512,2.1840391159
Albania,2019,4.1052131653,2.2399506569
Algeria,2019,5.1210145950,3.1181395054
American Samoa,2019,6.0919051170,1.2802513838
Andorra,2019,4.1515154839,2.4975209236
Angola,2019,5.5972676277,2.1414067745
Antigua and Barbuda,2019,4.2642540932,0.9303665161
Arab World,2019,3.5099070072,3.9392390251
Argentina,2019,5.9960002899,0.5639367700
Armenia,2019,3.4370911121,-0.1562720835
Aruba,2019,6.0223827362,0.9870277047
Australia,2019,4.2716984749,2.7244267464
Austria,2019,4.5120525360,1.9949488640
Azerbaijan,2019,4.1329150200,1.8654121161
"Bahamas, The",2019,5.6993622780,0.9494973421
Bahrain,2019,4.3749675751,1.1346787214
Bangladesh,2019,3.3539202213,-0.8564624786
Barbados,2019,5.5358915329,1.3948180676
Belarus,2019,4.9508371353,2.6615602970
Belgium,2019,4.3996624947,1.4416266680
Belize,2019,3.2658464909,1.0246163607
Benin,2019,3.4481420517,-0.7238145471
Bermuda,2019,5.6243615150,1.6097362041
Bhutan,2019,3.4104475975,0.5492017269
Bolivia,2019,4.2416539192,3.0560953617
Bosnia and Herzegovina,2019,3.9016873837,1.4730510712
Botswana,2019,4.2076420784,1.6781746149
Brazil,2019,5.0388226509,2.1147198677
Brunei Darussalam,2019,3.0016584396,1.1664547920
Bulgaria,2019,3.6799514294,0.8387684822
Burkina Faso,2019,2.4335353374,0.0965512320
Burundi,2019,4.5920147896,2.6154983044
Cabo Verde,2019,3.4966447353,-0.3864798546
Cambodia,2019,3.6471142769,-0.1557968557
Cameroon,2019,2.1800620556,2.0020163059
Canada,2019,3.9079382420,3.9738588333
Caribbean small states,2019,5.4092750549,1.5482848883
Cayman Islands,2019,3.3733417988,1.0646232367
Central African Republic,2019,2.3844327927,2.4385397434
Central Europe and the Baltics,2019,3.5168328285,0.9553531408
Chad,2019,2.5792682171,-0.6026629210
Channel Islands,2019,4.6953678131,2.1546506882
Chile,2019,5.4560933113,2.4785740376
China,2019,3.5809905529,7.3875780106
Colombia,2019,4.9866700172,2.5642855167
Comoros,2019,2.4669227600,1.9948025942
"Congo, Dem. Rep.",2019,2.5584506989,1.1892518997
"Congo, Rep.",2019,4.2176876068,2.4401676655
Costa Rica,2019,3.8339321613,2.4021492004
Cote d'Ivoire,2019,2.9774408340,-0.7548531890
Croatia,2019,3.5021557808,1.4054408073
Cuba,2019,5.6307291985,1.1220139265
Curacao,2019,6.0655708313,0.8354534507
Cyprus,2019,3.3795204163,0.1615844667
Czechia,2019,3.9666669369,0.8119095564
Denmark,2019,4.6660375595,1.9128634930
Djibouti,2019,2.8901755810,0.2021815479
Dominica,2019,3.2690534592,1.1480020285
Dominican Republic,2019,2.2336652279,0.4248700440
Early-demographic dividend,2019,3.9533185959,5.6162562370
East Asia & Pacific,2019,3.7218134403,7.8003520966
East Asia & Pacific (IDA & IBRD countries),2019,3.6707231998,7.4480690956
East Asia & Pacific (excluding high income),2019,3.7307355404,7.4371576309
Ecuador,2019,5.5450849533,2.0667376518
"Egypt, Arab Rep.",2019,2.3471298218,-0.0658316836
El Salvador,2019,3.7999918461,2.2510774136
Equatorial Guinea,2019,5.9745717049,0.3427861333
Estonia,2019,4.0188331604,0.7275453210
Eswatini,2019,2.8799183369,0.1048960239
Ethiopia,2019,2.9217507839,-1.0862536430
Euro area,2019,3.6828792095,6.8245954514
Europe & Central Asia,2019,3.5799942017,7.7464628220
Europe & Central Asia (IDA & IBRD countries),2019,3.8944587708,5.0923132896
Europe & Central Asia (excluding high income),2019,3.5203471184,2.7217769623
European Union,2019,3.6518783569,7.0842142105
Faroe Islands,2019,2.9430730343,0.9154745340
Fiji,2019,5.6261382103,1.8254961967
Finland,2019,4.4789719582,1.9509490728
Fragile and conflict affected situations,2019,3.4495995045,3.6109282970
France,2019,3.5207581520,4.0685687065
French Polynesia,2019,3.3713006973,2.8821516037
Gabon,2019,2.4905562401,1.8180140257
"Gambia, The",2019,2.7344355583,-0.4946693480
Georgia,2019,3.5211567879,0.3313538134
Germany,2019,3.7089006901,3.7164883614
Ghana,2019,3.3480148315,-0.5754812956
Greece,2019,3.8612134457,2.2281489372
Greenland,2019,3.3726110458,1.7888534069
Grenada,2019,5.4892163277,1.4244534969
Guam,2019,3.5926384926,2.3380577564
Guatemala,2019,2.1909248829,0.6696926355
Guinea,2019,2.5133755207,0.9668241739
Guinea-Bissau,2019,2.5568220615,-0.3558344841
Guyana,2019,2.7372987270,0.3436820805
Haiti,2019,6.1927590370,0.5779282451
Heavily indebted poor countries (HIPC),2019,2.0138010979,0.9741573334
High income,2019,3.6462361813,7.9822449684
Honduras,2019,3.5101969242,1.5921213627
"Hong Kong SAR, China",2019,4.5797438622,0.9875773191
Hungary,2019,3.3422954082,0.5223602057
IBRD only,2019,3.6105265617,7.8947906494
IDA & IBRD total,2019,3.6592626572,7.9941992760
IDA blend,2019,2.3142569065,2.3678655624
IDA only,2019,1.8718764782,0.6292786598
IDA total,2019,1.6889840364,1.0222593546
Iceland,2019,3.7492129803,2.6484086514
India,2019,4.1824178696,5.0880813599
Indonesia,2019,2.6840152740,0.0912283733
"Iran, Islamic Rep.",2019,6.0527305603,0.3484888375
Iraq,2019,2.9910910130,-0.0842597261
Ireland,2019,2.9178316593,0.1461476386
Isle of Man,2019,5.7569298744,2.2072310448
Israel,2019,3.4123880863,2.0965404510
Italy,2019,5.5826559067,2.0065851212
Jamaica,2019,5.4213480949,1.7715846300
Japan,2019,3.9028751850,7.1548972130
Jordan,2019,4.3356885910,2.0648505688
Kazakhstan,2019,2.6325616837,0.8364441395
Kenya,2019,3.0098571777,0.3613425195
Kiribati,2019,3.0810017586,1.6131728888
"Korea, Rep.",2019,3.7246851921,3.2585980892
Kosovo,2019,2.9507937431,0.4572558999
Kuwait,2019,3.9685060978,1.8610018492
Kyrgyz Republic,2019,2.9481143951,1.3345780373
Lao PDR,2019,2.6110420227,0.0098111415
Late-demographic dividend,2019,3.5571420193,7.8306527138
Latin America & Caribbean,2019,4.0614285469,5.3790435791
Latin America & Caribbean (excluding high income),2019,4.0691471100,5.3834762573
Latin America & the Caribbean (IDA & IBRD countries),2019,4.1799044609,5.5246067047
Latvia,2019,5.1891498566,1.9846581221
Least developed countries: UN classification,2019,1.8183662891,0.6666869521
Lebanon,2019,5.7221684456,0.2967626750
Lesotho,2019,6.2974967957,1.4801838398
Liberia,2019,6.2017273903,0.4537528753
Libya,2019,5.7738661766,0.3915742636
Liechtenstein,2019,4.2452321053,0.8883544803
Lithuania,2019,3.1811909676,0.0560363270
Low & middle income,2019,3.8033506870,7.8252387047
Low income,2019,2.2228982449,2.1661691666
Lower middle income,2019,3.9777793884,5.2427968979
Luxembourg,2019,4.5017309189,0.6003710628
"Macao SAR, China",2019,5.9039788246,1.6934295893
Madagascar,2019,2.1788692474,1.3748176098
Malawi,2019,2.2974953651,-0.4533321559
Malaysia,2019,3.5423765182,0.3720040023
Maldives,2019,3.7766613960,-0.4096932411
Mali,2019,2.2923340797,0.8525131941
Malta,2019,4.2277960777,0.1463581622
Marshall Islands,2019,3.8487541676,-1.1177591085
Mauritania,2019,3.2195093632,2.1048402786
Mauritius,2019,3.6697287560,1.5308893919
Mexico,2019,5.2922782898,1.3261209726
"Micronesia, Fed. Sts.",2019,2.8174846172,1.8117830753
"Middle East, North Africa, Afghanistan & Pakistan",2019,3.7090485096,5.8161168098
"Middle East, North Africa, Afghanistan & Pakistan (IDA & IBRD)",2019,4.5783810616,4.1007981300
"Middle East, North Africa, Afghanistan & Pakistan (excluding high income)",2019,4.6504397392,4.0532035828
Middle income,2019,3.8326888084,7.6978716850
Moldova,2019,3.1811034679,2.2668337822
Monaco,2019,3.4160723686,-0.6724510789
Mongolia,2019,3.7174777985,0.0933277085
Montenegro,2019,3.3033044338,0.7048797607
Morocco,2019,3.3589143753,2.3111233711
Mozambique,2019,4.7100725174,2.0674273968
Myanmar,2019,2.8826429844,-0.8514378667
Namibia,2019,5.4718050957,0.8009148836
Nauru,2019,3.9458823204,-0.7538388371
Nepal,2019,2.9993686676,-0.6789473891
Netherlands,2019,4.0811924934,1.8047398329
New Caledonia,2019,6.0723299980,0.7454022765
New Zealand,2019,3.9103496075,2.5349562168
Nicaragua,2019,5.9654169083,0.9131778479
Niger,2019,2.3823642731,-0.6723752618
Nigeria,2019,3.4778020382,2.7091813087
North America,2019,3.7791554928,7.6670808792
North Macedonia,2019,4.2968630791,0.4551024139
Northern Mariana Islands,2019,5.5548801422,0.2987409830
Norway,2019,3.8557906151,2.9711272717
OECD members,2019,3.6538462639,8.0877847672
Oman,2019,5.8514490128,0.7212951779
Other small states,2019,4.0529580116,0.4279357791
Pacific island small states,2019,4.7603688240,1.5496616364
Pakistan,2019,4.0209279060,2.7286446095
Palau,2019,5.9053621292,1.5364969969
Panama,2019,4.0550546646,1.6450753212
Papua New Guinea,2019,2.1290476322,0.7730600238
Paraguay,2019,5.7531809807,1.8176702261
Peru,2019,4.7469654083,2.8256735802
Philippines,2019,3.1674883366,-0.1802567542
Poland,2019,2.8222157955,0.6795814633
Portugal,2019,3.4679241180,1.8981106281
Post-demographic dividend,2019,3.7730977535,7.9387536049
Pre-demographic dividend,2019,2.1761820316,2.2328526974
Puerto Rico (US),2019,4.9258990288,2.0762004852
Qatar,2019,5.8366189003,2.1414518356
Romania,2019,4.2671713829,0.4521484375
Russian Federation,2019,4.6081571579,3.7146821022
Rwanda,2019,3.2341110706,-1.1372077465
Samoa,2019,3.2295112610,0.7638638020
San Marino,2019,4.3602881432,2.6989541054
Sao Tome and Principe,2019,4.5764775276,2.8180701733
Saudi Arabia,2019,4.3104753494,3.5446641445
Senegal,2019,2.3387799263,0.6109474301
Serbia,2019,3.1771535873,0.7987833023
Seychelles,2019,2.1925859451,-0.2464943528
Sierra Leone,2019,2.3656938076,-0.2850264609
Singapore,2019,5.1418514252,2.0299732685
Sint Maarten (Dutch part),2019,3.7133038044,-1.0440657139
Slovak Republic,2019,4.6696081161,1.6350564957
Slovenia,2019,4.0360617638,0.8076713085
Small states,2019,4.1289005280,0.5364222527
Solomon Islands,2019,4.2947382927,2.1832945347
"Somalia, Fed. Rep.",2019,3.0327506065,2.7310757637
South Africa,2019,4.9716691971,1.1808309555
South Asia,2019,4.1785898209,5.0576176643
South Asia (IDA & IBRD),2019,4.2241129875,5.0639543533
South Sudan,2019,4.0528364182,8.1442298889
Spain,2019,3.9419059753,2.2706179619
Sri Lanka,2019,5.3459787369,1.6522713900
St. Kitts and Nevis,2019,3.3749866486,1.7806568146
St. Lucia,2019,5.9212832451,1.1271729469
St. Martin (French part),2019,3.1681275368,-0.5599465966
St. Vincent and the Grenadines,2019,5.6248707771,1.3090118170
Sub-Saharan Africa,2019,4.2803874016,4.4364914894
Sub-Saharan Africa (IDA & IBRD countries),2019,4.1923947334,4.4060173035
Sub-Saharan Africa (excluding high income),2019,4.2710528374,4.4394478798
Sudan,2019,5.6139655113,0.4821303189
Suriname,2019,5.2127556801,3.0260667801
Sweden,2019,3.6690008640,1.6837157011
Switzerland,2019,5.0078673363,2.8707191944
Syrian Arab Republic,2019,5.3669004440,2.8544561863
Tajikistan,2019,3.0438103676,-1.0318760872
Tanzania,2019,2.2875480652,-0.3053320050
Thailand,2019,4.7113409042,2.2655289173
Timor-Leste,2019,3.4630773067,-1.1910357475
Togo,2019,2.0967340469,0.2817052305
Tonga,2019,5.7191901207,1.2383347750
Trinidad and Tobago,2019,5.9423570633,1.5841267109
Tunisia,2019,4.5337181091,1.2412478924
Turkiye,2019,5.2955985069,2.3607165813
Turkmenistan,2019,2.6416599751,-0.8817204237
Turks and Caicos Islands,2019,2.8092918396,0.4924872518
Tuvalu,2019,3.5798690319,-1.1728191376
Uganda,2019,2.6931831837,-0.5490958095
Ukraine,2019,3.0507667065,2.1184055805
United Arab Emirates,2019,4.7567663193,1.6109759808
United Kingdom,2019,3.5687761307,3.5915017128
United States,2019,3.5153832436,7.5457806587
Upper middle income,2019,3.3519990444,7.6905574799
Uruguay,2019,5.2843036652,3.1258971691
Uzbekistan,2019,3.2205317020,-0.8779198527
Vanuatu,2019,3.6574318409,1.3577910662
Viet Nam,2019,3.7727549076,-0.7569718957
Virgin Islands (U.S.),2019,3.9005711079,1.1856142282
West Bank and Gaza,2019,4.6600666046,2.3295874596
World,2019,3.7643630505,7.9633173943
Zambia,2019,4.5150513649,2.4217979908
Zimbabwe,2019,5.1148328781,0.7845424414
Afghanistan,2020,10.2219085693,-6.6058907509
Africa Eastern and Southern,2020,10.5327501297,-7.5811882019
Africa Western and Central,2020,9.9863605499,-6.4627246857
Albania,2020,10.6695699692,-6.9455723763
Algeria,2020,11.1283521652,-7.3080830574
American Samoa,2020,9.3917875290,-8.4765348434
Andorra,2020,11.8600368500,-9.5643606186
Angola,2020,11.3351783752,-7.9228653908
Antigua and Barbuda,2020,12.1256780624,-10.9940185547
Arab World,2020,10.8576288223,-8.6816129684
Argentina,2020,11.6842327118,-8.9222106934
Armenia,2020,11.7183790207,-8.4082412720
Aruba,2020,12.1723527908,-11.2003059387
Australia,2020,9.8179368973,-7.6334137917
Austria,2020,11.8129024506,-7.6169924736
Azerbaijan,2020,11.0168018341,-7.5957040787
"Bahamas, The",2020,12.1421031952,-10.8718547821
Bahrain,2020,12.3325901031,-6.6392827034
Bangladesh,2020,8.8855495453,-8.6375122070
Barbados,2020,11.8247756958,-10.3408136368
Belarus,2020,10.5829534531,-6.0084500313
Belgium,2020,12.4112215042,-6.7593374252
Belize,2020,11.7934761047,-10.1104583740
Benin,2020,8.7045707703,-8.7865600586
Bermuda,2020,11.7389421463,-8.2129878998
Bhutan,2020,12.3007745743,-9.3735828400
Bolivia,2020,12.1170244217,-8.3981122971
Bosnia and Herzegovina,2020,10.9577112198,-7.1445927620
Botswana,2020,12.2487764359,-8.7544145584
Brazil,2020,11.0023031235,-7.4297895432
Brunei Darussalam,2020,10.1354656219,-8.2760086060
Bulgaria,2020,11.4023494720,-6.0957722664
Burkina Faso,2020,8.6832056046,-7.6163082123
Burundi,2020,9.2360324860,-7.2700028419
Cabo Verde,2020,12.3005361557,-10.8095674515
Cambodia,2020,11.6845550537,-6.5138115883
Cameroon,2020,9.2253799438,-7.1637325287
Canada,2020,10.9153556824,-8.7795343399
Caribbean small states,2020,12.6033000946,-8.9239597321
Cayman Islands,2020,11.8928947449,-6.9255208969
Central African Republic,2020,9.0306291580,-7.5346837044
Central Europe and the Baltics,2020,11.4177598953,-5.9878697395
Chad,2020,9.5428295135,-6.8894743919
Channel Islands,2020,12.1580352783,-8.6746015549
Chile,2020,11.1600761414,-8.3159484863
China,2020,9.8557224274,-11.0489730835
Colombia,2020,12.0334024429,-8.6434917450
Comoros,2020,8.5380582809,-8.7743377686
"Congo, Dem. Rep.",2020,9.1470260620,-7.8515672684
"Congo, Rep.",2020,11.1478414536,-7.8666749001
Costa Rica,2020,11.2248802185,-7.5168476105
Cote d'Ivoire,2020,8.9291095734,-7.4327282906
Croatia,2020,12.2908716202,-8.5789365768
Cuba,2020,11.6865034103,-9.6162786484
Curacao,2020,12.0258302689,-10.9431295395
Cyprus,2020,10.8056516647,-8.0079021454
Czechia,2020,12.2426824570,-6.7308421135
Denmark,2020,10.9174795151,-5.8728179932
Djibouti,2020,9.7473440170,-7.3946189880
Dominica,2020,12.2276639938,-10.6481132507
Dominican Republic,2020,11.7920274734,-8.6471242905
Early-demographic dividend,2020,10.0754861832,-10.0741481781
East Asia & Pacific,2020,9.5892810822,-11.0513286591
East Asia & Pacific (IDA & IBRD countries),2020,9.9182090759,-11.1064825058
East Asia & Pacific (excluding high income),2020,9.9780006409,-11.0560131073
Ecuador,2020,12.4481582642,-8.9290342331
"Egypt, Arab Rep.",2020,8.6417169571,-8.8472461700
El Salvador,2020,12.2419033051,-8.2813692093
Equatorial Guinea,2020,10.9007663727,-7.4941420555
Estonia,2020,11.9746265411,-6.4886627197
Eswatini,2020,10.9012022018,-6.6170110703
Ethiopia,2020,8.7254705429,-8.9661893845
Euro area,2020,10.1323385239,-10.2265481949
Europe & Central Asia,2020,9.8088598251,-10.8997268677
Europe & Central Asia (IDA & IBRD countries),2020,10.0720338821,-9.3314199448
Europe & Central Asia (excluding high income),2020,10.0754899979,-8.0475263596
European Union,2020,9.8576250076,-10.2302684784
Faroe Islands,2020,10.5747518539,-6.2710428238
Fiji,2020,11.8753976822,-10.3387823105
Finland,2020,10.5603818893,-8.0604362488
Fragile and conflict affected situations,2020,10.9645748138,-7.9646496773
France,2020,10.9556035995,-8.9812889099
French Polynesia,2020,11.8818445206,-8.2282857895
Gabon,2020,10.4747619629,-7.0884933472
"Gambia, The",2020,9.3045473099,-7.7655858994
Georgia,2020,12.2304620743,-7.5940008163
Germany,2020,10.7886962891,-8.5406818390
Ghana,2020,9.8672533035,-7.0783534050
Greece,2020,12.0879240036,-9.1129121780
Greenland,2020,9.9105176926,-7.5548777580
Grenada,2020,12.0026111603,-9.7388601303
Guam,2020,12.2615871429,-9.4772138596
Guatemala,2020,9.2978925705,-6.0648665428
Guinea,2020,9.1831474304,-8.6317386627
Guinea-Bissau,2020,8.9270687103,-8.2114839554
Guyana,2020,8.8879013062,-9.0526885986
Haiti,2020,10.4777469635,-6.5612030029
Heavily indebted poor countries (HIPC),2020,9.0000820160,-7.0875830650
High income,2020,9.4531917572,-10.8668632507
Honduras,2020,12.3411359787,-8.7663955688
"Hong Kong SAR, China",2020,11.5469932556,-8.7248601913
Hungary,2020,11.9692182541,-7.0430264473
IBRD only,2020,9.3654127121,-11.0521545410
IDA & IBRD total,2020,9.2284507751,-11.0798435211
IDA blend,2020,9.8708038330,-6.2383761406
IDA only,2020,8.9690637589,-6.5392551422
IDA total,2020,9.0311403275,-6.3125381470
Iceland,2020,11.6463661194,-8.3272266388
India,2020,10.4575691223,-9.8544845581
Indonesia,2020,9.2052526474,-6.0681848526
"Iran, Islamic Rep.",2020,8.9781532288,-9.2524785995
Iraq,2020,11.2661876678,-9.9195156097
Ireland,2020,9.4475030899,-8.9978294373
Isle of Man,2020,12.4617557526,-8.5293445587
Israel,2020,10.4633264542,-7.7230710983
Italy,2020,11.8558893204,-8.9246358871
Jamaica,2020,12.3431491852,-9.1549196243
Japan,2020,10.5879449844,-9.0520448685
Jordan,2020,10.3441143036,-7.2095737457
Kazakhstan,2020,9.5719890594,-6.0595970154
Kenya,2020,9.3800268173,-7.2317004204
Kiribati,2020,10.3631095886,-6.6971645355
"Korea, Rep.",2020,10.0064926147,-7.7092080116
Kosovo,2020,11.3444910049,-7.8280348778
Kuwait,2020,11.1055183411,-8.1935262680
Kyrgyz Republic,2020,11.6473140717,-8.1274442673
Lao PDR,2020,9.4887399673,-7.6071929932
Late-demographic dividend,2020,9.7279520035,-10.8559846878
Latin America & Caribbean,2020,10.2409982681,-9.9272298813
Latin America & Caribbean (excluding high income),2020,10.5861883163,-9.9635057449
Latin America & the Caribbean (IDA & IBRD countries),2020,10.5231552124,-10.0010461807
Latvia,2020,11.4741077423,-6.9005093575
Least developed countries: UN classification,2020,8.9400758743,-6.7477302551
Lebanon,2020,11.9367628098,-10.9191246033
Lesotho,2020,12.5527725220,-8.7262334824
Liberia,2020,10.7789974213,-6.7792735100
Libya,2020,12.4138383865,-11.1019964218
Liechtenstein,2020,10.6719551086,-7.7760467529
Lithuania,2020,9.6826496124,-8.2581481934
Low & middle income,2020,9.2699613571,-10.9969758987
Low income,2020,9.6390848160,-6.6150145531
Lower middle income,2020,10.0189313889,-9.8223152161
Luxembourg,2020,10.3911399841,-8.8396997452
"Macao SAR, China",2020,11.6171169281,-11.0393457413
Madagascar,2020,12.0136604309,-7.9847207069
Malawi,2020,9.3069257736,-8.0011606216
Malaysia,2020,11.6841506958,-6.7263650894
Maldives,2020,12.1595335007,-11.1072816849
Mali,2020,9.3512907028,-6.4606623650
Malta,2020,12.0437469482,-7.7057132721
Marshall Islands,2020,11.2385301590,-6.2237558365
Mauritania,2020,10.2456350327,-7.0176029205
Mauritius,2020,11.5254993439,-10.2805480957
Mexico,2020,12.6594495773,-8.4848861694
"Micronesia, Fed. Sts.",2020,10.2754087448,-6.7605218887
"Middle East, North Africa, Afghanistan & Pakistan",2020,10.0982408524,-9.4717712402
"Middle East, North Africa, Afghanistan & Pakistan (IDA & IBRD)",2020,9.2937250137,-5.8397274017
"Middle East, North Africa, Afghanistan & Pakistan (excluding high income)",2020,9.2190732956,-5.7461528778
Middle income,2020,9.4575710297,-11.1638641357
Moldova,2020,13.0495281219,-8.6217107773
Monaco,2020,11.5990200043,-10.4180393219
Mongolia,2020,11.6691665649,-6.3946828842
Montenegro,2020,12.1946935654,-10.3263454437
Morocco,2020,11.4328794479,-8.4409933090
Mozambique,2020,10.3405580521,-6.0958909988
Myanmar,2020,12.8765792847,-8.6129961014
Namibia,2020,12.4194793701,-8.3926248550
Nauru,2020,9.5553636551,-8.2095699310
Nepal,2020,10.1197605133,-7.1406388283
Netherlands,2020,12.1369752884,-6.5769314766
New Caledonia,2020,10.3823442459,-6.7428374290
New Zealand,2020,9.4959707260,-7.3256092072
Nicaragua,2020,10.7345123291,-6.5427489281
Niger,2020,8.7995948792,-8.8697824478
Nigeria,2020,10.4013767242,-6.2112874985
North America,2020,9.7042608261,-11.2930545807
North Macedonia,2020,12.1651840210,-7.0103836060
Northern Mariana Islands,2020,12.2443351746,-11.2940454483
Norway,2020,10.0628576279,-7.8426723480
OECD members,2020,9.3339462280,-10.8217420578
Oman,2020,11.2046890259,-6.6146926880
Other small states,2020,12.4155416489,-6.8630437851
Pacific island small states,2020,12.1993274689,-9.4035997391
Pakistan,2020,9.8785362244,-6.5229139328
Palau,2020,12.1140794754,-7.0874600410
Panama,2020,12.2590799332,-10.4787502289
Papua New Guinea,2020,10.9716510773,-6.3720870018
Paraguay,2020,10.1032876968,-8.5124673843
Peru,2020,11.2410497665,-9.4590644836
Philippines,2020,12.5750532150,-8.8652048111
Poland,2020,10.9937877655,-5.7883696556
Portugal,2020,11.4907026291,-8.7927379608
Post-demographic dividend,2020,9.4097919464,-11.1440210342
Pre-demographic dividend,2020,10.4212102890,-5.9778280258
Puerto Rico (US),2020,11.5561351776,-6.8011779785
Qatar,2020,11.5199155807,-7.1028218269
Romania,2020,10.9761009216,-6.8528451920
Russian Federation,2020,10.4458913803,-7.6853289604
Rwanda,2020,10.6663522720,-6.4119720459
Samoa,2020,10.6009283066,-7.0918779373
San Marino,2020,10.7307300568,-8.5927772522
Sao Tome and Principe,2020,8.7658519745,-8.2962303162
Saudi Arabia,2020,9.7065906525,-6.1817965508
Senegal,2020,8.6942663193,-7.5773749352
Serbia,2020,10.8783054352,-6.1324353218
Seychelles,2020,11.4157552719,-10.3386240005
Sierra Leone,2020,9.7616024017,-6.6899714470
Singapore,2020,10.5783061981,-8.4562063217
Sint Maarten (Dutch part),2020,11.5649805069,-10.6015510559
Slovak Republic,2020,12.5339574814,-6.5738368034
Slovenia,2020,11.9733495712,-6.9220228195
Small states,2020,12.5071334839,-7.0734310150
Solomon Islands,2020,9.8635187149,-5.9444332123
"Somalia, Fed. Rep.",2020,10.2902622223,-7.2641129494
South Africa,2020,11.5514822006,-7.8925280571
South Asia,2020,10.3818016052,-9.8233642578
South Asia (IDA & IBRD),2020,10.4372358322,-9.7645244598
South Sudan,2020,9.2327299118,-9.5992879868
Spain,2020,11.8038005829,-9.7529249191
Sri Lanka,2020,10.3362216949,-7.8915300369
St. Kitts and Nevis,2020,11.7280254364,-10.1514930725
St. Lucia,2020,12.3852977753,-11.1147422791
St. Martin (French part),2020,10.9601907730,-10.6408653259
St. Vincent and the Grenadines,2020,11.7396955490,-6.7331404686
Sub-Saharan Africa,2020,9.3810091019,-5.8223061562
Sub-Saharan Africa (IDA & IBRD countries),2020,9.3014802933,-5.8732810020
Sub-Saharan Africa (excluding high income),2020,9.2628879547,-5.7702207565
Sudan,2020,11.6876173019,-7.4837899208
Suriname,2020,11.7178564072,-10.8675432205
Sweden,2020,10.0433197021,-6.9320664406
Switzerland,2020,10.7129945755,-5.7592716217
Syrian Arab Republic,2020,9.3749103546,-6.9518847466
Tajikistan,2020,8.8248472214,-9.1585159302
Tanzania,2020,8.9567842484,-8.3281183243
Thailand,2020,12.0376300812,-7.2078142166
Timor-Leste,2020,8.7301702499,-9.1102371216
Togo,2020,8.5569581985,-7.7843141556
Tonga,2020,9.7682819366,-7.7998752594
Trinidad and Tobago,2020,12.8008804321,-8.4859304428
Tunisia,2020,12.4385595322,-8.3871421814
Turkiye,2020,9.8361244202,-7.4339070320
Turkmenistan,2020,8.8109502792,-8.9603729248
Turks and Caicos Islands,2020,12.2989349365,-11.1612672806
Tuvalu,2020,11.6346712112,-7.2872395515
Uganda,2020,8.7628412247,-8.4464578629
Ukraine,2020,11.0508794785,-6.9378628731
United Arab Emirates,2020,12.6793766022,-7.2468190193
United Kingdom,2020,11.8411426544,-9.5946407318
United States,2020,9.9378986359,-11.1510753632
Upper middle income,2020,9.6935787201,-10.8842916489
Uruguay,2020,11.9304990768,-8.2185783386
Uzbekistan,2020,8.5828981400,-7.5584683418
Vanuatu,2020,11.4570255280,-7.7790145874
"Venezuela, RB",2020,10.2512769699,-9.3785724640
Viet Nam,2020,9.7587862015,-8.2905521393
Virgin Islands (U.S.),2020,10.8362207413,-5.9141235352
West Bank and Gaza,2020,12.1534509659,-9.6560716629
World,2020,9.4108819962,-10.9083423615
Zambia,2020,10.5512046814,-7.2515172958
Zimbabwe,2020,12.5480375290,-8.1145067215
Afghanistan,2021,1.1743769646,4.2945380211
Africa Eastern and Southern,2021,4.6717982292,5.7387247086
Africa Western and Central,2021,3.7341270447,5.6622171402
Albania,2021,3.8405048847,2.7437348366
Algeria,2021,3.4696068764,5.4063177109
American Samoa,2021,1.4347543716,4.6247558594
Andorra,2021,3.7983186245,3.1691930294
Angola,2021,1.6191698313,5.6685676575
Antigua and Barbuda,2021,3.2791812420,3.3178198338
Arab World,2021,3.7836484909,6.7697792053
Argentina,2021,3.8336491585,3.3567454815
Armenia,2021,4.2750105858,4.5994658470
Aruba,2021,1.9070396423,3.0517473221
Australia,2021,2.2799713612,5.7534041405
Austria,2021,4.4886589050,4.8058686256
Azerbaijan,2021,5.1812043190,4.5578050613
"Bahamas, The",2021,2.0957441330,3.1993229389
Bahrain,2021,3.4265074730,4.5779891014
Bangladesh,2021,4.4274005890,3.5784823895
Barbados,2021,1.2356690168,4.7786469460
Belarus,2021,2.6569266319,5.2501778603
Belgium,2021,3.5554654598,4.7064452171
Belize,2021,1.9320269823,2.9054265022
Benin,2021,4.9181623459,3.3953042030
Bermuda,2021,4.3485255241,5.0007901192
Bhutan,2021,4.6296086311,5.1853294373
Bolivia,2021,3.8376700878,4.3597702980
Bosnia and Herzegovina,2021,3.4184355736,3.8589308262
Botswana,2021,3.2460329533,2.8456163406
Brazil,2021,4.1828989983,4.8000187874
Brunei Darussalam,2021,1.6965988874,4.4920563698
Bulgaria,2021,3.5985140800,3.7668654919
Burkina Faso,2021,4.6794729233,2.9738416672
Burundi,2021,3.0656199455,5.0457267761
Cabo Verde,2021,3.4919972420,3.1037139893
Cambodia,2021,2.9515335560,5.2128629684
Cameroon,2021,2.7450129986,4.8482909203
Canada,2021,4.5220265388,6.9298872948
Caribbean small states,2021,4.0165510178,3.6192526817
Cayman Islands,2021,4.3068218231,4.4652428627
Central African Republic,2021,2.3422217369,5.2381496429
Central Europe and the Baltics,2021,3.8812828064,3.8515009880
Chad,2021,2.2212324142,4.7912034988
Channel Islands,2021,3.0579185486,3.1538252831
Chile,2021,2.8977155685,3.3945386410
China,2021,1.5020946264,7.9046916962
Colombia,2021,3.7363696098,3.2385294437
Comoros,2021,2.4818358421,5.4737873077
"Congo, Dem. Rep.",2021,5.2966880798,4.4699068069
"Congo, Rep.",2021,1.2694104910,5.6458296776
Costa Rica,2021,3.6220145226,3.0043263435
Cote d'Ivoire,2021,4.8110213280,3.4146885872
Croatia,2021,2.6151177883,2.9773788452
Cuba,2021,1.3769694567,7.5837764740
Curacao,2021,4.0702123642,5.4179682732
Cyprus,2021,3.1080074310,4.0334291458
Czechia,2021,3.3320355415,4.8771104813
Denmark,2021,3.2944934368,3.9516897202
Djibouti,2021,3.9504632950,5.2246751785
Dominica,2021,4.4367585182,4.1683311462
Dominican Republic,2021,2.4017870426,3.3248386383
Early-demographic dividend,2021,3.2928018570,7.7851576805
East Asia & Pacific,2021,1.2179328203,8.0760717392
East Asia & Pacific (IDA & IBRD countries),2021,1.4226521254,8.0271282196
East Asia & Pacific (excluding high income),2021,1.4268473387,8.0288572311
Ecuador,2021,3.0447895527,3.4416041374
"Egypt, Arab Rep.",2021,3.2037773132,5.3373050690
El Salvador,2021,2.9116113186,3.0455386639
Equatorial Guinea,2021,1.4595389366,6.1868796349
Estonia,2021,3.2957785130,4.2880673409
Eswatini,2021,3.4420330524,5.4275274277
Ethiopia,2021,4.6342864037,4.5464959145
Euro area,2021,2.0618331432,7.8988962173
Europe & Central Asia,2021,1.3398201466,8.2058897018
Europe & Central Asia (IDA & IBRD countries),2021,3.6536760330,7.5657844543
Europe & Central Asia (excluding high income),2021,3.2783343792,3.0409886837
European Union,2021,1.9009803534,7.9337315559
Faroe Islands,2021,4.6133484840,4.2437496185
Fiji,2021,0.9955511689,4.7425570488
Finland,2021,2.5554113388,5.3083486557
Fragile and conflict affected situations,2021,2.3730494976,6.1852169037
France,2021,4.2470636368,6.8900480270
French Polynesia,2021,2.1342592239,5.3816528320
Gabon,2021,1.3236212730,5.5500493050
"Gambia, The",2021,4.6673731804,4.3551797867
Georgia,2021,2.8412995338,2.7788672447
Germany,2021,3.5442843437,6.7127547264
Ghana,2021,4.6349606514,4.7431573868
Greece,2021,3.4866678715,2.9777712822
Greenland,2021,1.3576596975,5.9195103645
Grenada,2021,3.7699007988,4.5746917725
Guam,2021,1.7329615355,5.6154441833
Guatemala,2021,4.4450130463,3.0835695267
Guinea,2021,3.8949286938,4.7055416107
Guinea-Bissau,2021,4.8263196945,4.3412160873
Guyana,2021,1.9718962908,3.3517153263
Haiti,2021,1.6986025572,4.2775626183
Heavily indebted poor countries (HIPC),2021,4.0667905807,5.9629583359
High income,2021,1.1774091721,8.2163515091
Honduras,2021,2.7170016766,2.8044960499
"Hong Kong SAR, China",2021,3.9353005886,4.8738422394
Hungary,2021,3.7727019787,3.6605615616
IBRD only,2021,1.1467174292,8.1896266937
IDA & IBRD total,2021,1.2522490025,8.4099273682
IDA blend,2021,5.0304083824,4.0400161743
IDA only,2021,5.0833168030,7.0942101479
IDA total,2021,5.2909698486,6.9542279243
Iceland,2021,5.0015931129,4.9073958397
India,2021,3.9766862392,7.6520376205
Indonesia,2021,3.9795150757,5.8763794899
"Iran, Islamic Rep.",2021,4.5616416931,5.3793740273
Iraq,2021,1.9059413671,5.6128134727
Ireland,2021,2.1362776756,3.4398508072
Isle of Man,2021,3.4454483986,5.4582028389
Israel,2021,3.2281248569,3.0118691921
Italy,2021,3.6577713490,2.8631114960
Jamaica,2021,4.1476316452,4.8991451263
Japan,2021,1.8772277832,7.0909018517
Jordan,2021,3.4686272144,5.7926497459
Kazakhstan,2021,4.1563754082,5.2326893806
Kenya,2021,4.3929648399,3.4497532845
Kiribati,2021,3.5396630764,2.5137424469
"Korea, Rep.",2021,3.9538354874,6.3710527420
Kosovo,2021,3.0489478111,2.5967836380
Kuwait,2021,1.5087224245,6.2499895096
Kyrgyz Republic,2021,4.3537774086,4.3303151131
Lao PDR,2021,2.5900344849,5.6086521149
Late-demographic dividend,2021,1.2384800911,8.1692199707
Latin America & Caribbean,2021,4.0104122162,7.6631336212
Latin America & Caribbean (excluding high income),2021,4.0486898422,7.6738820076
Latin America & the Caribbean (IDA & IBRD countries),2021,4.1037297249,7.6956124306
Latvia,2021,3.9509372711,3.8779597282
Least developed countries: UN classification,2021,5.0165629387,7.0016889572
Lebanon,2021,1.0724794865,4.3318357468
Lesotho,2021,2.3626337051,5.4942531586
Liberia,2021,4.7201995850,4.5239109993
Libya,2021,1.7786145210,3.2343728542
Liechtenstein,2021,2.7894978523,4.3553843498
Lithuania,2021,3.9106998444,3.9747252464
Low & middle income,2021,1.1639724970,8.2991724014
Low income,2021,1.8788322210,5.6561779976
Lower middle income,2021,3.7230477333,7.7252359390
Luxembourg,2021,3.8098676205,4.2788991928
"Macao SAR, China",2021,2.7909586430,3.5100088120
Madagascar,2021,4.9657506943,5.1259946823
Malawi,2021,4.4636988640,4.7283124924
Malaysia,2021,3.1560413837,5.4258942604
Maldives,2021,2.0298895836,2.9221706390
Mali,2021,2.8431673050,5.0903201103
Malta,2021,2.7649998665,3.9449856281
Marshall Islands,2021,1.6635458469,5.2058801651
Mauritania,2021,1.0996005535,5.2577104568
Mauritius,2021,3.0529503822,6.1199536324
Mexico,2021,5.2735371590,5.0263948441
"Micronesia, Fed. Sts.",2021,2.6217653751,6.0308380127
"Middle East, North Africa, Afghanistan & Pakistan",2021,3.6986145973,7.2490539551
"Middle East, North Africa, Afghanistan & Pakistan (IDA & IBRD)",2021,5.3056101799,7.0037069321
"Middle East, North Africa, Afghanistan & Pakistan (excluding high income)",2021,5.3006391525,6.9258584976
Middle income,2021,1.1741533279,8.4038858414
Moldova,2021,2.3528840542,2.6832833290
Monaco,2021,1.8251265287,3.0202012062
Mongolia,2021,1.9887347221,5.1920952797
Montenegro,2021,2.3484871387,3.0541458130
Morocco,2021,3.5793430805,2.4458122253
Mozambique,2021,2.0787854195,6.0052518845
Myanmar,2021,1.0318167210,4.0996966362
Namibia,2021,3.5530405045,6.0145730972
Nauru,2021,3.1529812813,3.7669081688
Nepal,2021,4.6795973778,5.1193919182
Netherlands,2021,3.2505803108,4.5304446220
New Caledonia,2021,1.2702460289,4.3596949577
New Zealand,2021,4.3389024734,5.4036741257
Nicaragua,2021,2.6955502033,2.7168731689
Niger,2021,2.2916510105,4.9536042213
Nigeria,2021,3.4258997440,5.7272958755
North America,2021,1.3987301588,8.3633661270
North Macedonia,2021,3.4118103981,4.6700954437
Northern Mariana Islands,2021,4.9794631004,4.6801657677
Norway,2021,3.4785933495,5.2637848854
OECD members,2021,1.1195116043,8.3193407059
Oman,2021,2.6558451653,5.8124933243
Other small states,2021,3.3688592911,4.0775008202
Pacific island small states,2021,0.9036915302,4.5124740601
Pakistan,2021,4.9468050003,3.8878657818
Palau,2021,1.2842899561,4.0754065514
Panama,2021,2.2105174065,3.1267349720
Papua New Guinea,2021,1.3922663927,4.5881137848
Paraguay,2021,4.2163176537,5.4915366173
Peru,2021,2.6148610115,3.4403440952
Philippines,2021,4.1677317619,4.7076983452
Poland,2021,3.7998259068,3.9728167057
Portugal,2021,5.1391568184,4.8699188232
Post-demographic dividend,2021,1.1127204895,8.1040563583
Pre-demographic dividend,2021,3.0384933949,5.9941654205
Puerto Rico (US),2021,1.1368688345,5.0414791107
Qatar,2021,1.5392230749,5.6392488480
Romania,2021,5.2447104454,4.6809964180
Russian Federation,2021,4.8010435104,5.8195104599
Rwanda,2021,4.1761116982,2.8988065720
Samoa,2021,0.9230020046,4.1964826584
San Marino,2021,2.2536680698,3.8856151104
Sao Tome and Principe,2021,1.7510453463,5.8344678879
Saudi Arabia,2021,4.8472309113,3.3970611095
Senegal,2021,4.7599387169,3.0057356358
Serbia,2021,3.2954268456,2.9666476250
Seychelles,2021,1.9432933331,4.2779850960
Sierra Leone,2021,4.5973587036,3.9140574932
Singapore,2021,2.4239692688,3.9672405720
Sint Maarten (Dutch part),2021,4.7255773544,5.6204342842
Slovak Republic,2021,3.8595800400,4.8348355293
Slovenia,2021,3.5822329521,3.6675179005
Small states,2021,3.4199061394,4.0986065865
Solomon Islands,2021,2.2445135117,5.5443320274
"Somalia, Fed. Rep.",2021,2.6065495014,4.5200109482
South Africa,2021,4.5229749680,5.0406050682
South Asia,2021,3.8593585491,7.7385253906
South Asia (IDA & IBRD),2021,3.9581482410,7.5503916740
South Sudan,2021,1.9958090782,3.9217896461
Spain,2021,3.6654233932,4.4738383293
Sri Lanka,2021,3.8427095413,5.2801618576
St. Kitts and Nevis,2021,1.2707551718,5.0825171471
St. Lucia,2021,3.1759817600,2.7218034267
St. Martin (French part),2021,4.3395915031,4.8912448883
St. Vincent and the Grenadines,2021,1.6908193827,5.4026880264
Sub-Saharan Africa,2021,4.9342737198,7.1860079765
Sub-Saharan Africa (IDA & IBRD countries),2021,4.9901051521,7.1018815041
Sub-Saharan Africa (excluding high income),2021,4.9749512672,7.2282786369
Sudan,2021,2.2454819679,4.8500957489
Suriname,2021,1.4619750977,4.5976629257
Sweden,2021,4.8475666046,4.8457045555
Switzerland,2021,4.0875968933,4.0548992157
Syrian Arab Republic,2021,1.6733860970,5.7657508850
Tajikistan,2021,3.5067896843,2.6231000423
Tanzania,2021,3.6671881676,5.1613445282
Thailand,2021,2.1333570480,5.5209512711
Timor-Leste,2021,4.6694660187,4.8164944649
Togo,2021,5.1340708733,3.1896102428
Tonga,2021,1.7545706034,5.0425400734
Trinidad and Tobago,2021,1.4595553875,4.4830069542
Tunisia,2021,4.8207392693,5.4620361328
Turkiye,2021,3.1450812817,2.5482134819
Turkmenistan,2021,4.5983157158,3.7176246643
Turks and Caicos Islands,2021,1.8265262842,3.1515398026
Tuvalu,2021,1.9137638807,5.3296151161
Uganda,2021,2.9890654087,5.7268586159
Ukraine,2021,3.1339430809,5.7113199234
United Arab Emirates,2021,4.0058875084,5.8145494461
United Kingdom,2021,3.5814116001,3.3365163803
United States,2021,1.5522269011,8.0124502182
Upper middle income,2021,1.3002918959,8.1242971420
Uruguay,2021,5.2524762154,3.3538088799
Uzbekistan,2021,4.2629485130,3.0321657658
Vanuatu,2021,1.1875762939,4.4153795242
Viet Nam,2021,2.7484502792,5.7647790909
Virgin Islands (U.S.),2021,3.4744980335,5.6421270370
West Bank and Gaza,2021,4.0827784538,2.8932609558
World,2021,0.9599739313,8.2961425781
Zambia,2021,5.1602549553,4.4498791695
Zimbabwe,2021,3.8697290421,2.9993364811
Afghanistan,2022,1.6848438978,0.4725256562
Africa Eastern and Southern,2022,5.0842432976,1.1931674480
Africa Western and Central,2022,5.5941867828,0.6319217086
Albania,2022,4.8075633049,-0.6157178283
Algeria,2022,5.1737599373,0.6399677992
American Samoa,2022,3.1377315521,0.2441910952
Andorra,2022,3.2624554634,-2.0190088749
Angola,2022,5.0512628555,0.0233066026
Antigua and Barbuda,2022,3.5046329498,-1.8052123785
Arab World,2022,4.4488978386,2.1099855900
Argentina,2022,5.3398938179,-1.0258759260
Armenia,2022,2.3378069401,-1.6107106209
Aruba,2022,3.6142079830,-2.2016923428
Australia,2022,5.3260917664,-0.1976384223
Austria,2022,4.8286991119,-0.7528913021
Azerbaijan,2022,5.6115441322,-0.2910016477
"Bahamas, The",2022,2.7756936550,-1.9075763226
Bahrain,2022,4.2726292610,-1.3133215904
Bangladesh,2022,5.2137622833,-1.8525065184
Barbados,2022,2.0330724716,-1.9561455250
Belarus,2022,1.9194090366,0.3647368550
Belgium,2022,4.1690335274,-0.5997165442
Belize,2022,3.2273828983,-1.8468004465
Benin,2022,6.0255832672,-1.7124259472
Bermuda,2022,4.7996606827,-1.5236821175
Bhutan,2022,5.0919737816,-0.7560259104
Bolivia,2022,5.2722711563,-0.1165097728
Bosnia and Herzegovina,2022,4.2967014313,-0.4084223211
Botswana,2022,5.3707833290,-0.7476104498
Brazil,2022,4.7799754143,-0.2597494423
Brunei Darussalam,2022,2.4480705261,0.3531265259
Bulgaria,2022,4.7341742516,-0.5484681726
Burkina Faso,2022,3.8034806252,0.5924296975
Burundi,2022,3.1683237553,0.2498345673
Cabo Verde,2022,1.8650692701,-1.9177511930
Cambodia,2022,5.3854589462,-0.7716025710
Cameroon,2022,4.9151453972,0.6657899618
Canada,2022,5.9898986816,1.7694306374
Caribbean small states,2022,1.9511257410,-1.8546521664
Cayman Islands,2022,5.1004528999,-1.0888618231
Central African Republic,2022,2.4749841690,0.7961238623
Central Europe and the Baltics,2022,3.9802799225,-0.3722323477
Chad,2022,2.2402017117,-1.4687008858
Channel Islands,2022,5.4639029503,-0.9569547772
Chile,2022,4.3136162758,0.9638662338
China,2022,3.0689620972,3.0980358124
Colombia,2022,4.7597284317,-1.4642959833
Comoros,2022,4.0437197685,0.7460287809
"Congo, Dem. Rep.",2022,3.7220368385,-2.0495963097
"Congo, Rep.",2022,3.0058736801,1.4724097252
Costa Rica,2022,4.3280801773,-0.8985133767
Cote d'Ivoire,2022,5.5987825394,-1.6355484724
Croatia,2022,4.0888447762,-1.5224996805
Cuba,2022,2.9452233315,2.2926411629
Curacao,2022,3.7891986370,-2.0044388771
Cyprus,2022,4.1280956268,-2.0593805313
Czechia,2022,4.0011878014,-0.4719663262
Denmark,2022,3.5632162094,0.2193383873
Djibouti,2022,5.0711030960,-0.7877999544
Dominica,2022,2.8301141262,-1.9124970436
Dominican Republic,2022,6.1808881760,-0.1898301542
Early-demographic dividend,2022,3.1563839912,2.7728090286
East Asia & Pacific,2022,2.3654918671,3.1965951920
East Asia & Pacific (IDA & IBRD countries),2022,2.8200953007,3.2702131271
East Asia & Pacific (excluding high income),2022,2.8565907478,3.2483072281
Ecuador,2022,4.7771821022,-1.1487063169
"Egypt, Arab Rep.",2022,5.6665773392,-2.0479793549
El Salvador,2022,4.2572836876,-0.2227548808
Equatorial Guinea,2022,4.3736777306,0.7164316773
Estonia,2022,2.8278901577,-0.4894768298
Eswatini,2022,2.8034229279,0.9964255095
Ethiopia,2022,5.8663578033,-1.0028383732
Euro area,2022,3.2970266342,2.6951653957
Europe & Central Asia,2022,2.6824519634,3.0397608280
Europe & Central Asia (IDA & IBRD countries),2022,3.4584391117,2.2071704865
Europe & Central Asia (excluding high income),2022,4.0327157974,0.3745376766
European Union,2022,3.3715744019,2.6305816174
Faroe Islands,2022,3.7082211971,-0.1526380479
Fiji,2022,2.0717194080,-1.9387137890
Finland,2022,2.7498142719,0.9835412502
Fragile and conflict affected situations,2022,2.4345705509,1.2976976633
France,2022,3.7808384895,1.8182826042
French Polynesia,2022,5.2639880180,-0.0888601542
Gabon,2022,3.7368068695,1.0327373743
"Gambia, The",2022,5.8134131432,-1.6344693899
Georgia,2022,2.9985680580,-1.5911056995
Germany,2022,3.5691287518,2.1181895733
Ghana,2022,4.7410736084,-0.1461597085
Greece,2022,4.5120706558,-0.9776305556
Greenland,2022,3.4392993450,1.0311874151
Grenada,2022,4.2812948227,-1.9459744692
Guam,2022,5.2302851677,-0.5505520105
Guatemala,2022,5.7131872177,1.0139584541
Guinea,2022,4.6852812767,0.3171761036
Guinea-Bissau,2022,5.9711632729,-1.5078454018
Guyana,2022,1.8463020325,-1.7572818995
Haiti,2022,2.0475690365,0.9063223600
Heavily indebted poor countries (HIPC),2022,6.0305438042,0.4708644450
High income,2022,2.3936841488,3.0698878765
Honduras,2022,4.4579868317,-0.4657896757
"Hong Kong SAR, China",2022,3.4774098396,0.5240760446
Hungary,2022,5.1914682388,0.2481676787
IBRD only,2022,2.5161256790,2.8364927769
IDA & IBRD total,2022,2.2445924282,3.0056626797
IDA blend,2022,5.9041309357,0.7045421004
IDA only,2022,6.1431922913,2.0056858063
IDA total,2022,6.0969996452,2.1765437126
Iceland,2022,3.4715361595,-1.5334072113
India,2022,5.4210309982,2.2950880527
Indonesia,2022,6.1047849655,1.3617060184
"Iran, Islamic Rep.",2022,4.5744953156,0.4180259407
Iraq,2022,3.9916758537,-1.9262889624
Ireland,2022,3.8540742397,-1.1011385918
Isle of Man,2022,1.9682084322,0.3767438233
Israel,2022,5.7164011002,-0.8893188834
Italy,2022,5.3622770309,-0.4425451159
Jamaica,2022,4.5978660583,-1.0888961554
Japan,2022,3.2562358379,1.1486114264
Jordan,2022,4.2148418427,0.6431270242
Kazakhstan,2022,5.0240206718,-0.0671629682
Kenya,2022,6.0157198906,-1.2041268349
Kiribati,2022,4.4031763077,-0.5794829726
"Korea, Rep.",2022,3.9128973484,1.3538485765
Kosovo,2022,4.6248412132,-0.4263417125
Kuwait,2022,4.0732240677,-0.9766734838
Kyrgyz Republic,2022,3.2393825054,-1.8254053593
Lao PDR,2022,3.7537641525,0.8184125423
Late-demographic dividend,2022,2.5397436619,3.3992390633
Latin America & Caribbean,2022,5.0524339676,2.6897506714
Latin America & Caribbean (excluding high income),2022,5.3418626785,2.6620895863
Latin America & the Caribbean (IDA & IBRD countries),2022,5.2007689476,2.6110305786
Latvia,2022,3.0782532692,-0.2920690477
Least developed countries: UN classification,2022,6.1810822487,1.8648427725
Lebanon,2022,2.9432902336,0.7087777257
Lesotho,2022,3.6781318188,-0.0223071296
Liberia,2022,5.7273654938,-0.2520689666
Libya,2022,1.8807523251,1.1226809025
Liechtenstein,2022,3.7477409840,-0.8996970654
Lithuania,2022,3.0601260662,-0.5208745599
Low & middle income,2022,2.4342331886,2.8664247990
Low income,2022,4.9906949997,0.7614942789
Lower middle income,2022,4.7290520668,2.6090769768
Luxembourg,2022,2.8529601097,-0.0430161953
"Macao SAR, China",2022,2.0085024834,0.1892423630
Madagascar,2022,5.4235258102,0.1565556824
Malawi,2022,2.4668922424,0.5600341558
Malaysia,2022,3.2841925621,-1.4823452234
Maldives,2022,1.9757434130,-1.6780905724
Mali,2022,5.2653307915,0.6402121782
Malta,2022,4.8971896172,-0.9251766801
Marshall Islands,2022,2.0605413914,0.5263791084
Mauritania,2022,3.9083251953,-1.5834629536
Mauritius,2022,3.5921516418,-1.6754425764
Mexico,2022,4.7866702080,0.6039481759
"Micronesia, Fed. Sts.",2022,1.5583735704,0.6545068026
"Middle East, North Africa, Afghanistan & Pakistan",2022,4.6771411896,2.3872685432
"Middle East, North Africa, Afghanistan & Pakistan (IDA & IBRD)",2022,6.2037591934,2.1208858490
"Middle East, North Africa, Afghanistan & Pakistan (excluding high income)",2022,6.2676310539,2.0783448219
Middle income,2022,2.2862823009,2.9833219051
Moldova,2022,1.8310229778,0.8037289977
Monaco,2022,2.8429224491,-1.7009724379
Mongolia,2022,5.3998532295,-1.3709579706
Montenegro,2022,4.4954094887,-1.7945998907
Morocco,2022,3.7004888058,1.1308666468
Mozambique,2022,5.9542078972,-0.2894689143
Myanmar,2022,5.0645484924,0.3962145150
Namibia,2022,4.5097007751,-1.3585305214
Nauru,2022,3.1573362350,-0.4776915610
Nepal,2022,5.8294095993,-0.9152032733
Netherlands,2022,5.3031983376,-1.1184080839
New Caledonia,2022,4.5079483986,0.9099251032
New Zealand,2022,4.9779734612,0.0729345605
Nicaragua,2022,4.3072676659,0.4432299733
Niger,2022,2.6512734890,-1.6868582964
Nigeria,2022,3.7346622944,-0.3560531735
North America,2022,2.5148651600,3.2344844341
North Macedonia,2022,3.4440577030,-0.7714541554
Northern Mariana Islands,2022,1.9088776112,-1.9466443062
Norway,2022,4.3372697830,0.4978985190
OECD members,2022,2.2471449375,2.9766449928
Oman,2022,3.5936369896,-2.0948081017
Other small states,2022,3.7633953094,-0.7812392116
Pacific island small states,2022,3.1505026817,-2.1545827389
Pakistan,2022,6.3082189560,-0.5424776077
Palau,2022,1.7259212732,0.6764926910
Panama,2022,2.6898925304,-1.4804320335
Papua New Guinea,2022,5.6222524643,-1.7487566471
Paraguay,2022,2.5875940323,0.2210474014
Peru,2022,5.2332901955,1.2386928797
Philippines,2022,4.3180270195,-1.6792272329
Poland,2022,5.3380618095,-1.0805562735
Portugal,2022,3.8429262638,-1.4842300415
Post-demographic dividend,2022,2.1825902462,3.2261760235
Pre-demographic dividend,2022,5.8556375504,0.8496426344
Puerto Rico (US),2022,3.2759315968,0.8572463393
Qatar,2022,4.6372590065,-0.1184966564
Romania,2022,4.7658023834,0.3433470726
Russian Federation,2022,2.2970266342,0.9260450602
Rwanda,2022,3.6183650494,-1.6259342432
Samoa,2022,1.6870633364,0.3235088885
San Marino,2022,3.4778013229,-1.1779140234
Sao Tome and Principe,2022,2.2005214691,0.7017626166
Saudi Arabia,2022,2.1390631199,-2.0984399319
Senegal,2022,4.0083880424,-0.0043627066
Serbia,2022,3.5757634640,-0.5552480817
Seychelles,2022,2.1495325565,-1.6726157665
Sierra Leone,2022,5.8224191666,-1.1321852207
Singapore,2022,5.7035384178,0.5844367743
Sint Maarten (Dutch part),2022,3.0647521019,-2.3287019730
Slovak Republic,2022,2.7433266640,-0.4339687824
Slovenia,2022,3.2227120399,-0.4610339403
Small states,2022,4.1179761887,-2.2178785801
Solomon Islands,2022,3.7418210506,0.1881198436
"Somalia, Fed. Rep.",2022,3.5138807297,1.2661755085
South Africa,2022,4.5908627510,-0.0117613571
South Asia,2022,5.4089260101,2.3302168846
South Asia (IDA & IBRD),2022,5.3753829002,2.3169021606
South Sudan,2022,2.5841367245,1.8741968870
Spain,2022,4.9408335686,-1.1984742880
Sri Lanka,2022,1.6459060907,0.6322672367
St. Kitts and Nevis,2022,2.9185290337,-2.0978863239
St. Lucia,2022,2.0269787312,-1.7633051872
St. Vincent and the Grenadines,2022,3.4870383739,-0.0396971703
Sub-Saharan Africa,2022,6.2216429710,2.1892549992
Sub-Saharan Africa (IDA & IBRD countries),2022,6.1701149940,2.2422170639
Sub-Saharan Africa (excluding high income),2022,6.1424598694,2.2384843826
Sudan,2022,2.5533490181,-0.0282642487
Suriname,2022,3.4504182339,0.7307890654
Sweden,2022,2.7959444523,-0.1146907881
Switzerland,2022,3.8585963249,0.1847766936
Syrian Arab Republic,2022,2.5920026302,0.5148148537
Tajikistan,2022,3.6777067184,-1.9666614532
Tanzania,2022,6.1267266273,-0.0351507813
Thailand,2022,3.5633816719,-0.0917964280
Timor-Leste,2022,1.6657764912,0.6914591193
Togo,2022,5.0734438896,-1.4549603462
Tonga,2022,1.5681847334,0.6696416140
Trinidad and Tobago,2022,2.9384331703,0.2625040710
Tunisia,2022,3.4160137177,-0.2149129361
Turkiye,2022,5.2863273621,-0.9207544327
Turkmenistan,2022,5.7311692238,-1.9466537237
Turks and Caicos Islands,2022,2.0609388351,-1.5771826506
Tuvalu,2022,2.6449987888,0.4516188204
Uganda,2022,5.8756594658,-0.3659669161
Ukraine,2022,1.7843679190,0.9609541297
United Arab Emirates,2022,3.9121870995,-2.0562529564
United Kingdom,2022,4.7923302650,2.1113963127
United States,2022,2.5593693256,3.2155025005
Upper middle income,2022,2.3887248039,3.3987026215
Uruguay,2022,5.6535658836,0.1946263462
Uzbekistan,2022,5.1073698997,-1.5295124054
Vanuatu,2022,5.7992043495,-0.7339251637
Viet Nam,2022,3.1102230549,-1.3286594152
Virgin Islands (U.S.),2022,2.2250685692,-0.0579210445
West Bank and Gaza,2022,4.2624845505,0.0003987888
World,2022,2.2299053669,3.0554141998
Zambia,2022,5.5347652435,-0.6290659308
Zimbabwe,2022,4.4606332779,-1.4935462475
Afghanistan,2023,1.8926197290,4.7290472984
Africa Eastern and Southern,2023,0.0375087522,6.4458789825
Africa Western and Central,2023,0.1181818917,5.3755035400
Albania,2023,0.4333091676,3.2226860523
Algeria,2023,0.0693699643,4.1313347816
Andorra,2023,1.2699201107,4.5456418991
Angola,2023,1.6986845732,5.6927671432
Antigua and Barbuda,2023,1.5947035551,4.2078685760
Arab World,2023,0.3192592561,7.3397860527
Argentina,2023,0.9615133405,4.2166042328
Armenia,2023,-1.4939699173,6.3045673370
Aruba,2023,-0.1654742360,3.2523689270
Australia,2023,-0.1325020790,5.6812634468
Austria,2023,1.7819303274,6.8120865822
Azerbaijan,2023,1.3342682123,5.1501407623
"Bahamas, The",2023,0.6549489498,4.7341818810
Bahrain,2023,0.6462763548,2.9197726250
Bangladesh,2023,-0.5285198092,4.4342927933
Barbados,2023,0.1347354949,2.9380736351
Belarus,2023,0.1024718061,3.7854385376
Belgium,2023,0.9409000278,5.5977277756
Belize,2023,1.7489390373,5.3802108765
Benin,2023,-0.5041787624,4.9366607666
Bermuda,2023,-1.2966741323,4.1649045944
Bhutan,2023,-0.6065708399,4.2477765083
Bolivia,2023,0.4377041757,4.7281818390
Bosnia and Herzegovina,2023,1.0177485943,5.1138682365
Botswana,2023,1.2643100023,3.6994402409
Brazil,2023,0.0362575054,6.1537117958
Brunei Darussalam,2023,1.2830413580,5.8366155624
Bulgaria,2023,1.2888923883,4.9717178345
Burkina Faso,2023,1.2767579556,4.1167764664
Burundi,2023,1.5208806992,3.7693057060
Cabo Verde,2023,-1.2861869335,4.7565670013
Cambodia,2023,-0.3028969169,4.0235776901
Cameroon,2023,0.6382459402,3.8743329048
Canada,2023,-0.0035455413,7.1245913506
Caribbean small states,2023,-1.5825630426,6.1602311134
Cayman Islands,2023,-0.4303373694,3.4902436733
Central African Republic,2023,1.0690382719,6.7048535347
Central Europe and the Baltics,2023,0.6434426904,6.3989381790
Chad,2023,-0.0337746106,3.1623563766
Channel Islands,2023,0.7153242230,3.4939703941
Chile,2023,1.7228826284,5.4433999062
China,2023,0.2455946803,8.4827947617
Colombia,2023,1.0780171156,5.4924020767
Comoros,2023,1.5323503017,3.4231717587
"Congo, Dem. Rep.",2023,-1.2172633410,5.8324155807
"Congo, Rep.",2023,1.3010680676,5.3391332626
Costa Rica,2023,-0.9705133438,4.1619715691
Cote d'Ivoire,2023,-0.6732515693,5.1909666061
Croatia,2023,0.5480450392,3.3117446899
Cuba,2023,1.2542163134,8.2424068451
Curacao,2023,-0.2673776746,3.4407608509
Cyprus,2023,0.5534100533,4.3120989799
Czechia,2023,1.5116125345,6.4459567070
Denmark,2023,0.5274904966,4.6917710304
Djibouti,2023,-0.0413607098,4.7781577110
Dominica,2023,0.5542990565,3.7533793449
Dominican Republic,2023,0.8087188005,5.0574841499
Early-demographic dividend,2023,0.1867579371,8.1865262985
East Asia & Pacific,2023,0.6651671529,8.9303035736
East Asia & Pacific (IDA & IBRD countries),2023,0.1836803108,8.7360210419
East Asia & Pacific (excluding high income),2023,0.2930552959,8.7289037704
Ecuador,2023,0.9817597866,4.9620771408
"Egypt, Arab Rep.",2023,0.9153571725,3.3187177181
El Salvador,2023,0.4112845063,3.2536873817
Equatorial Guinea,2023,1.5992058516,7.5135927200
Estonia,2023,1.5315369368,6.9841017723
Eswatini,2023,1.0823273659,3.2079880238
Ethiopia,2023,0.5564008355,8.8101434708
Euro area,2023,0.1110320762,7.9758419991
Europe & Central Asia,2023,0.5729007125,8.4987459183
Europe & Central Asia (IDA & IBRD countries),2023,-0.1384828091,7.6106486320
Europe & Central Asia (excluding high income),2023,-1.0612795353,4.3406906128
European Union,2023,0.1223951802,7.8303871155
Faroe Islands,2023,1.8761181831,4.2528486252
Fiji,2023,-0.2704116106,4.9326162338
Finland,2023,1.9093767405,6.6768860817
Fragile and conflict affected situations,2023,0.1571278125,6.7473435402
France,2023,0.3293783963,6.9240822792
French Polynesia,2023,1.6848109961,3.9438054562
Gabon,2023,0.7746601105,4.5373077393
"Gambia, The",2023,-0.1287627816,3.5762019157
Georgia,2023,-1.1928540468,4.8523106575
Germany,2023,0.2567920387,7.5267195702
Ghana,2023,1.3046967983,3.4485306740
Greece,2023,0.8618519902,4.4732527733
Greenland,2023,2.1727576256,5.8501210213
Grenada,2023,-1.1833987236,3.7268235683
Guatemala,2023,0.6723918319,3.4108958244
Guinea,2023,-1.3124188185,4.9456481934
Guinea-Bissau,2023,-0.3508327901,4.0253577232
Guyana,2023,-1.4085010290,6.3716673851
Haiti,2023,1.7672631741,7.3136558533
Heavily indebted poor countries (HIPC),2023,-0.2808799148,5.9828372002
High income,2023,0.8464487195,8.9114608765
Honduras,2023,0.8101461530,3.6714074612
"Hong Kong SAR, China",2023,0.4687247872,3.9861893654
Hungary,2023,1.6282461882,6.3865809441
IBRD only,2023,0.9391851425,8.7454767227
IDA & IBRD total,2023,0.7949842811,8.8987684250
IDA blend,2023,0.1147147715,6.0197038651
IDA only,2023,-0.4787353873,6.6051363945
IDA total,2023,-0.4466558695,6.6258149147
Iceland,2023,-1.3837912083,3.8184206486
India,2023,-1.5251129866,6.7168259621
Indonesia,2023,-0.2190629840,4.7176175117
"Iran, Islamic Rep.",2023,-0.1204844192,3.6891357899
Iraq,2023,1.5713254213,5.6987304688
Ireland,2023,1.7893990278,6.2635698318
Israel,2023,0.8858087063,5.1574592590
Italy,2023,0.1089779213,6.2769389153
Jamaica,2023,1.3614658117,4.4630746841
Japan,2023,-0.0010159834,6.8469643593
Jordan,2023,0.6630126238,4.1326837540
Kazakhstan,2023,-0.7205531597,4.2747211456
Kenya,2023,-0.1588276774,4.2511649132
Kiribati,2023,1.3430912495,4.5692405701
"Korea, Rep.",2023,0.2281645983,6.7375974655
Kosovo,2023,0.2368745655,3.1466600895
Kuwait,2023,1.5728589296,7.7174544334
Kyrgyz Republic,2023,-1.5683944225,5.7677292824
Lao PDR,2023,1.0211439133,3.1971035004
Late-demographic dividend,2023,0.6328677535,9.0342454910
Latin America & Caribbean,2023,-0.3110978603,7.6386475563
Latin America & Caribbean (excluding high income),2023,-0.4209146500,7.5510506630
Latin America & the Caribbean (IDA & IBRD countries),2023,-0.3389993012,7.6389198303
Latvia,2023,0.3772277832,4.0741600990
Least developed countries: UN classification,2023,-0.4705323577,6.3725547791
Lebanon,2023,2.3573105335,6.5842733383
Lesotho,2023,0.8973731399,5.1610465050
Liberia,2023,-0.9688153267,4.0959777832
Libya,2023,-1.4915044308,6.4439234734
Liechtenstein,2023,0.1112596095,4.5674138069
Lithuania,2023,1.8006943464,6.1905922890
Low & middle income,2023,1.0081057549,8.6936426163
Low income,2023,0.9057998061,7.0524311066
Lower middle income,2023,-0.1663133651,7.6576342583
Luxembourg,2023,0.6954473257,5.6259565353
"Macao SAR, China",2023,-1.6904370785,6.4430122375
Madagascar,2023,-0.2502712309,2.9922137260
Malawi,2023,2.1491317749,5.0833425522
Malaysia,2023,0.8093477488,3.5661578178
Maldives,2023,-0.5094680190,3.0119616985
Mali,2023,-0.7155238986,3.7707691193
Malta,2023,0.0613703988,3.6774859428
Marshall Islands,2023,1.9172316790,7.4257559776
Mauritania,2023,-1.2472168207,5.3473691940
Mauritius,2023,-0.5924935341,3.9334456921
Mexico,2023,0.1147919595,5.9058399200
"Micronesia, Fed. Sts.",2023,2.2578675747,6.0441646576
"Middle East, North Africa, Afghanistan & Pakistan",2023,0.0952274278,7.2968511581
"Middle East, North Africa, Afghanistan & Pakistan (IDA & IBRD)",2023,-0.4029300511,6.7623214722
"Middle East, North Africa, Afghanistan & Pakistan (excluding high income)",2023,-0.3407649100,6.6963095665
Middle income,2023,0.8728235960,8.8528146744
Moldova,2023,2.0720140934,5.7331132889
Monaco,2023,-0.8883871436,4.4072751999
Mongolia,2023,-1.2766182423,5.5619554520
Montenegro,2023,-0.8324059844,3.3840651512
Morocco,2023,0.7589036226,3.9296786785
Mozambique,2023,-0.4280297756,4.9801564217
Myanmar,2023,1.6248942614,6.0332517624
Namibia,2023,-0.7166619301,3.2750084400
Nauru,2023,2.0386250019,5.8682370186
Nepal,2023,1.6269735098,4.4878849983
Netherlands,2023,1.0439301729,5.9394907951
New Zealand,2023,0.4822485149,6.2460136414
Nicaragua,2023,-0.3370902240,3.8198606968
Niger,2023,0.6820082068,6.6844396591
Nigeria,2023,1.7316343784,3.7549176216
North America,2023,0.6858808398,9.1321601868
North Macedonia,2023,0.8264143467,4.7095422745
Norway,2023,2.1378557682,5.6720705032
OECD members,2023,1.0193235874,9.1239643097
Oman,2023,1.0744550228,5.7357416153
Other small states,2023,0.9185949564,4.5744490623
Pacific island small states,2023,-1.0540865660,3.8220949173
Pakistan,2023,2.1122608185,6.8164811134
Palau,2023,1.1009014845,5.3275198936
Panama,2023,-1.3016748428,5.5424404144
Papua New Guinea,2023,0.7519058585,2.8159389496
Paraguay,2023,-1.2395005226,3.9214899540
Peru,2023,1.3191217184,7.2175908089
Philippines,2023,-1.0634512901,4.0581517220
Poland,2023,1.7346535921,5.9978966713
Portugal,2023,0.3946684897,4.8654918671
Post-demographic dividend,2023,0.9979951382,8.8999052048
Pre-demographic dividend,2023,0.1771467030,6.5914955139
Puerto Rico (US),2023,2.1771912575,6.0994682312
Qatar,2023,1.5308134556,6.2911186218
Romania,2023,0.6669957638,5.0187687874
Russian Federation,2023,-0.2819087803,5.6748862267
Rwanda,2023,-1.3473975658,5.9909520149
Samoa,2023,-1.6103092432,5.4125761986
San Marino,2023,-0.7190898657,7.3438196182
Sao Tome and Principe,2023,2.2883315086,6.3603591919
Saudi Arabia,2023,0.7204234600,7.0690221786
Senegal,2023,-0.5094426274,3.8492507935
Serbia,2023,0.4893462956,2.9975087643
Seychelles,2023,1.5241075754,4.7970561981
Sierra Leone,2023,-0.3496781290,3.8037884235
Singapore,2023,0.7146862149,7.2648735046
Sint Maarten (Dutch part),2023,0.6229610443,3.1614124775
Slovak Republic,2023,1.4415642023,4.9496488571
Slovenia,2023,0.4224235117,5.0594620705
Small states,2023,-0.7363246083,3.4399926662
Solomon Islands,2023,1.4063121080,4.2987260818
"Somalia, Fed. Rep.",2023,-0.0834553540,3.4013907909
South Africa,2023,0.6126999855,6.2309350967
South Asia,2023,-1.4129226208,6.8902239799
South Asia (IDA & IBRD),2023,-1.5213904381,6.7688040733
South Sudan,2023,0.6619442701,7.6997494698
Spain,2023,0.1202206910,6.3845410347
Sri Lanka,2023,1.6128294468,7.5367960930
St. Kitts and Nevis,2023,-0.4706338048,3.1841318607
St. Lucia,2023,1.9166607857,4.5285220146
St. Vincent and the Grenadines,2023,-1.4705941677,4.6519823074
Sub-Saharan Africa,2023,-0.4617581964,7.0462331772
Sub-Saharan Africa (IDA & IBRD countries),2023,-0.5065242648,7.0468606949
Sub-Saharan Africa (excluding high income),2023,-0.4063655138,7.0716094971
Sudan,2023,1.9757305384,7.3330354691
Suriname,2023,1.8758974075,4.0585646629
Sweden,2023,2.1604311466,6.1568369865
Switzerland,2023,1.3310011625,6.3318572044
Syrian Arab Republic,2023,1.6938806772,6.9977169037
Tajikistan,2023,-1.2967754602,5.8311309814
Tanzania,2023,-0.8208689690,4.5795359612
Thailand,2023,0.5365768075,5.5098443031
Timor-Leste,2023,1.7301812172,7.6290965080
Togo,2023,-0.9105094671,4.9205884933
Tonga,2023,0.6866555810,5.3845701218
Trinidad and Tobago,2023,1.8992018700,5.3772902489
Tunisia,2023,0.8803121448,6.1572456360
Turkiye,2023,-0.6859465241,3.7237594128
Turkmenistan,2023,-0.4279152751,4.5659532547
Turks and Caicos Islands,2023,-1.6530818939,6.0141658783
Tuvalu,2023,0.7926316261,2.9758658409
Uganda,2023,-0.4367116988,4.3845005035
Ukraine,2023,-1.5095963478,4.2206068039
United Arab Emirates,2023,0.9870767593,2.8703713417
United Kingdom,2023,0.4372635186,6.9619412422
United States,2023,0.5364995003,9.1338653564
Upper middle income,2023,0.8719893694,9.0831975937
Uruguay,2023,1.3973098993,5.8170962334
Uzbekistan,2023,-0.9063851237,4.6333870888
Vanuatu,2023,1.9043822289,7.2613682747
Viet Nam,2023,-1.5349974632,4.4416623116
West Bank and Gaza,2023,1.8040225506,7.4444408417
World,2023,1.0334216356,8.6973915100
Zambia,2023,-1.5047658682,4.4449119568
Zimbabwe,2023,-1.1184703112,3.4834375381
