k,inertia,silhouette,calinski_harabasz,davies_bouldin
2,1799.901980113174,0.16547690962217346,41.45636149919456,2.0084949306040207
3,1565.9911521966505,0.17854268836198542,43.00097179487507,1.461989908453545
4,1380.2938415934352,0.23897105478704972,43.923131251657054,1.3750646053355267
5,1235.2571967941196,0.24249733408194674,44.18151907701248,1.2678731298430237
6,1105.3461105539916,0.2005818845219278,45.33905523639919,1.2817368017394528
