Period,Years,Silhouette,Calinski_Harabasz,Davies_Bouldin,Inertia
PRE,2010-2014,0.18188701392931148,44.38679980981392,1.8184132061235865,1560.969552012428
POST,2015-2019,0.17854268836198542,43.00097179487507,1.461989908453545,1565.9911521966505
